hour,open,high,low,close,impact_p90,tier,base_250,base_500,base_1500,quote_250,quote_500,quote_1500
2026-08-20 14:30:00,0.028953926116051215,0.030091596320232606,0.028953926116051215,0.030091596320232606,1,Ghost,-1.5762738814196449,-1.5762738814196449,-1.5762738814196449,6.524990897810813,13.134185675553464,40.48348762864813
2026-08-20 15:15:00,0.0284678622635193,0.030275317822076105,0.027481798237772092,0.028498473847543532,1,Ghost,-17.377609337967684,-34.1308354268489,-42.1870286588273,17.814816385704383,35.85952989823116,110.52979384220599
2026-08-20 15:30:00,0.02851824399267241,0.030269583440152792,0.01896854571071339,0.022455475421967897,1,Ghost,-15.425539252854128,-30.296833780195033,-84.86473214853781,15.813633745331568,31.831339701342433,98.11370714829587
2026-08-20 15:45:00,0.022536637737496725,0.039999999999999994,0.01132496692923944,0.012911994178045153,1,Ghost,-31.851984822063468,-62.55951729822346,-176.6521579133672,31.489868762488893,60.588432590965525,181.00028839319637
2026-08-20 16:00:00,0.013622709931995667,0.01442340139938886,0.01179859592855511,0.012521179965640674,1,Ghost,-535.544226592803,-899.7326585252565,-1757.8646022882624,414.86316181493413,815.8539441796772,2418.133416742882
2026-08-20 16:15:00,0.012515722534293738,0.012515722534293738,0.011207521288805387,0.012137819828988424,0.7793456831654056,Ghost,-517.3550044549954,-1063.4126013157802,-2037.5606459127844,436.261448717656,958.0112011229114,2848.6039367664735
2026-08-20 16:30:00,0.012161623012288228,0.013822550985696803,0.011319816796483001,0.013683265081245644,1,Ghost,-276.6756108443939,-530.345573581862,-1450.9968956199739,283.73334159884274,829.1124551970227,2798.279959679657
2026-08-20 16:45:00,0.013679157116895425,0.015250521140434457,0.012636568089306131,0.013394635920285452,1,Ghost,-92.57642877069378,-207.17691618413858,-1678.956773818098,93.86598462331968,187.52746255007136,2083.486661652513
2026-08-20 17:00:00,0.01333758361585013,0.014076132780613782,0.012826440586525356,0.01322069897576648,1,Ghost,-398.66489368003613,-1002.8383041143475,-2551.081260568188,270.03980554216344,527.9206768540507,2441.232061869786
2026-08-20 17:15:00,0.013216743440367364,0.013239882903738055,0.012330123274173195,0.012722665399484625,0.9965459903553892,Ghost,-567.6387886083774,-1283.5028664451313,-3643.023948672622,535.191008851452,1195.644627966967,3517.9771284966127
2026-08-20 17:30:00,0.012688052431993916,0.013329327344836047,0.012575391682564052,0.012575391682564052,0.5457379063716666,Ghost,-795.7623219027191,-1495.8499493868708,-4317.382100809817,631.3823375703115,1279.2086153833266,3682.9025385153723
2026-08-20 17:45:00,0.012572345374005816,0.012685350328286178,0.012274136585245345,0.01227454063051858,0.5000050736781915,Ghost,-617.9040004647526,-1583.8111050931332,-4672.6660532834685,674.0796678047094,1252.005960874029,3555.595339931758
2026-08-20 18:00:00,0.012290833595436161,0.01236359674335018,0.011516420101330551,0.011810071416771182,0.49357577308149053,Ghost,-894.128783718991,-2023.8374062746598,-4360.656233959851,741.7751981155062,1448.5488203119353,3564.9737287677203
2026-08-20 18:15:00,0.011823596245141267,0.013015623134091287,0.011286397060885111,0.012839168233330228,0.4087254383208667,Ghost,-439.5675203018509,-794.0530936428522,-2010.741554725517,744.5134308863906,1822.4661427486108,5549.796419488495
2026-08-20 18:30:00,0.012849305707045787,0.013550971541735951,0.012371040788020834,0.01343766279603865,0.8280582389993476,Ghost,-602.9423765550466,-1398.0089867622798,-2715.871379901047,419.9545781889745,924.5511512172994,3838.7893384537183
2026-08-20 18:45:00,0.013480686206424468,0.015040231368637219,0.012887656822420974,0.013803941403337652,1,Ghost,-643.5778797406115,-1432.5893171630817,-2584.22930496858,417.7740627929795,732.1291552308905,2194.4860725531626
2026-08-20 19:00:00,0.013798181939594605,0.01769064271465798,0.012516873138612071,0.016525194063001677,0.9302959917160392,Ghost,-2157.4571182815575,-3909.621551213356,-9893.704392857315,2208.0253513187354,4437.831989928847,5868.205412290219
2026-08-20 19:15:00,0.016515951322971473,0.017039863843662587,0.014230870681256943,0.015528833498584521,1,Ghost,-524.2944734962391,-1743.6949010254798,-7649.502387261346,354.74205499547844,726.3727153365157,2345.143716563828
2026-08-20 19:30:00,0.015494602584285392,0.01904359147226214,0.014875663985847587,0.01904359147226214,0.8279348517708641,Ghost,-1365.7011531467572,-2674.2159758102903,-7384.39567002225,1464.0422869609881,4482.095507209416,7637.549576132596
2026-08-20 19:45:00,0.019042806714895864,0.023369602507071815,0.01884427915983346,0.02131195378794216,0.1871081022519352,Very Thin,-1547.9465669541614,-3040.2335325990052,-8318.54250378933,1586.6586659061702,3214.2236378892107,14255.724202196936
2026-08-20 20:00:00,0.021310171707242465,0.024626236954153793,0.021310171707242465,0.024036279686686066,0.165839617846665,Very Thin,-1604.5332404586773,-3151.4150710795357,-8655.324044941655,1645.640511363599,3311.7582941577157,10126.469129310552
2026-08-20 20:15:00,0.024022280223598147,0.02672200416522699,0.0231203015595319,0.026718748588773968,0.4183052580996765,Ghost,-3345.02251999402,-6505.284624355433,-17904.4694994914,3457.9802366907747,7006.67241001918,21768.972281915678
2026-08-20 20:30:00,0.026737997366415557,0.028102464921616995,0.023347435115065505,0.024442961498080125,0.3204267848334942,Ghost,-5831.654702624622,-12646.047443181747,-23464.925477434936,4424.4297455755805,5293.246701810719,8795.967745193197
2026-08-20 20:45:00,0.024442229105676762,0.024632145046221982,0.019498268297068695,0.022241142236290933,0.21159228040254593,Very Thin,-1933.8605005877914,-5708.178523096597,-19873.917402555013,882.8074593916917,1761.8416357760477,5133.888810504297
2026-08-20 21:00:00,0.022215761279907646,0.02334741821227956,0.0209736531502148,0.02128642235417117,0.31699507328619897,Ghost,-843.5776474406493,-1651.3063617175758,-15622.485536665063,847.3187071700773,1624.7473952998855,6539.941624838826
2026-08-20 21:15:00,0.02126488789796828,0.021492037667425985,0.019804810263820544,0.020979988843388152,0.3651577277010693,Ghost,-4967.728141789608,-9747.839813856443,-19256.110937686968,2506.1915576345777,3313.0591409608332,8918.678575161088
2026-08-20 21:30:00,0.02094752444074905,0.023036229281549157,0.020824028031598597,0.02291308807104445,0.2835145822037467,Ghost,-5181.350555852939,-10711.606517174041,-20772.298689003142,2503.3197451438623,3473.395336290042,7203.787628421226
2026-08-20 21:45:00,0.022926324647974578,0.025686402093023007,0.02292559135473062,0.02506374887743614,0.09043226027455198,Thin,-4878.089863943652,-7661.82823631805,-17648.12509656567,6466.139277771661,9819.783440024574,14416.400886389107
2026-08-20 22:00:00,0.02503387553824986,0.027721107607438608,0.024599280198541497,0.025545647223718188,0.22720034286746943,Very Thin,-5569.502272247947,-11809.443561276146,-21795.996146700014,2663.4923249560366,3849.871385086746,8736.523904331207
2026-08-20 22:15:00,0.025481126386827518,0.02653050427138662,0.022747300950935252,0.023864975233668092,0.23580223119021826,Very Thin,-1560.2590226216191,-5036.842889015111,-19517.92892616378,1129.748059113167,2268.7417774714218,6729.211415014155
2026-08-20 22:30:00,0.023850354917787975,0.023855636508507663,0.021792235438677397,0.02354978316477647,0.24493641936475483,Very Thin,-5022.77280202382,-11183.236522426378,-20207.212526319552,2478.5414212137835,3720.258195146284,8982.34492825016
2026-08-20 22:45:00,0.023548605278525727,0.02464528117001077,0.02278495813609398,0.024109275221137608,0.20235627754084273,Very Thin,-3381.0700494045373,-9485.037814398003,-20558.097381696924,1444.7189516300775,2771.5059129331244,8201.446623700416
2026-08-20 23:00:00,0.022880615533792645,0.02407351912482171,0.022538395410757726,0.022818428988804974,0.20695414561344488,Very Thin,-1245.9384971446177,-2436.9007028068627,-17255.177721187407,1273.2126618610282,2552.1497753438816,7853.696289225558
2026-08-20 23:15:00,0.022813364885288907,0.023971860190277545,0.022574845382304892,0.022616196057423595,0.20638015339959756,Very Thin,-1254.4790031234309,-2463.4513524788804,-16793.149639640156,1275.7058411502635,2555.1226256370865,8041.862388497482
2026-08-20 23:30:00,0.022609912819374887,0.02277075946055717,0.02020885745751443,0.021816309221813983,0.21143651745572448,Very Thin,-1251.269016504259,-3184.668342233173,-17943.95456199741,1268.3444676404833,2483.800142666211,8602.2574654215
2026-08-20 23:45:00,0.021810458775777825,0.022038697736080325,0.021179400845144775,0.02168368919004491,0.20920681652233974,Very Thin,-4350.570354755665,-10832.658860407606,-19739.541222089083,2318.241994905573,3521.253925820383,9763.828800017323
2026-08-21 00:00:00,0.021681673431191893,0.021681673431191893,0.020590376915040443,0.02164844129483033,0.08929675434195725,Thin,-4124.975304675259,-10849.092623250368,-19788.897077419286,2216.7346376975706,3419.773837369316,9706.478412312463
2026-08-21 00:15:00,0.021645908670851356,0.023118992835556917,0.021552737560558213,0.02248128254786164,0.18442886982119894,Very Thin,-1399.3057544195067,-4232.197172449967,-18861.823350347797,1421.505612629199,2857.9350205296982,8906.015059434872
2026-08-21 00:30:00,0.02252035141070002,0.023202974705263515,0.02240852215164274,0.02240852215164274,0.18253141193877465,Very Thin,-1396.9303309760471,-3933.117193708876,-18697.209321791197,1418.5400409399901,2852.7940740987606,8952.576113346042
2026-08-21 00:45:00,0.022405603706492878,0.022405603706492878,0.021445452882046113,0.021445452882046113,0.18949627044929712,Very Thin,-1987.9558364111467,-5755.713713652871,-19290.7789192883,1347.1835095994506,2657.530277909944,9539.064135049306
2026-08-21 01:00:00,0.021440219191934135,0.022446395869546637,0.02119302853963231,0.022309361988232093,0.18808192025385823,Very Thin,-6006.266284394046,-10860.454555015784,-19405.10113373093,3382.438877742537,4837.863060844245,10985.226004630129
2026-08-21 01:15:00,0.022296943789977625,0.022296943789977625,0.021475745738630956,0.021625127880279787,0.18326186944617393,Very Thin,-1405.1623826853847,-3569.2531680095044,-18551.77908545112,1429.9712937030206,2780.3118547583513,9547.373658278244
2026-08-21 01:30:00,0.021561330935352903,0.021561330935352903,0.01996590510412549,0.020198732868281624,0.20540619399730248,Very Thin,-1246.4240995219816,-2724.4977860269887,-17310.30358657383,1260.677296590958,2901.932783523456,10494.726295384213
2026-08-21 01:45:00,0.020188944481420643,0.020545803503092926,0.0192714641466811,0.0192714641466811,0.20772843326779095,Very Thin,-1496.9268580586408,-3735.83613150205,-17546.39641365065,1797.952805433406,3592.385794881794,10970.437773500575
2026-08-21 02:00:00,0.019268960613711857,0.020157347429789977,0.019197864462275203,0.019647107078348925,0.21228374805525807,Very Thin,-1990.0039044339987,-5663.495240131051,-18087.57935078349,1697.835056913409,3537.385176525764,11028.637956334589
2026-08-21 02:15:00,0.019645207650545907,0.019645207650545907,0.018194137310311054,0.018194137310311054,0.15027061056629884,Very Thin,-1694.7500332302304,-4438.005282029878,-17886.51921560047,1724.499777825815,3459.4692526268855,10589.349463447561
2026-08-21 02:30:00,0.01815925498600921,0.019472815207618153,0.01815925498600921,0.018496432351844862,0.14859843395296196,Very Thin,-2399.1900823356477,-6422.150990630757,-18405.936760084893,1749.9286593122345,3504.7186920629465,10701.811024736375
2026-08-21 02:45:00,0.01849400080200719,0.01908064511673484,0.018420803043111614,0.01866472061847796,0.14876526520623456,Very Thin,-2998.955872203396,-8032.1730553132375,-18690.40601251828,1759.892029144402,3529.0491347060606,10765.583871737846
2026-08-21 03:00:00,0.018663490885793835,0.018663490885793835,0.01842513898784914,0.018582793381288334,0.14858817784617848,Very Thin,-2672.2447565641896,-7056.9846605828025,-18496.94078596245,1751.5008269378263,3515.0008144288818,10718.659773422041
2026-08-21 03:15:00,0.01856903318251925,0.018601121943026024,0.018442514364374107,0.018551880342247452,0.14885293278122308,Very Thin,-2576.074726293708,-6791.635751229973,-18460.166254512653,1752.3098349094194,3516.2146309782393,10722.501998505146
2026-08-21 03:30:00,0.018551713659619083,0.0186996267956123,0.01830216953524074,0.018645372474580528,0.14869195725587253,Very Thin,-2878.509482156396,-7808.532128022029,-18603.35146943376,1761.4854609926326,3534.8464943002377,10777.607680139876
2026-08-21 03:45:00,0.018644397678184675,0.018644397678184675,0.01846370881769434,0.018554677693047018,0.14834096771738076,Very Thin,-2792.80510126235,-7051.324265316194,-18800.236580367204,1794.367426230525,3594.2759171983703,10943.92666706595
2026-08-21 04:00:00,0.018567984727462163,0.018726196985376826,0.018502107573921216,0.018709842179532525,0.14559452766301412,Very Thin,-3353.640264235917,-8657.01988742597,-18893.84247181977,1954.588260981159,3764.175563982858,11158.844916889437
2026-08-21 04:15:00,0.01870887623779181,0.019216335877111704,0.018645067710619297,0.019048640636969948,0.14198018870583096,Very Thin,-2495.422320649742,-6097.550436053962,-18359.040753203793,1989.3949517210522,3863.83888485762,11410.827346180062
2026-08-21 04:30:00,0.01904370974323069,0.019438620502177484,0.01895346621458251,0.019424433861198867,0.14219273031480695,Very Thin,-3553.4584187757987,-9596.709109669504,-18495.257555279033,2273.9407160967107,4147.470341903043,11798.478653073607
2026-08-21 04:45:00,0.019422714437732823,0.01972233625890012,0.019363411216826658,0.01956845468704144,0.1973095988575992,Very Thin,-1801.5266705695926,-5273.586573436873,-17921.576055242425,1263.28741229632,2462.660048179806,9933.365231514079
2026-08-21 05:00:00,0.019564612244897944,0.0202244496157087,0.019512635367732525,0.0202244496157087,0.19763367701317042,Very Thin,-4371.342543064554,-10588.434064284867,-18539.64272662446,2382.543260975419,3711.0893306243306,10246.977121633683
2026-08-21 05:15:00,0.020222707318106596,0.020222707318106596,0.019000751378087266,0.01905201734828169,0.21233412267524368,Very Thin,-1207.2569020007338,-2777.723642016472,-16569.633301447022,1169.726013557324,2349.1142365483834,10574.865565577444
2026-08-21 05:30:00,0.019009512285069273,0.019107510261968937,0.01818886365457501,0.01818886365457501,0.23106751817491977,Very Thin,-1177.5655561630697,-3439.7430693705537,-16582.191515097085,1637.4726969254077,3641.057466034894,11793.745463799942
2026-08-21 05:45:00,0.018267876032390246,0.019590965751117826,0.01794113874927738,0.018994474055721074,0.2310671263820694,Very Thin,-1824.617252029635,-5318.786966790987,-17725.793804733014,1294.866819193587,2535.344128177313,10954.255786237067
2026-08-21 06:00:00,0.01899100516962344,0.021159680324070045,0.018761707961157125,0.020147543780302198,0.201769183243629,Very Thin,-1958.9143815434663,-5607.572745509801,-18292.794672914635,1542.0946407074002,3107.7207755240324,10535.180347330148
2026-08-21 06:15:00,0.020144253329004578,0.021390156519360527,0.019604852288465164,0.020352777619435297,0.17152810658940087,Very Thin,-1504.5291144421801,-2997.571281157524,-17416.78505736825,1544.6048882596451,3119.1579957471386,10457.550151032578
2026-08-21 06:30:00,0.020351101670243774,0.021903013285482973,0.01762933627629618,0.01762933627629618,0.19607280505208632,Very Thin,-1910.5842043602347,-3128.3268825894843,-7870.800994907036,2078.689678883913,4175.981110107808,12706.003414561372
2026-08-21 06:45:00,0.01760921553166159,0.018621762081814385,0.017567189014087468,0.018607633558105786,0.12356948327989574,Very Thin,-3316.6854469487075,-9028.46198990657,-18025.07857690601,1582.4955132883706,3539.0461720101475,12598.304101898377
2026-08-21 07:00:00,0.018606890601915123,0.020091379537124025,0.018525309356742653,0.01907083684805119,0.1644242820731557,Very Thin,-1623.8719111509984,-4149.001891997923,-17821.360712568843,1678.3775854881492,3264.5565028943242,12762.301313638018
2026-08-21 07:15:00,0.019069226456389202,0.019069226456389202,0.01822257533402461,0.01858774247743659,0.17005377049149942,Very Thin,-3386.04338055032,-9069.004760783113,-17983.747942247155,1674.2771908195448,3828.076504611191,13307.769446484659
2026-08-21 07:30:00,0.018605554888122027,0.018750524426971386,0.018414169818179973,0.018438638862272788,0.16793675635905295,Very Thin,-2620.4355752696983,-7235.1087480766155,-17937.291950019815,1568.4812451491077,3934.068845146567,13376.570156777445
2026-08-21 07:45:00,0.018433204998501235,0.018514585472588448,0.017817566162674433,0.01788203765802864,0.16932803630158932,Very Thin,-1752.7319299409878,-3891.8068616771993,-17288.065885017335,2330.79705274703,4603.367423498241,13810.486070368763
2026-08-21 08:00:00,0.017881278023482647,0.018319309087079443,0.017700851189493914,0.018288115186363876,0.16916361395017354,Very Thin,-2132.2353623071394,-5874.61077564876,-17708.21793274612,1818.1627849131812,4153.689035023592,13531.986538175137
2026-08-21 08:15:00,0.018284716829512705,0.01831408300146588,0.01783127548349509,0.01783127548349509,0.1772575755227755,Very Thin,-1761.753654093131,-3742.132222256108,-17246.426953445847,2279.5231042985765,4550.243500198657,13736.011712037915
2026-08-21 08:30:00,0.017830419043231547,0.017935967754812904,0.017751642877941554,0.017782687158166607,0.11175807868422094,Very Thin,-1869.9713084809641,-3692.313857515114,-17276.56646149713,2364.6576995002256,4631.173874986558,13797.016910127999
2026-08-21 08:45:00,0.01776606470535157,0.01780408600775306,0.017226622873072084,0.017226622873072084,0.11680375656526336,Very Thin,-2896.6383771001983,-7024.284607954678,-18148.866729206624,2410.1794525456457,4645.897993600078,13703.863872662801
2026-08-21 09:00:00,0.017224674170429465,0.017240768912918387,0.016869355123236084,0.016869355123236084,0.11669550131754951,Very Thin,-2309.63722360047,-5162.502375578336,-18207.823842946786,2210.9835081728606,4423.2183239550495,13151.918434377802
2026-08-21 09:15:00,0.01685496355653662,0.017201261310457124,0.016739509061613797,0.016842906662607442,0.1156743751408869,Very Thin,-2514.910308659853,-5302.279539584969,-18438.80171045029,2747.6874487266114,5445.218057224101,16132.825571823505
2026-08-21 09:30:00,0.016841475324763752,0.017557662110998674,0.016432879865293657,0.01755637388706425,0.11416848691282566,Very Thin,-4173.593678223637,-9899.918602496793,-17718.68598060012,2701.8668461458547,5307.556931852233,16598.118200757755
2026-08-21 09:45:00,0.017570021449371274,0.017777228230453156,0.01713655646474285,0.017667275126845454,0.09876934229659587,Thin,-4357.94726989105,-10811.77512355411,-17345.409567860836,3537.3450037223324,6527.167616805799,18283.14415981263
2026-08-21 10:00:00,0.01765442093786635,0.01765442093786635,0.016974155127298097,0.016974155127298097,0.091269957387997,Thin,-3039.6107542256623,-6561.405066688243,-19242.499148191964,2824.8591448429243,5634.775202567116,17015.618169983245
2026-08-21 10:15:00,0.016972761536813187,0.016972761536813187,0.016852796202645792,0.016852796202645792,0.09206887386827663,Thin,-2835.046795663671,-6107.523167970842,-19214.500687770254,2859.1780407970327,5654.994943817626,16767.627616138532
2026-08-21 10:30:00,0.016852250027355926,0.017573866711905653,0.01684761249964666,0.01704578339068343,0.09129259102193196,Thin,-2843.45974321697,-6737.501903362753,-18872.23482319602,2921.299480976615,5750.667181636309,17223.726211277622
2026-08-21 10:45:00,0.01704056886370623,0.0180040686627563,0.01701371015178894,0.017321057598850744,0.09061711958116722,Thin,-3687.350218561872,-8018.556961940021,-18519.318307492184,2872.4709376030773,5749.992954930793,17354.576765605405
2026-08-21 11:00:00,0.017319626294015643,0.017371030023891874,0.01718955351232216,0.017245124781147328,0.09048896366912233,Thin,-3387.133394654553,-7558.079643443976,-18499.03169469612,2841.7925566289005,5708.866661609302,17286.156858024715
2026-08-21 11:15:00,0.01724399992885074,0.017728684683420887,0.01718273569386008,0.017626429270874634,0.09054467054046741,Thin,-2972.820332612101,-6844.982940773596,-16692.361246251,3077.872332584862,6030.400283028847,17897.9429856743
2026-08-21 11:30:00,0.017622698699170963,0.01823649004004093,0.017622698699170963,0.01811716847955323,0.13850659951481656,Very Thin,-2925.422574038589,-7575.36073983822,-16458.305207109588,2257.455207987568,5256.560680806127,17507.96898339473
2026-08-21 11:45:00,0.018114410609086615,0.019269429334850673,0.01811165336829734,0.01853063082380425,0.15642160876736333,Very Thin,-1861.5354907334552,-5297.413474111674,-16514.414902002132,1660.2921465912316,3339.894241736678,12279.8258538086
2026-08-21 12:00:00,0.01851864919644036,0.020660877067691732,0.018500401068215808,0.02042998641517382,0.1475053977912249,Very Thin,-4770.002628367544,-10000.518267151585,-16326.193734216238,2834.4184981083995,4650.420831751736,19555.675584161992
2026-08-21 12:15:00,0.02041421224762637,0.023794096317816052,0.020391417609025055,0.02116385820401987,0.13516145366348314,Very Thin,-3469.7560762458884,-5315.933195359952,-11790.468966751072,5927.480329306482,11296.751331630008,19769.33788263494
2026-08-21 12:30:00,0.021162821835507075,0.02179834183916407,0.020183640172105378,0.02087594161940813,0.13676612469918464,Very Thin,-2042.2025064780373,-5783.373368682929,-17525.870836207097,1895.6713489140934,3804.7632893497907,18994.591371425908
2026-08-21 12:45:00,0.020874517841253392,0.021325192377030983,0.020389846184059916,0.02082007633372036,0.13875999275780293,Very Thin,-1883.4221573650884,-5454.298215168506,-17551.76893020231,1898.4939358952504,3810.922335925783,19001.463709450618
2026-08-21 13:00:00,0.02084717665936227,0.021128337272669766,0.02038953336066927,0.020889231681066964,0.13575233381485657,Very Thin,-2100.6535022809067,-5902.274085276066,-17612.176183880776,1912.8007123967018,3837.4740444243816,19082.36714906887
2026-08-21 13:15:00,0.020885658438155798,0.020969527252204096,0.019722355737125802,0.020121915427025305,0.1400501340166774,Very Thin,-3960.867649653714,-9310.328282929746,-17481.291307784773,1991.172355377989,3864.7465436238726,18801.17948581625
2026-08-21 13:30:00,0.02013401066425602,0.020531265169193923,0.01995455610316442,0.020204778335679643,0.12698846733097077,Very Thin,-2798.8578554871992,-7072.839005906519,-17251.476561693413,1998.3519968113073,3899.6092271478346,18828.72233561261
2026-08-21 13:45:00,0.02020355169711549,0.020474321763491024,0.020060242185124987,0.0201459924705786,0.1252741559013092,Very Thin,-2632.2952245121714,-6745.372281847555,-17278.026000067795,2032.8657718798095,3928.9126594429886,18831.05651437644
2026-08-21 14:00:00,0.020138532995563636,0.020138532995563636,0.019613845484628176,0.019807059422512707,0.13910341624210015,Very Thin,-2021.437668381367,-4734.235631969645,-16983.694899527003,2415.6567149607704,4750.386255457869,21290.54280612379
2026-08-21 14:15:00,0.0197921013443048,0.020060294617749018,0.01970017124429591,0.02004174023621011,0.1114571467075139,Very Thin,-1999.9917855029682,-5693.36976363696,-16854.897325586815,2207.9527211191044,4560.312795692572,21221.59947490841
2026-08-21 14:30:00,0.02003323968628845,0.020049159095232312,0.019726857941102446,0.020046781314619014,0.1360842492017882,Very Thin,-2098.6578557408416,-5817.7301975492355,-16939.510261770367,2548.069574042803,4919.282313500647,21612.78208090618
2026-08-21 14:45:00,0.020044903429888107,0.020067673046323627,0.0191805833961332,0.019740142111553338,0.11797029797297398,Very Thin,-2577.967184850288,-5066.631629416013,-17546.315548046758,2486.7430450339953,4916.124743794433,21742.307529131333
2026-08-21 15:00:00,0.019739399064349746,0.019877694994257226,0.019347680824529895,0.019782456740924076,0.09642265149544302,Thin,-2482.9069878262103,-5115.147361798996,-17485.429831712656,2577.2218358288983,5013.345060397825,21878.816434064505
2026-08-21 15:15:00,0.019780578934377787,0.019780578934377787,0.019491861144430217,0.019587180808493167,0.10510249146882256,Very Thin,-2458.0319463409114,-4520.920540628989,-17474.28085796318,2496.291768542537,4955.189321387045,21752.30654721475
2026-08-21 15:30:00,0.019585010644744872,0.01967128192259176,0.019067734555573167,0.019067734555573167,0.10753880161070176,Very Thin,-2592.76923749634,-6684.1694729366045,-17792.099327836342,2397.2249438363797,7455.2691410624,21245.658923649597
2026-08-21 15:45:00,0.019062642950277955,0.019341181571203337,0.018957792582576433,0.018957792582576433,0.10839684206932065,Very Thin,-2657.8087213769118,-6219.040525991356,-18156.418584283412,2501.61753821728,4893.977142990604,14067.925070927693
2026-08-21 16:00:00,0.018956165701336194,0.019324149098594905,0.018949542732855127,0.01926692568792788,0.10552716565183187,Very Thin,-3207.43617486579,-7889.8482459528595,-17756.01382119302,2555.5352523852553,5046.559907132182,14440.587524658455
2026-08-21 16:15:00,0.019261474392086496,0.01982513385249581,0.019258122625358472,0.01968927847878372,0.10342619010556034,Very Thin,-3454.461075563205,-8110.852971604716,-16175.19546161604,3060.8592467101507,5788.897343882977,16279.503309220054
2026-08-21 16:30:00,0.019688613446281582,0.02002640226087277,0.019534851090396946,0.01998391621177162,0.09779600088679812,Thin,-4414.540735201916,-8477.107988841857,-15208.968071788928,3003.1426571186016,5693.714992681228,16371.850583157719
2026-08-21 16:45:00,0.019983362403924086,0.020144605278439705,0.019942291234242397,0.020038078612309898,0.05842172264955385,Thin,-4832.256819763954,-8837.29922995889,-15380.798532985393,3536.149559170411,6259.5649619843625,16971.1180527173
2026-08-21 17:00:00,0.020035259335779366,0.020035259335779366,0.019619330291016444,0.019619330291016444,0.08544436460995712,Thin,-3605.567446313088,-8328.976204068213,-16661.531818092062,2787.153781455412,5451.989233747265,15823.437609283743
2026-08-21 17:15:00,0.019601113931672576,0.019720488810454892,0.019577038538055137,0.019653256602780434,0.08523823412936302,Thin,-3738.5518505946657,-8559.691924741219,-16653.381357513772,2776.343188223564,5443.071382783084,15848.129652248597
2026-08-21 17:30:00,0.019652613021509408,0.019652613021509408,0.01943521003607981,0.01943521003607981,0.09799534261061646,Thin,-3266.1968124712967,-7629.912166111953,-17219.724887932232,2808.188622289056,5455.475930392883,15553.20977097754
2026-08-21 17:45:00,0.019383912987327858,0.019383912987327858,0.019017661905285182,0.019017661905285182,0.09080979843242303,Thin,-3347.2160029611787,-6478.310847326726,-17782.778367583087,3058.036524133315,5672.892743711924,15456.491305267013
2026-08-21 18:00:00,0.01901750174396135,0.019194461036711036,0.019010050330334483,0.01908178906088833,0.07793863724900316,Thin,-3224.289850997102,-6505.174366699445,-17485.804625773722,2970.308144707814,5605.576931034979,15458.13840130292
2026-08-21 18:15:00,0.019080375025427157,0.019174129177311015,0.018962677234090914,0.018962677234090914,0.08032719103403144,Thin,-3283.9147217771747,-6149.977272591631,-17570.12673892811,2988.9319508116546,5722.506833020667,15116.03016216337
2026-08-21 18:30:00,0.01898761092928105,0.019042980621326488,0.018981104419528674,0.019019069577661675,0.08123986163928043,Thin,-3077.692672333432,-6086.150818198812,-17255.904219196767,2992.727772580945,5741.510695124501,15221.080845032318
2026-08-21 18:45:00,0.01901835766376894,0.01924282246946543,0.018978729333121364,0.019183606887621756,0.07804294071760003,Thin,-3059.6177718819395,-6411.145366158468,-16879.87247797412,3131.9964694344703,5929.2500954224615,15627.164610584749
2026-08-21 19:00:00,0.019171527868514893,0.019171527868514893,0.01894770287293317,0.01895071628314875,0.0833018718113614,Thin,-3061.886863404947,-5901.675768155496,-17387.615776266037,2935.4419012092535,5669.9935371127685,15061.933835899707
2026-08-21 19:15:00,0.01894629530550289,0.019087892510539776,0.018885959847046163,0.018980168079746108,0.07771207192690521,Thin,-5230.296138431422,-10051.138187231945,-17041.27251736413,3395.184206911661,6330.884351045073,16236.265392592413
2026-08-21 19:30:00,0.018979729107238108,0.018995153049280265,0.01857522582586593,0.01857522582586593,0.10682608854280459,Very Thin,-2954.956299812587,-7432.352708274153,-16770.58504638904,2277.081493621844,4241.629382501176,11398.726494791335
2026-08-21 19:45:00,0.01849946637651337,0.018926735562096755,0.01802752695982775,0.018926735562096755,0.11178012022365716,Very Thin,-3801.5428711074983,-8032.172435451779,-15111.554894971718,2637.4792749259927,5485.3878468290095,13304.878796024117
2026-08-21 20:00:00,0.01894831102074626,0.019006541718018747,0.018383842849892168,0.018383842849892168,0.10568876057578312,Very Thin,-2666.399230855968,-5794.930461730859,-15925.763842494596,2646.550718772192,4831.39895082117,11899.202730003959
2026-08-21 20:15:00,0.018382364935925752,0.018988313260956867,0.01830769009131484,0.018976348666677943,0.09428296649169518,Thin,-4021.9081026753142,-8084.424703406669,-14998.09637574337,2792.0186116348195,5566.864784561622,13489.742237971144
2026-08-21 20:30:00,0.018975755670188343,0.018975755670188343,0.018872219440412098,0.018953460628203297,0.10148150370816622,Very Thin,-4775.792987555518,-8985.87048075181,-15978.904237614775,3000.4791350461396,5407.620567023865,12908.751789772301
2026-08-21 20:45:00,0.018954513775208792,0.01895587104908416,0.01884581020171686,0.01884969183454289,0.08559849253448275,Thin,-3874.666112872019,-8535.496823958423,-15867.704345541955,2878.6170919171036,5100.138207116147,12507.148933135992
2026-08-21 21:00:00,0.018819587336961506,0.01893413399869231,0.018655435357273546,0.01882668809801271,0.09001328369740369,Thin,-3767.18047717015,-8504.693730337347,-15913.662952819292,2843.374839006768,5031.25045795517,12420.23330210717
2026-08-21 21:15:00,0.01879603359536862,0.01879603359536862,0.01859789241037556,0.01859789241037556,0.0914363381180415,Thin,-3510.275146761232,-8152.915725871583,-17010.00703399532,2611.934948473541,4617.551065535058,11841.742409002818
2026-08-21 21:30:00,0.018596256388563437,0.018639203242556232,0.018292655719420663,0.018292655719420663,0.1238414581457987,Very Thin,-2420.417198883547,-5967.6416971154085,-17111.141770531034,1992.5922055898861,3856.655231720157,10866.871321584993
2026-08-21 21:45:00,0.018295529618552554,0.018303991228232275,0.018214981781579497,0.018242569425004386,0.11590345257000341,Very Thin,-2380.0391937226887,-5740.471833002399,-17128.302788660512,1953.276846671289,3803.7309570230186,10785.315425456829
2026-08-21 22:00:00,0.01822244171899412,0.01826763615417593,0.01820047321703503,0.018239373765563685,0.11474745456985028,Very Thin,-2510.0894271159545,-5571.422220281263,-16487.994537162675,2013.2578941709157,3862.9287175957893,10842.68506753312
2026-08-21 22:15:00,0.01823753959142579,0.01831371536315354,0.018092879276935817,0.01831371536315354,0.10900710760124332,Very Thin,-2391.6002368084514,-5246.767946872877,-15588.554104078123,2450.887602531719,4522.554798029922,11544.797838630318
2026-08-21 22:30:00,0.018311750646515284,0.018311750646515284,0.018244002356223307,0.018244013233305642,0.09597195485976617,Thin,-2604.7878903864903,-5267.244480931763,-15833.069888304943,2472.2263559923063,4459.595510487802,11442.005875701949
2026-08-21 22:45:00,0.0182250944758988,0.018493764338112832,0.018218542109930173,0.018487973749408134,0.104569104462363,Very Thin,-2441.014041805548,-6103.899545991279,-15505.357359869822,2664.108566591879,4942.9439895442365,12083.852154448543
2026-08-21 23:00:00,0.01848484600762763,0.018497327551693202,0.01844333535457147,0.01844333535457147,0.09439155154104806,Thin,-2345.870678410452,-5805.584349722267,-15502.635138062427,2474.1743067607626,4703.627308836317,11810.565027433624
2026-08-21 23:15:00,0.01844413829781946,0.018444435086956194,0.01829594786905017,0.01829594786905017,0.093841555080403,Thin,-2521.3587376152946,-5326.430263893053,-15698.365520872832,2588.863167472248,4642.165775525034,11654.262435295615
2026-08-21 23:30:00,0.01829545531598598,0.01829545531598598,0.018198578741472956,0.018198881404111137,0.09399249315997729,Thin,-2508.493661113774,-5076.4648731097295,-15762.283083495198,2349.379252414726,4286.164219904297,11242.742502591496
2026-08-21 23:45:00,0.018185356861320917,0.018198748130127375,0.018146158905502304,0.018157086564490898,0.10972433814723845,Very Thin,-2662.133762706786,-5142.620195850452,-15936.530369434702,2874.0084249011534,4785.177520537481,11742.733029473153
2026-08-22 00:00:00,0.018158811408324812,0.018436156063865606,0.018150292520212715,0.018436156063865606,0.10133598152960205,Very Thin,-2326.756297593174,-5748.674905194999,-15454.670497353105,2516.9084248396503,4771.2139851975935,11911.634855919816
2026-08-22 00:15:00,0.018435340649683916,0.018801331216265496,0.018404448223934985,0.018766600365951323,0.12149665737564179,Very Thin,-3269.0519306846527,-7838.663594890775,-15406.039045860281,2870.871681951464,5432.678729936337,13087.803248307006
2026-08-22 00:30:00,0.01876529981832778,0.01983320491343525,0.018603186576078217,0.018650294733537683,0.08840724967560336,Thin,-2997.3360747688876,-7220.942977853077,-15544.5268388684,3017.627868167679,5453.775382846186,12915.138530914222
2026-08-22 00:45:00,0.018649704732494807,0.019194596510272516,0.01858629254181181,0.01919446469256018,0.08518925015521876,Thin,-4704.020555530981,-7851.132602486262,-14161.910704362055,3045.8143160919117,6070.49838728101,14516.094817510513
2026-08-22 01:00:00,0.019194126739716984,0.019794269149994728,0.019194126739716984,0.01974268719128378,0.06798008960547981,Thin,-3385.4938827243636,-5240.124068411724,-11323.533398677737,5422.158377381232,9029.879991331956,17440.784606320358
2026-08-22 01:15:00,0.01974217989570156,0.01984416871855625,0.01965890721611572,0.019824258834584583,0.06551648188786578,Thin,-2858.453684652265,-4707.908079656413,-10766.318730247074,5257.595323173713,9198.11778901162,17694.831387134112
2026-08-22 01:30:00,0.0198236660483427,0.02352923151857561,0.019782792935058108,0.02094594122785005,0.1434010346412266,Very Thin,-1821.3518340828768,-3505.7358362182067,-9507.84699257219,2015.3159922946,4738.296317129652,18204.660464361892
2026-08-22 01:45:00,0.022411749537132628,0.023660698072533827,0.02055412696071538,0.02103143484451441,0.14310282995238746,Very Thin,-2077.3447528755423,-3769.7771524661307,-9807.643861650484,2459.294226666999,5332.914345311144,19056.410707834977
2026-08-22 02:00:00,0.020721803210750494,0.02314827921445694,0.020478807970163205,0.021274858990042094,0.14366277378176218,Very Thin,-1850.6736577717318,-3535.156097192441,-9574.41129080426,2424.28559479759,5029.503645096339,19190.322888957835
2026-08-22 02:15:00,0.02114801348345777,0.022388068486422955,0.02043123586069338,0.02043123586069338,0.14275638748995245,Very Thin,-2459.610393962815,-4545.021376648232,-10567.668600343977,2892.8471127965836,7512.109616933003,18253.486017415813
2026-08-22 02:30:00,0.020428653062956905,0.020428653062956905,0.02012603931072166,0.020164145935032806,0.10183034199585714,Very Thin,-2483.672952781242,-4741.134920658611,-10942.588973208109,3561.863970251313,8480.024576581814,17932.13906319711
2026-08-22 02:45:00,0.02016274016675443,0.02016274016675443,0.019618677852659847,0.019618677852659847,0.09546360554597103,Thin,-3878.8935850259218,-6205.836842566704,-13027.168350108881,5024.493619186042,7871.819482945854,16116.55779459228
2026-08-22 03:00:00,0.019617760221987645,0.02013010953055317,0.019566189112851587,0.020103086011658555,0.09424884378910078,Thin,-2453.5546534360446,-4548.799973094742,-11374.185003089557,4526.8854817807105,9885.697002318875,20153.717220660437
2026-08-22 03:15:00,0.020100852402219063,0.020121211242565443,0.01982194512374091,0.01989728289278142,0.0901369362420081,Thin,-3220.5839316347888,-5359.023629417291,-12363.33577278293,5250.9481335056835,9756.361912564442,19224.416748181025
2026-08-22 03:30:00,0.019896710342634634,0.019896710342634634,0.01971504591568587,0.01971504591568587,0.060444947789878835,Thin,-4159.535588834318,-6394.300393382484,-13552.766162479144,5625.745616256299,9133.074823668183,18331.27468748671
2026-08-22 03:45:00,0.0197141258825324,0.019718744021508552,0.01956306864877672,0.01956306864877672,0.05954206874122414,Thin,-4561.6293686084655,-7060.24530894452,-14275.758683455499,5137.936033302841,8091.135182835439,17067.83641787427
2026-08-22 04:00:00,0.019562054091259787,0.019624863284566415,0.019558398344587006,0.019607350654894905,0.04273092287461346,Thin,-4640.7734681911315,-6982.028386710955,-14183.343832080101,5623.298622860752,8716.897827865036,17758.226236387625
2026-08-22 04:15:00,0.019606704035515544,0.01978030178205997,0.019599993875021333,0.019737260895104015,0.06025410896687973,Thin,-3740.7069986527,-5968.613365391356,-13161.679220559048,5625.3517825837,9233.696299476971,18532.287059980365
2026-08-22 04:30:00,0.0197358110485337,0.019750006219008846,0.019698032048421518,0.019700948948742136,0.06032439806774037,Thin,-4284.6463639722415,-6548.515117504801,-13774.337947580332,5794.923263075742,9382.484950519636,19035.434605752576
2026-08-22 04:45:00,0.01970050122334306,0.01970050122334306,0.019472252958504504,0.019472252958504504,0.041564492131972795,Thin,-5095.723278248011,-7950.654299483072,-15258.554086542877,5398.685916711682,8182.88088668602,17493.923529204636
2026-08-22 05:00:00,0.019464068145325013,0.019464068145325013,0.019250938040617623,0.019250938040617623,0.05743152337497648,Thin,-5599.000228411719,-9247.844514960989,-16724.012656480496,3691.225086685434,6230.573451726486,15204.107430805334
2026-08-22 05:15:00,0.019249622817516788,0.019260603607376737,0.019080841863457654,0.019081643249786593,0.06348852429610705,Thin,-5087.065537632184,-9574.66236182401,-17424.801106967952,3010.0778021861315,5480.102850328254,14111.020366287583
2026-08-22 05:30:00,0.019080216352755017,0.019232316053036665,0.0190305293410874,0.019190875412587717,0.06358270130786685,Thin,-5500.110398848998,-9418.913415203117,-16973.10857620083,3424.2246144337246,5924.2215718155,14707.782387566906
2026-08-22 05:45:00,0.019192115698629476,0.01920780245724701,0.019088299321855073,0.019088299321855073,0.05800090397040836,Thin,-5161.414246359892,-9624.048862268557,-17446.720659855728,3341.128987643823,5813.64680670007,14453.2335148703
2026-08-22 06:00:00,0.019085307019824596,0.019085307019824596,0.018900238597681276,0.01900235968205832,0.06377556190408729,Thin,-4952.267245501027,-9733.943884797496,-17910.848366848004,2899.3401845088792,5342.177390351061,13869.715628623911
2026-08-22 06:15:00,0.019000531728901357,0.019000531728901357,0.0189275265010869,0.0189275265010869,0.06375735783834036,Thin,-4434.842204830458,-9480.632464570945,-17973.169256051853,2498.417602715498,4921.685655370814,13352.445508145192
2026-08-22 06:30:00,0.01891594641969022,0.018917155312302772,0.01872015197789905,0.018795217854642388,0.10322592251085423,Very Thin,-3608.922048528732,-8959.624006817743,-18037.262065966326,2454.5064451791027,4836.065556396218,13099.66999242205
2026-08-22 06:45:00,0.018793454460716272,0.01885978197607513,0.018791222359947287,0.01883089707407698,0.10331332673090295,Very Thin,-4389.79200494487,-9741.236155672812,-18661.315512525023,4898.732294155579,8145.259502793963,16453.997947191903
2026-08-22 07:00:00,0.018839006304063415,0.018839006304063415,0.018793033338340193,0.01880907514963817,0.054029865087436145,Thin,-4215.9218261356145,-9568.703659939632,-18604.408984246722,4694.017579493721,7845.074822261768,16134.12195600729
2026-08-22 07:15:00,0.018806136906121873,0.018806136906121873,0.01867657840988338,0.018691039420326926,0.05419980381640688,Thin,-4299.531607136876,-9425.1567346964,-19183.77144967387,4702.138950940559,7259.1182549286805,15400.145055419833
2026-08-22 07:30:00,0.018682877959829026,0.01884480145586291,0.018672940527750814,0.018782485153406015,0.053746579622921245,Thin,-4263.183839711355,-9618.970883400243,-18745.03728199931,4705.515120829814,7724.248468548522,15978.525941716634
2026-08-22 07:45:00,0.018779532278927025,0.018779532278927025,0.018702064792217633,0.018702064792217633,0.053840403027564675,Thin,-4373.74736731038,-9529.331317456596,-19196.34429698866,4677.532127147166,7290.4977215690315,15444.938932870547
2026-08-22 08:00:00,0.018701604573619877,0.018929993377458165,0.018699878291087695,0.018902129804315892,0.053821334123436995,Thin,-4406.9081634668,-9521.771083135704,-18142.205651425124,4820.281821426652,8439.095570416814,16874.202808469698
2026-08-22 08:15:00,0.01889922488191963,0.01889922488191963,0.01871337270393862,0.01871337270393862,0.05363102726676665,Thin,-4323.524451471373,-9520.718026499988,-19119.657218760476,4776.106209584738,7449.747562750762,15642.392735778038
2026-08-22 08:30:00,0.018712270064748633,0.018712270064748633,0.018655924162614655,0.01867811098463219,0.05093211770549373,Thin,-4503.196476831974,-9581.638923534601,-19454.44520620166,5065.32642703368,7561.2976326462485,15711.016400474375
2026-08-22 08:45:00,0.018677405558799424,0.018698483475001703,0.018633378261431775,0.018633378261431775,0.05090137373738033,Thin,-4431.312976662343,-9349.0241086887,-19568.85868152127,4641.547856071157,6976.977722421275,15072.18206202984
2026-08-22 09:00:00,0.018632946807314588,0.018632946807314588,0.01856704219372155,0.01856704219372155,0.05087126561665323,Thin,-4974.220295168979,-9617.725047095802,-20351.361619784464,4305.599098450969,6627.291912951668,14639.782984053529
2026-08-22 09:15:00,0.01856395650737975,0.018612422283396816,0.018448806199725734,0.018448806199725734,0.05647217802812543,Thin,-3870.6820323293987,-7988.977134197792,-19624.5356284183,4530.393693706358,6828.2405189522015,14688.60504578433
2026-08-22 09:30:00,0.01844835865314137,0.01844835865314137,0.01837242135526859,0.018385871776560123,0.05392270353170818,Thin,-4157.065823007961,-7823.458515269255,-19936.946186346668,4195.393095105651,6483.418884765972,14261.966568129415
2026-08-22 09:45:00,0.018395560198665947,0.019939149049624724,0.018375468456145773,0.01965704590335087,0.06022832474859716,Thin,-4155.035250008284,-6445.131035010602,-13676.824298700307,5625.637586285049,9431.00977126711,22210.55201052889
2026-08-22 10:00:00,0.01953233666552668,0.020068192360967137,0.018733348526391337,0.019555534287909272,0.06058103147771465,Thin,-4731.2617848623495,-7250.1990318429835,-14518.911721491917,5290.745463849973,9144.096998316985,21281.0077587282
2026-08-22 10:15:00,0.01955380799888877,0.02035676980076496,0.019284755582722326,0.01960071476682572,0.08429992425163257,Thin,-5684.609358348181,-8041.676555050757,-15334.079032649493,7179.754485373144,11059.735210904764,20538.32845119955
2026-08-22 10:30:00,0.019598728123727736,0.019604434470885692,0.019304005361507212,0.019304005361507212,0.031744298004093174,Thin,-7678.472028468697,-11511.58265066276,-18958.083018045803,5275.062841577273,7836.7878533672165,16856.363926801478
2026-08-22 10:45:00,0.01930363088979639,0.01930363088979639,0.018489923008744996,0.01862645190318754,0.10182891797428359,Very Thin,-2989.0665219516877,-8075.093007206798,-18456.82266568735,2562.317914029455,4905.764760979193,12993.490435217573
2026-08-22 11:00:00,0.018624493736558913,0.018628162273625536,0.018561179348499473,0.01857639020709502,0.09236359069105982,Thin,-3123.1258039961913,-7964.371477548054,-18784.570807954136,2494.0172539544265,4829.038414713286,12867.371760065422
2026-08-22 11:15:00,0.018574875054335617,0.018574875054335617,0.018453909457947865,0.01849187535904795,0.09875831641192245,Thin,-2661.9985904320647,-7004.231875692694,-18331.027364241243,2655.790282414645,4971.835921634712,12901.302777813198
2026-08-22 11:30:00,0.01849178699299108,0.018554756936838702,0.018423526162894888,0.018535973890644132,0.10469491157606488,Very Thin,-2729.092554569748,-7253.077128338283,-18243.29102779056,2746.573401146413,5073.669739825237,13059.972400974335
2026-08-22 11:45:00,0.01853533292219806,0.01859410492780623,0.01850362931314867,0.018553605087106406,0.10144499303381918,Very Thin,-2879.1032731098794,-7476.377167719886,-18331.744748632875,2445.791191402286,4777.86626729993,12786.87373984269
2026-08-22 12:00:00,0.01855284925453742,0.01869308902580055,0.018521804212486847,0.01864250453035957,0.10372396655031962,Very Thin,-3215.2028412945265,-8179.114626885807,-18344.45511268872,2648.6063310927047,5003.450431997161,13123.776520611207
2026-08-22 12:15:00,0.018641861735654748,0.01883589274198171,0.018571238829420734,0.01857881055454587,0.10009616058750297,Very Thin,-3128.9417825843793,-7837.426455144856,-18523.85111388482,2506.302736030194,4852.747225095844,12926.672624343915
2026-08-22 12:30:00,0.018578170144580762,0.01858480707387651,0.018518890128694947,0.018518890128694947,0.08868187951755023,Thin,-2702.9452879311993,-7165.420819525376,-18312.968326358754,2711.751714983577,5044.0734128529775,13040.210170988401
2026-08-22 12:45:00,0.01851464979474796,0.01851464979474796,0.018334864036957898,0.018334864036957898,0.09443697018400168,Thin,-2476.3688818494124,-5949.780441750677,-18328.378509655486,2617.6355650320934,4902.5022507963795,12664.945148828401
2026-08-22 13:00:00,0.01833420533322714,0.018341480311947152,0.018212100987631527,0.018212100987631527,0.09543810516485007,Thin,-2662.4495252802976,-5642.607883312749,-18533.553319094688,2376.087947472919,4622.406941824763,12242.968457244113
2026-08-22 13:15:00,0.018210482149526773,0.01841832844681195,0.018205111891218668,0.018339453194843886,0.10450333778140242,Very Thin,-2465.354052854893,-5957.156886529798,-18316.5634330814,2442.7041803799825,4729.289548345188,12497.027066093022
2026-08-22 13:30:00,0.018334317662028345,0.018342058893818396,0.01802499499971948,0.01814781371512588,0.11052248270436842,Very Thin,-2393.603153146733,-5156.430436018488,-18270.805130792298,2387.7112701538144,4617.231041269961,12163.302803867226
2026-08-22 13:45:00,0.01814591561208113,0.018173437041462057,0.01796429496677836,0.018056475602031725,0.09942748868672484,Thin,-4321.840969803887,-8632.255271012873,-17982.497104103397,2498.3879327784703,4704.373495062623,12145.977782198872
2026-08-22 14:00:00,0.018044287296466704,0.01821198575858875,0.01800871062241799,0.018199149093616297,0.06509937866064316,Thin,-4892.059503120035,-8671.41268059642,-17664.465101169662,2997.6468423828314,5259.079733514348,12879.836047312678
2026-08-22 14:15:00,0.01819803788400011,0.01819803788400011,0.01811277240686854,0.01811277240686854,0.06332649311938132,Thin,-4652.332565491054,-8767.033408830712,-18013.013335438496,2958.7646661561703,5197.567177008968,12714.87735547829
2026-08-22 14:30:00,0.018110752797180635,0.018110752797180635,0.017944491291671392,0.017978624798586904,0.11194860332022002,Very Thin,-3936.918590126815,-8566.193226357544,-18246.23740891765,2377.398138337722,4564.873744244553,12003.600524431859
2026-08-22 14:45:00,0.018008996492160707,0.018282777969435362,0.017984877402325284,0.018149532849107607,0.10811724486028362,Very Thin,-4708.737287714491,-8693.217879576583,-17873.623395576902,2835.8324902671548,5097.623205658846,12714.233744662099
2026-08-22 15:00:00,0.01814848330764877,0.01814848330764877,0.01803226118621389,0.01803226118621389,0.06285285260221558,Thin,-4326.234003969763,-8773.332122223086,-18339.348261806084,2458.8660893520587,4714.416680334336,12243.661147286542
2026-08-22 15:15:00,0.01803177717104756,0.01811717620858618,0.017943025670796458,0.018094724820810013,0.10623121371586972,Very Thin,-4665.600759200984,-8877.56459656753,-18261.031281020558,2931.988541924405,5209.35290787925,12814.475883001132
2026-08-22 15:30:00,0.018093910274937227,0.01870683167895919,0.018075622591576183,0.018510267425508684,0.050859746575719275,Thin,-4595.588538579719,-7581.15169243083,-16214.758307957738,4547.694313225853,7105.027137505425,15241.150864336203
2026-08-22 15:45:00,0.018502897992034403,0.018502897992034403,0.018354310117171705,0.018354310117171705,0.06362727756105602,Thin,-5203.028813168521,-8444.42247375217,-17309.54111365393,3610.714619929154,5973.661028145815,13895.505548469093
2026-08-22 16:00:00,0.01833106852123128,0.01833106852123128,0.018281399032299517,0.018328955618431345,0.061710491329929895,Thin,-5204.56793047651,-8489.226361309666,-17402.770879237734,3903.9831286669664,6259.303891202046,14165.980887463755
2026-08-22 16:15:00,0.01834436885012285,0.01834436885012285,0.018278916512405523,0.018278916512405523,0.05879858661078485,Thin,-5197.644395357894,-8563.820961050478,-17543.250709388958,3407.3983358255905,5743.260444630928,13587.758630222686
2026-08-22 16:30:00,0.018267155711376284,0.018267155711376284,0.018046004323479657,0.018046004323479657,0.06541397187480791,Thin,-4390.819795921386,-8789.859286404797,-18332.46586290199,2522.8249259050203,4788.681837063314,12348.606456276793
2026-08-22 16:45:00,0.01804476804427218,0.01847644472170921,0.017963687410222966,0.018475518145488624,0.08416730502268059,Thin,-4715.748529428612,-7761.784737538475,-16465.29504781993,4468.468382135193,6936.341719474575,15040.870606957518
2026-08-22 17:00:00,0.01846820166703902,0.01846820166703902,0.018252689188526242,0.018252689188526242,0.059922130193539626,Thin,-5120.335661994294,-8629.586468476225,-17646.472755471812,3279.790803547298,5609.0346693347055,13420.908672519594
2026-08-22 17:15:00,0.018252562178149963,0.018252562178149963,0.018046739715878966,0.018062445061402307,0.06533173147897434,Thin,-4847.299667358404,-9215.366159047782,-17887.699667040142,3019.6428942028588,5428.854727461319,13009.409952801514
2026-08-22 17:30:00,0.018062032655493807,0.018101101692715844,0.01803619827015366,0.018036839046537582,0.05613014824915128,Thin,-5743.946558707942,-10232.765435342557,-18980.978194759624,3425.1953251181926,5802.266249717958,13351.299383292126
2026-08-22 17:45:00,0.018036056585017633,0.018036056585017633,0.017953309030139853,0.017953309030139853,0.06599286801395457,Thin,-5034.480060897147,-9916.580195132996,-18908.52909964547,3077.5785193680517,5303.555218322182,12792.728283470686
2026-08-22 18:00:00,0.01794995309821807,0.01794995309821807,0.017886903268846538,0.017886903268846538,0.06578383188345072,Thin,-4957.390331009043,-10113.809926355108,-19297.321282442674,2982.7050117730714,5114.51454241247,12563.215797508461
2026-08-22 18:15:00,0.017884115797432817,0.01789726931698258,0.017854667305855276,0.017854667305855276,0.06583670711327123,Thin,-4661.2918127612475,-9926.500283308224,-19202.85283089598,2747.9707564286764,4855.185802601037,12284.213366742464
2026-08-22 18:30:00,0.017849183682661886,0.017849183682661886,0.01773948067761205,0.01773948067761205,0.07995914557314236,Thin,-4025.4282062645184,-9265.200969648224,-19271.797599562233,2573.158201250122,4587.897541957351,11950.892850591916
2026-08-22 18:45:00,0.017753074022837552,0.017852909427504213,0.017678908760976095,0.017682263064397623,0.08697414818024544,Thin,-3168.2471649378936,-7912.078386670177,-18302.91879631515,2468.959368642278,4439.556452417902,11769.798465395803
2026-08-22 19:00:00,0.017681854662003893,0.017993565779312787,0.017570249328612217,0.017988921974167613,0.06408325118295322,Thin,-4489.931851620812,-9195.121474483498,-18047.56540707686,3637.939313759183,6186.076951324856,13706.648614932896
2026-08-22 19:15:00,0.017988211877515852,0.01806418656933875,0.017987500043376247,0.018002329665588256,0.06865288007497605,Thin,-5569.043319237988,-10273.609605443353,-19017.48062238221,3381.312182824801,5781.9282330578635,13311.056387638195
2026-08-22 19:30:00,0.017991408406733935,0.017991408406733935,0.017931995298026426,0.017931995298026426,0.07399372326384332,Thin,-4715.123739262877,-9836.268415215667,-18774.022369628743,3309.0391408911546,5520.691300414904,13004.898062828972
2026-08-22 19:45:00,0.017930573644487677,0.017930573644487677,0.01789105637212329,0.01789105637212329,0.07043954616478862,Thin,-4916.781614957732,-10208.99412578386,-19259.393515541487,3485.7215966790204,5634.76994720812,13092.789128651455
2026-08-22 20:00:00,0.017889908945264935,0.01798757301621317,0.017881546162104106,0.01796357474749983,0.0738382883546417,Thin,-5062.783882986368,-10001.79790162808,-18848.155455632572,3875.5539220634532,6176.367505619282,13680.75441511581
2026-08-22 20:15:00,0.017956547582348357,0.017956547582348357,0.017927522556304552,0.017927522556304552,0.04894288584557218,Thin,-5241.21921697162,-10457.689802957397,-19404.025462430498,3974.553034607294,6176.843271842722,13658.19039166856
2026-08-22 20:30:00,0.01792164365689249,0.01792164365689249,0.017853541809821485,0.017896909332891245,0.06410658431098651,Thin,-4782.1669038968,-10125.31788073597,-19112.496403354584,3382.5404693486344,5539.0695690069115,13000.834573572734
2026-08-22 20:45:00,0.017885808207025556,0.017994390731358365,0.017830188848319106,0.01796874682919641,0.06403644833320536,Thin,-5239.093719898575,-10183.841223448131,-18971.798874211112,4015.2692482269117,6324.440293641394,13832.13061631162
2026-08-22 21:00:00,0.017954351965231673,0.018031683755376716,0.01795348608274061,0.0180025309115226,0.06330303008050955,Thin,-5778.46378278079,-10408.036956469155,-19102.141765017517,3612.7562791238306,6009.696827690114,13538.953388681153
2026-08-22 21:15:00,0.018002404539979838,0.018019441491473352,0.017783590216963217,0.018014770311569353,0.0680499100089115,Thin,-5808.665830006709,-10374.411636407427,-19033.77018174208,3706.7926146176405,6135.510240446582,13672.574889631995
2026-08-22 21:30:00,0.018012745358522864,0.01801501308145077,0.01797807984137942,0.01801501308145077,0.052195764606436976,Thin,-5807.54511843083,-10369.48974513238,-19016.73376744225,3708.5579251720064,6137.905743715634,13675.125240379808
2026-08-22 21:45:00,0.01801299321841796,0.01801299321841796,0.017953548746137686,0.017953548746137686,0.06675129540419578,Thin,-5335.809291766943,-10222.04109860743,-19053.758729828864,4218.792621172912,6488.452834126739,13986.434772922168
2026-08-22 22:00:00,0.017953619915804554,0.01797223407528664,0.017942352337156606,0.017950528839121117,0.04143905044798424,Thin,-5562.8716928108615,-10533.03122423112,-19373.128864843682,4456.9376822159165,6735.219304870965,14231.271667871533
2026-08-22 22:15:00,0.017949594485539445,0.017950261757811285,0.017939767726243932,0.017939767726243932,0.059603836950317436,Thin,-5556.3324787079355,-10587.632556316683,-19457.584706789534,4414.055690432252,6659.258760484316,14148.433968272291
2026-08-22 22:30:00,0.017934333759450843,0.017934333759450843,0.01792277419921347,0.01792277419921347,0.038330272475866844,Thin,-5567.587410597677,-10695.39905095623,-19612.474786675197,4287.7481397684915,6480.694647764415,13959.005520209534
2026-08-22 22:45:00,0.017922536808981617,0.017922536808981617,0.01766709562068176,0.01766709562068176,0.06566514412246102,Thin,-5417.743134289717,-10887.243160947472,-21081.95655984274,2955.9655027279255,4967.20030823316,12303.235265728672
2026-08-22 23:00:00,0.01766643674524256,0.01766643674524256,0.017658006402503645,0.017658006402503645,0.03401776595763362,Thin,-5457.125890598076,-10913.287180316502,-21180.586981304372,2848.2973072342706,4852.260002345042,12182.159347514671
2026-08-22 23:15:00,0.017657747017835054,0.017657747017835054,0.017474458261342824,0.017474458261342824,0.07691236082419932,Thin,-3352.6936648373585,-7599.562188957634,-19376.854209512643,2186.7203953389494,4097.733165565899,11308.194378699105
2026-08-22 23:30:00,0.017469055656833196,0.017469055656833196,0.017220911536646333,0.017381642560280217,0.11722869839079064,Very Thin,-3067.351923773126,-6982.073678350438,-19258.38810446637,2151.0519440525272,4028.153600899373,11199.119037944049
2026-08-22 23:45:00,0.017322380902832786,0.017322380902832786,0.01713835675355561,0.01713835675355561,0.1003739888077213,Very Thin,-2913.091547127304,-5998.47301921353,-19481.73824280066,1946.679056466507,3744.2594241549377,10813.787570218028
2026-08-23 00:00:00,0.01713708572542757,0.017309582378178305,0.017095222766883533,0.017309582378178305,0.13088858953546897,Very Thin,-2832.4325744371617,-6490.1428293857725,-19152.84555807321,2144.7868743028157,3998.5980537892447,11139.677277751834
2026-08-23 00:15:00,0.01731184295485405,0.01735824987966042,0.017157717011987463,0.01735824987966042,0.0930842010622966,Thin,-3364.660074545918,-6804.030144214248,-18904.76875878689,3302.758518666877,5956.372150131951,14658.528177210743
2026-08-23 00:30:00,0.017363951975830176,0.017567890134939305,0.01736061013091121,0.017485907275408618,0.07148060837644987,Thin,-3561.277161145944,-7432.998161747053,-18971.01591145466,3448.5551712952615,6371.91102116193,15134.115360048709
2026-08-23 00:45:00,0.017363254555881405,0.017363254555881405,0.017351728620813068,0.017351728620813068,0.07168120074767859,Thin,-3732.987797192588,-7154.504010269491,-19283.924698621122,3398.433791691231,6038.46211079946,14737.544707755134
2026-08-23 01:00:00,0.01730169992563821,0.01732868944785273,0.01729119323990407,0.01732868944785273,0.07187012681353766,Thin,-3435.3618575008913,-6793.826523908919,-19024.529032092134,3209.26725338805,5801.279116027269,14489.498861998049
2026-08-23 01:15:00,0.017324405757675757,0.017324405757675757,0.017258683036811454,0.017258683036811454,0.07042294988299432,Thin,-3545.7686083106546,-6710.491018926454,-19155.797194771698,3834.44495316329,6279.542093332227,14935.526403298776
2026-08-23 01:30:00,0.017258351120636093,0.017258351120636093,0.01719339322676887,0.01719339322676887,0.07064250751915799,Thin,-3877.363971548723,-6891.8067254345415,-19615.836006857422,3437.8492279093894,5768.93974455137,14402.702835468323
2026-08-23 01:45:00,0.017186586668549584,0.017186586668549584,0.017167342897537602,0.017167342897537602,0.0706617092392563,Thin,-3994.2742780572153,-6963.255181205359,-19789.880371195046,3260.4858552118803,5559.268070295322,14180.701123422788
2026-08-23 02:00:00,0.017166682537224354,0.017166682537224354,0.017082929304773745,0.017082929304773745,0.08405290885701314,Thin,-4935.309887516592,-10207.108466441096,-19446.00611523219,3477.8050155512597,5671.344458505037,14254.929818928178
2026-08-23 02:15:00,0.017080167022482714,0.017149931100118282,0.01691843408253423,0.01691843408253423,0.08675164305975509,Thin,-3759.899863120465,-8993.360597783214,-18049.191266333728,2570.6153676617437,4701.272908127115,13208.960333023733
2026-08-23 02:30:00,0.016916528415177833,0.016916528415177833,0.016646366527316526,0.016870677102869526,0.0866237508272727,Thin,-3575.3378376861806,-8661.443093584885,-18112.17942667001,2482.247661622199,4609.085729486542,13094.904924780118
2026-08-23 02:45:00,0.016869498641564666,0.016869498641564666,0.016847643559392538,0.016847643559392538,0.08567310873803162,Thin,-3912.6682277786094,-8935.68659843854,-18574.678503896095,2701.1080772155287,4825.934287781634,13301.195210734399
2026-08-23 03:00:00,0.016846563281619417,0.016942179710602696,0.016828391443211178,0.0168791937456598,0.08559055238812215,Thin,-3606.6674355158825,-8718.877439167693,-18099.971554407068,2500.6384015328663,4628.318012031448,13118.039298619782
2026-08-23 03:15:00,0.016877696962894283,0.016877696962894283,0.01642189735115747,0.01642206491113828,0.1238666974231983,Very Thin,-2320.275376122698,-5556.52301177272,-18187.63434876788,2074.227497922768,4146.966935080499,12141.925980555343
2026-08-23 03:30:00,0.016416909318152928,0.016814806466755646,0.01640110428955731,0.016808820308299454,0.12390113255739359,Very Thin,-3918.399019874471,-8838.145436384604,-18805.044111157622,2457.82646473227,4582.462450861154,13040.057882533396
2026-08-23 03:45:00,0.016804998935772964,0.016804998935772964,0.01629465877678078,0.016563985574315626,0.12434383429248871,Very Thin,-2616.4788085933305,-6383.979566885295,-18274.67993663208,2108.13513775725,4207.093054105078,12363.878831753686
2026-08-23 04:00:00,0.016539287006845114,0.016539287006845114,0.016378938298963287,0.016381511636025175,0.12116547886410327,Very Thin,-2515.3155693854796,-5573.192839694042,-18425.785654914664,2350.9437414967924,4415.12559941925,12364.162949916557
2026-08-23 04:15:00,0.016376941266672825,0.016376941266672825,0.015551507218350524,0.015551507218350524,0.1326651639277341,Very Thin,-2019.044563245792,-4054.399311456638,-16859.40148057546,1996.384854573241,3945.1753249053736,10789.59431657174
2026-08-23 04:30:00,0.01554905925547073,0.01554905925547073,0.014890161580175094,0.014890161580175094,0.13780306909120685,Very Thin,-1908.7331099888906,-4237.056802247831,-14868.183436167452,1880.3115858991919,3640.502039543345,9678.758258009886
2026-08-23 04:45:00,0.014885766143191474,0.014885766143191474,0.01327320365835789,0.01327326897463218,0.1893245443713084,Very Thin,-1343.9880110483637,-2713.2867948867,-11242.938726902597,1350.5470482791122,2682.5464539439895,8320.230221617769
2026-08-23 05:00:00,0.01319676374890007,0.014791633596755885,0.012758161136618982,0.014047157535699,0.20258207978285483,Very Thin,-1483.6329913656864,-3402.659956852182,-13801.566786502599,1369.0881361594973,2748.758058909563,8403.69861782229
2026-08-23 05:15:00,0.01404488794954433,0.014893470295840705,0.01404488794954433,0.014670452438996118,0.15120546107812893,Very Thin,-3080.473284689528,-7177.684225421836,-15008.93930090196,1738.4275892090072,3221.271991298535,9037.164815890006
2026-08-23 05:30:00,0.014668509985123713,0.014684640031014964,0.014128789577853964,0.014453248058398606,0.19116698981151883,Very Thin,-2349.2586973248326,-5968.688274669787,-14450.55180373063,1755.3236788136765,3163.8872129680954,8939.37437873074
2026-08-23 05:45:00,0.014489152535909681,0.01562511253077092,0.014489152535909681,0.015276140470066483,0.11086721424549321,Very Thin,-3334.5090107347905,-5357.224735517412,-13078.250090030104,5057.624729651935,7712.108366862679,14149.408386350322
2026-08-23 06:00:00,0.01527496495267745,0.01527496495267745,0.014951628601450238,0.014951628601450238,0.07596627335987075,Thin,-4398.168467528574,-6769.5110649004955,-14238.934404263144,2809.869920137026,4782.386311658441,10714.019239976646
2026-08-23 06:15:00,0.0149487987400711,0.01496810483728151,0.014918829901596662,0.014934133199509082,0.07018642142850347,Thin,-4352.491654798001,-6781.853042687928,-14240.372535287963,2784.1385537304295,4739.924024802255,10654.721040658516
2026-08-23 06:30:00,0.014932991627160023,0.015067582848649461,0.014930393896425725,0.015057246766975634,0.07005007792588214,Thin,-4696.546651621694,-6858.568879735326,-14394.80909203221,3379.6316573573786,5452.919166150301,11488.586306381647
2026-08-23 06:45:00,0.015056818001610664,0.015063088234281794,0.0150380381843891,0.015058069778304282,0.05030113790731237,Thin,-4180.352731150491,-6341.876623614175,-13878.648729776214,3296.57410841056,5369.941100247231,11407.124657182063
2026-08-23 07:00:00,0.015057401179913839,0.015133956504589532,0.015049019734614175,0.015133956504589532,0.05022258278461109,Thin,-3839.407300223703,-5953.347251010068,-13539.17730856816,4179.709565483543,6326.522371965497,12503.326078971271
2026-08-23 07:15:00,0.01514080531084331,0.015147163700339633,0.015124706763705826,0.015146426924948657,0.03910598594163889,Thin,-3853.0980048191545,-5958.4447409793875,-13552.339114438526,4678.852099635608,6870.308418769545,13070.02130392294
2026-08-23 07:30:00,0.015146430744209632,0.015217739429277793,0.015140851214053378,0.015213764737322596,0.05294614417021752,Thin,-3190.439876796981,-5252.946518165862,-12916.027710991222,4140.805672326192,6575.175485955255,12907.386551880138
2026-08-23 07:45:00,0.015213028711049827,0.015213028711049827,0.015198503294341402,0.015198503294341402,0.05140704429416689,Thin,-3631.8212765797693,-5704.938082073567,-13350.565241816013,4047.095404008645,6426.947483396411,12731.178398960052
2026-08-23 08:00:00,0.015196698392216549,0.015196698392216549,0.015159934425056082,0.015159934425056082,0.04714202042299217,Thin,-3699.290460947127,-5799.021000712093,-13415.211208265155,4967.717332913196,7209.6695361464135,13443.126063828606
2026-08-23 08:15:00,0.015158305515953003,0.015158305515953003,0.01512912042088267,0.015131700284668757,0.04988102899171687,Thin,-4138.893383125439,-6259.988202960524,-13857.906687281833,4646.480669766636,6787.610534842087,12969.199946793278
2026-08-23 08:30:00,0.015131517036376227,0.015131517036376227,0.015089796326801035,0.015089796326801035,0.049807461929854344,Thin,-4680.10931557515,-6828.595768880913,-14383.466555807658,3964.299243525009,6042.884001631018,12147.405074116652
2026-08-23 08:45:00,0.015088741436503827,0.015088741436503827,0.015082467218886104,0.015082467218886104,0.03213743093595345,Thin,-4786.184829201356,-6939.216548107298,-14489.583804988277,3852.1382493958668,5930.015337223028,12021.04597296458
2026-08-23 09:00:00,0.015081301937015752,0.015081301937015752,0.014985112000331082,0.014985112000331082,0.07563470104878789,Thin,-4675.613669312828,-6891.3694255806495,-14382.595134423691,3585.879589715016,5593.1091875256025,11565.824120239082
2026-08-23 09:15:00,0.014984504960424964,0.014984504960424964,0.014898766255786643,0.014898766255786643,0.07037820916614815,Thin,-4246.583028342125,-6927.324841493434,-14278.739913631878,2636.84844981244,4560.350617639903,10469.011816316946
2026-08-23 09:30:00,0.014894534634032069,0.014894534634032069,0.014849084046828597,0.014849084046828597,0.07082583091070527,Thin,-4456.090632252815,-7437.857506811383,-14808.416816175755,3971.946132244279,5811.510395948209,11708.269402242415
2026-08-23 09:45:00,0.014848029722874407,0.014848029722874407,0.014799042004322636,0.014799042004322636,0.07087873238989184,Thin,-4635.470599358405,-7919.917259591427,-15310.657097776704,2882.7842376658177,4637.66058963057,10522.411054270733
2026-08-23 10:00:00,0.014795599140471068,0.014795599140471068,0.014707778311569442,0.014707778311569442,0.10037579477197778,Very Thin,-3322.9261962903597,-7161.87669019847,-14586.930131685138,2029.4916886386643,3630.5684153674574,9492.481197329667
2026-08-23 10:15:00,0.01470645572039937,0.014707167947913906,0.014598656195682512,0.014649652566707324,0.12817623136760536,Very Thin,-3210.991893851776,-7331.06897901222,-14773.584043764109,2181.6191091854967,3701.950198714713,9548.652264759912
2026-08-23 10:30:00,0.01464306239695544,0.014661769780021752,0.014538139022995363,0.014649382113686951,0.12851958383445922,Very Thin,-3448.988299997412,-7605.6566440740535,-15056.298793604434,2515.782037861044,4217.947248886112,10107.665880078264
2026-08-23 10:45:00,0.014648046433177143,0.014648046433177143,0.014557243026896738,0.01459905051303367,0.10204530800892413,Very Thin,-3262.8568233400483,-7550.503146864483,-15077.936874676101,3028.83421518831,4624.258352431876,10499.901768518408
2026-08-23 11:00:00,0.014656621809612472,0.01484705133070682,0.014656461813400828,0.01478569853374342,0.10151624961984373,Very Thin,-4059.1516973607468,-7430.1071952263555,-14824.753493161894,2718.6561745726726,4814.936960367481,10740.542472605466
2026-08-23 11:15:00,0.014785142601318906,0.014963427908018537,0.014777823224624809,0.014963427908018537,0.06593782442296145,Thin,-4505.280401015708,-6751.436094802614,-14121.426614122334,3367.8276092869855,5880.349067028945,11969.461840801445
2026-08-23 11:30:00,0.01498255279933381,0.015226861779751254,0.014982474702006877,0.015226861779751254,0.06547312371303753,Thin,-3535.5869763379974,-5630.016348396071,-13154.220783801537,4599.547323325187,7224.701554026266,13642.914259165498
2026-08-23 11:45:00,0.01525549371255013,0.01550208757665789,0.015255465786456686,0.015318984859659374,0.08800699522111502,Thin,-2873.9405080503034,-4886.4130972248295,-12494.383439422094,4949.7864390308605,8012.122604573278,14599.220193657131
2026-08-23 12:00:00,0.01531737101544309,0.015560876807006779,0.01531737101544309,0.015517767758199266,0.08708933849366618,Thin,-3066.320172426917,-5111.22273686488,-12779.36066127954,4531.334288107706,8907.055189246137,15879.810601560845
2026-08-23 12:15:00,0.01550947326192077,0.01550947326192077,0.0152919920889227,0.0152919920889227,0.08235925116499576,Thin,-3283.2254032652754,-5438.12458255743,-13030.265147457998,4976.811171945253,7909.926037003683,14447.641885086156
2026-08-23 12:30:00,0.01529146318690302,0.01529146318690302,0.01524230918774441,0.01524230918774441,0.0462861510309396,Thin,-3633.5268949102383,-5862.74680364622,-13409.74608441916,4762.417687096643,7460.069433075377,13906.684630342314
2026-08-23 12:45:00,0.01524178417695371,0.01524178417695371,0.01492170115133648,0.01492170115133648,0.06638575550486406,Thin,-4829.713770946275,-7955.3532613903635,-15454.658876889402,2939.7226512455723,4901.287785181174,10872.940382597793
2026-08-23 13:00:00,0.014911482543757333,0.014914863351608056,0.014863994593916657,0.014863994593916657,0.06644988922593867,Thin,-4716.655372837968,-8227.813727884652,-15810.201071407893,3451.918731477372,5328.57174611123,11273.495242942641
2026-08-23 13:15:00,0.014862545840722866,0.015033748198279274,0.014859354285824916,0.015024158872538308,0.06595604121668197,Thin,-4890.324958239893,-7548.023114802271,-15034.577875444853,3450.390859747727,5509.899054990465,11580.79007420357
2026-08-23 13:30:00,0.015023244514393554,0.015023607101038866,0.014970092847280332,0.014970092847280332,0.06594997440784067,Thin,-5409.4880017706055,-8153.349345127074,-15639.280134333554,3729.3840311328286,5743.095100431583,11769.286335908197
2026-08-23 13:45:00,0.01501743715421625,0.015177743365300676,0.01501743715421625,0.015092431041335137,0.04647777507270123,Thin,-4540.75989850589,-7040.494334793111,-14494.061215924532,4031.216156591675,6127.984270422002,12307.935034097232
2026-08-23 14:00:00,0.015092328063118622,0.015121611814930998,0.015092328063118622,0.015094815120001166,0.037643869664768174,Thin,-4857.94621863084,-7341.816632445633,-14754.108955401876,4276.015972466172,6372.949687938761,12557.339458848284
2026-08-23 14:15:00,0.015093490664516138,0.015142757115806328,0.0150821257862547,0.015130799779438181,0.03654521863400957,Thin,-4648.934061891913,-7076.351876275709,-14537.117177092117,4924.34475862074,7111.389360763574,13375.502389145284
2026-08-23 14:30:00,0.015130440707318294,0.015130440707318294,0.015094347615501137,0.015094347615501137,0.04579349354016933,Thin,-4990.90088706102,-7488.088552663335,-14945.91551918719,4358.638703131938,6468.920436921398,12663.969157598194
2026-08-23 14:45:00,0.015094092164655602,0.015132323838607084,0.015092917241056677,0.01512405357030859,0.04570558959174713,Thin,-4355.392071026354,-6795.729088254138,-14255.951959525015,4300.251048483625,6458.229997847122,12709.567559965984
2026-08-23 15:00:00,0.015123549336924759,0.015126727710437769,0.015101744559589599,0.015101744559589599,0.04574073820591111,Thin,-4497.5555181255895,-6980.842368717405,-14439.267056538649,4137.533832017608,6250.964048819864,12460.034171818092
2026-08-23 15:15:00,0.015099093335735067,0.015099093335735067,0.015045909180518747,0.015045909180518747,0.04574570243548581,Thin,-5192.127487074036,-7783.166694716352,-15237.096486729919,3659.2420278851973,5760.279308588036,11870.830926053122
2026-08-23 15:30:00,0.015045387751998634,0.015045387751998634,0.014971940579615511,0.014971940579615511,0.06511159981966275,Thin,-5453.1267207370765,-8186.252302940537,-15635.774206578322,3760.3781693116084,5789.323388965113,11824.702558603025
2026-08-23 15:45:00,0.014971377439797253,0.01497951432665121,0.014967927522274525,0.01497460433921111,0.04049626460186162,Thin,-5444.754855512332,-8185.967478981665,-15638.481723481042,3804.249572815657,5850.008633766779,11917.428916533452
2026-08-23 16:00:00,0.014970165758729748,0.015061796730023256,0.014956098148434993,0.015056107547086466,0.04551674754641662,Thin,-5274.186354120787,-7858.715144762636,-15313.440108363091,3818.345246414833,5941.969278509493,12096.770745459235
2026-08-23 16:15:00,0.015099241822899831,0.015289590427851099,0.015099241822899831,0.015258446315300113,0.0456855886222006,Thin,-3546.4507858587285,-5709.811425063789,-13188.068547967874,4910.235224395419,7728.932925732098,14273.746403770485
2026-08-23 16:30:00,0.015257932645939986,0.015257932645939986,0.01523351268215863,0.01523351268215863,0.046729630922139886,Thin,-4006.2872456119185,-6096.347774688402,-13594.141843976631,4992.522870229817,7730.936599301834,14227.891270742568
2026-08-23 16:45:00,0.015232975797151757,0.015232975797151757,0.015159373745190238,0.015160594784981817,0.04527068483645709,Thin,-4333.756420123698,-6590.833029675533,-14051.0017838572,5704.780398362457,8070.14197381187,14426.724220427921
2026-08-23 17:00:00,0.015159606599781779,0.015159606599781779,0.015110794815885927,0.015110794815885927,0.046190148712079805,Thin,-4305.290931635766,-6625.289123649459,-14059.90635905207,4208.245657584677,6339.356843106195,12599.858071600333
2026-08-23 17:15:00,0.015107148282815234,0.015107148282815234,0.01509194922784116,0.01509194922784116,0.046635458419487866,Thin,-5121.432211168534,-7478.954427453298,-14903.902761796098,4465.688764443519,6594.780112857028,12818.880529614591
2026-08-23 17:30:00,0.015091778944981033,0.015092422854056035,0.015080723464849927,0.015080723464849927,0.03072685624198517,Thin,-5271.374720740902,-7651.236894523591,-15070.425866443788,4280.307363824785,6408.194955257504,12610.601676488845
2026-08-23 17:45:00,0.015079691925363972,0.015079691925363972,0.015059178001956837,0.015059178001956837,0.03921769639882988,Thin,-5482.314098801055,-7903.900352025265,-15286.41222222805,3912.410640121577,6036.772127399876,12192.969026101187
2026-08-23 18:00:00,0.015058730389350933,0.015058730389350933,0.015040927084990389,0.015040927084990389,0.04674742830614394,Thin,-4755.805670967776,-7213.16862156766,-14587.465657275572,3586.7288477092275,5697.308567204787,11830.065071433815
2026-08-23 18:15:00,0.015040218401040138,0.015040289500264429,0.01497006265003493,0.01497006265003493,0.06545509064630857,Thin,-5763.888920294304,-8358.947231248125,-15703.66305598987,4289.679933602574,6329.897835426508,12388.275891221761
2026-08-23 18:30:00,0.014969740713953758,0.014990065738829281,0.01495574603729614,0.01495574603729614,0.06554731175595394,Thin,-4930.406599013473,-7607.746700111658,-14946.495189724892,3149.1102564857506,5175.420232289998,11218.750385024876
2026-08-23 18:45:00,0.014955031626898665,0.014955031626898665,0.01492146654143175,0.01492146654143175,0.06560955455800965,Thin,-5397.147016503841,-8356.636899478224,-15681.095227594526,3174.7891624874715,5168.255659187999,11175.518979669947
2026-08-23 19:00:00,0.014919936922718655,0.014919936922718655,0.014879545834645552,0.014887938031684601,0.06572099569906453,Thin,-5464.493957281298,-8669.270910588031,-16010.178139511085,2832.3380306914464,4781.540079622759,10765.429478834545
2026-08-23 19:15:00,0.014881492450971517,0.015082849548933438,0.014872096505593414,0.015073785345922271,0.06474458455587835,Thin,-5325.649369388513,-7728.678421058019,-15118.162989458933,4950.493081437992,7088.4058460632,13273.403276292496
2026-08-23 19:30:00,0.01507244394055502,0.015266334659630365,0.01507237575727433,0.015263732709440276,0.04761745445785248,Thin,-3729.365035979583,-5752.603608067708,-13233.17540134865,5195.3740461558,8050.167101872721,14606.41372965637
2026-08-23 19:45:00,0.015263078425634248,0.01526562736865623,0.015260268886979449,0.015260268886979449,0.04215625963448803,Thin,-4390.20094829709,-6420.377474113638,-13899.271317322142,5781.301895731344,8619.544112090038,15169.041497252867
2026-08-23 20:00:00,0.01525995194662408,0.01525995194662408,0.01522377334659131,0.01522377334659131,0.04216243972851401,Thin,-4737.232149366365,-6840.45728753463,-14301.671770774274,5203.490847908203,7867.235756181225,14345.575138812608
2026-08-23 20:15:00,0.015223614999096056,0.015223614999096056,0.015215621255975118,0.015215621255975118,0.04221481087216479,Thin,-4109.574155685504,-6229.103556350048,-13686.368927463549,4928.344301971623,7553.082786930846,14015.515797141083
2026-08-23 20:30:00,0.015215019451798636,0.015215019451798636,0.015197488131586459,0.015197488131586459,0.04222103145436891,Thin,-5035.411109803137,-7191.141864822685,-14639.671291764698,4892.373266057033,7430.310220969076,13857.346561955037
2026-08-23 20:45:00,0.01519635876262647,0.015198327874817693,0.015173129919114252,0.01519772709631428,0.042273521387554226,Thin,-4250.827540331277,-6406.082443609495,-13854.725924262202,4828.919870898049,7368.001063695554,13795.504011778463
2026-08-23 21:00:00,0.015191253346432858,0.015191253346432858,0.01512092234315488,0.01512092234315488,0.037608639356295104,Thin,-5827.082167246476,-8394.584158898519,-16041.852122323975,5314.931838728663,7664.412917690612,14046.91294177076
2026-08-23 21:15:00,0.015120278344622977,0.015120278344622977,0.015074237152286998,0.015074237152286998,0.029636747754506088,Moderate,-6382.289577557534,-9143.5068269796,-16788.396717259708,4574.057183446608,6886.383685606442,13156.785189356373
2026-08-23 21:30:00,0.015063205760957077,0.015063205760957077,0.014526064484231861,0.014526064484231861,0.11549648505717283,Very Thin,-3234.0861013451986,-8381.80237566401,-17645.099734326046,2519.610521476209,3991.8128977606675,9858.965211706189
2026-08-23 21:45:00,0.014508498255005654,0.014560488935762865,0.01443811171523776,0.014557645085942891,0.09715500811439233,Thin,-3376.129181947791,-8298.044659054285,-16903.735061573145,2552.259743041046,4101.138801884661,9978.273435724164
2026-08-23 22:00:00,0.014556399905710326,0.01469946640087784,0.014556137804439274,0.01469946640087784,0.09672139904938168,Thin,-4276.885019788877,-8961.503622168848,-16953.775344552672,3118.6113686176664,5036.966246989904,10959.568882978661
2026-08-23 22:15:00,0.014698824416219235,0.014830351045109902,0.014695247159476546,0.014807776431968726,0.06092686801247771,Thin,-5030.322247842823,-8912.188050527913,-16729.514028459253,3273.746303182926,5546.91785098482,11507.664353406317
2026-08-23 22:30:00,0.014802542498893219,0.014802542498893219,0.01478560219502773,0.014795573637971881,0.047809948724415824,Thin,-5007.162647880663,-8928.15829911153,-16811.71503251663,3180.3938740779668,5414.141254315252,11370.110862786316
2026-08-23 22:45:00,0.014794999916146075,0.014852192911082591,0.014794426227690385,0.014829277249674741,0.047364318730009174,Thin,-5261.8032206037215,-8973.636820419735,-16789.141267463,3845.1516801504936,6263.365223997667,12232.52362898264
2026-08-23 23:00:00,0.014927805948140261,0.015405940375051162,0.014927805948140261,0.015405497964968066,0.08266357862216492,Thin,-2755.0852321297075,-4938.898217307253,-12576.386284970456,5143.759094173186,9007.8858395779,16231.927090825757
2026-08-23 23:15:00,0.015413170628916145,0.015445969035725706,0.015352368217034453,0.015352368217034453,0.07367073893058702,Thin,-3411.282499640155,-5694.698858036244,-13365.57110151875,5769.2373877872315,9328.736269222698,16264.436296035716
2026-08-23 23:30:00,0.015343513875740308,0.015343513875740308,0.015314127098302351,0.015314127098302351,0.044491595801105344,Thin,-3833.7597852601343,-6173.171095148946,-13849.032327422965,6761.127289882833,10085.226549714047,16929.811996878314
2026-08-23 23:45:00,0.015313969239957145,0.015313969239957145,0.015210209598252093,0.015210209598252093,0.041812440342433546,Thin,-4369.150809651071,-6967.5400860496065,-14637.557256944705,5225.112083160711,7991.594014270801,14588.465541275675
2026-08-24 00:00:00,0.015209972520753512,0.015508572676147414,0.015186249407472189,0.01538741882587356,0.06959007152026157,Thin,-3347.713512660599,-5579.669650465349,-13228.518308337658,5683.842300947225,9458.101368052014,16478.85325807565
2026-08-24 00:15:00,0.015366297600328696,0.015366297600328696,0.015366297600328696,0.015366297600328696,0.06963396294229485,Thin,-3386.2050601599253,-5649.299495513477,-13311.4051966688,5735.469031864088,9380.65787378417,16350.380417377592
2026-08-24 00:30:00,0.015349166460929008,0.015349166460929008,0.015249621179235472,0.015249621179235472,0.04177677809340705,Thin,-4124.98359670068,-6591.252153031049,-14263.504334900117,5435.318605793597,8387.318121393653,15078.440862455262
2026-08-24 00:45:00,0.015248999400830594,0.015248999400830594,0.015095065044965038,0.015095065044965038,0.04345101704418486,Thin,-4883.485358182393,-7699.195111228565,-15363.41314508678,4405.869914355787,6720.85784641194,13041.664074750584
2026-08-24 01:00:00,0.0150934921645474,0.015157517967279356,0.015069184138246565,0.015157517967279356,0.04348929362906293,Thin,-4721.479667723473,-7360.3896002932315,-15027.752210459284,5767.354602261125,8285.431418485365,14756.102058818195
2026-08-24 01:15:00,0.01516156247976512,0.015304723689493534,0.01516156247976512,0.015294502866823797,0.04334123693327652,Thin,-3596.1001572519467,-5899.481659716414,-13574.251359998509,5431.1936933075485,8620.31080750863,15418.618102951714
2026-08-24 01:30:00,0.015294256209266763,0.015381533437263433,0.015290579051833172,0.01530976220229011,0.043167871499060206,Thin,-3472.280590843054,-5761.207623901815,-13426.549051296688,5489.919687732275,8765.129826726596,15599.842991454076
2026-08-24 01:45:00,0.015316232591245428,0.015569257417987415,0.015316232591245428,0.015561382679009562,0.07374751262812274,Thin,-2868.2704624047115,-5064.470149384307,-12593.247282526976,4724.124390494452,9765.29593085063,17423.164789810657
2026-08-24 02:00:00,0.015558913928514134,0.015558913928514134,0.015532413552566704,0.015532413552566704,0.06989557211874808,Thin,-3235.1006663216854,-5455.152438631383,-13002.074554748247,4998.754262633247,9887.090545131123,17331.115652762095
2026-08-24 02:15:00,0.015530327802165551,0.015568324250945734,0.01552772283281167,0.015549531761782765,0.06837110377364747,Thin,-3216.1244559724187,-5428.4669319606055,-12964.670581533517,4976.596350100591,9953.908508089533,17515.276498046183
2026-08-24 02:30:00,0.015551115017561831,0.015551115017561831,0.015405263801309037,0.015501953431535407,0.06997335455503073,Thin,-3039.2192042985785,-5272.639029036369,-12838.94364751231,5087.772461056247,9769.15355793898,17052.493764716986
2026-08-24 02:45:00,0.015501544287335857,0.015501544287335857,0.015311461052051814,0.015311461052051814,0.06987918425355466,Thin,-3857.713417614794,-6275.700412668727,-13947.71300760815,6655.03810843976,9929.254461453795,16760.22753457245
2026-08-24 03:00:00,0.015311060481803805,0.015311060481803805,0.015290920336987873,0.015290920336987873,0.041842831837928654,Thin,-3803.993135792935,-6250.237017729179,-13921.94811555657,5540.376400063238,8698.014665209472,15480.59996733344
2026-08-24 03:15:00,0.015289361254915264,0.015296287529280606,0.015181252307523704,0.015181252307523704,0.04199227236139509,Thin,-4529.572805490235,-7277.171506049282,-14957.989215638294,4981.28342625717,7599.27771636035,14122.966220763332
2026-08-24 03:30:00,0.015175983142815727,0.015175983142815727,0.015127636720237501,0.015127636720237501,0.04206129464139985,Thin,-5337.452989715083,-8234.417259717518,-15939.545294721218,5458.335129432728,7823.344510676565,14220.120668512049
2026-08-24 03:45:00,0.015126071021877106,0.015126071021877106,0.014998984661425118,0.014998984661425118,0.057660283912104204,Thin,-5498.368251026299,-8703.772839026657,-16520.689696932983,3623.2312688672455,5866.414541490902,12006.65229636694
2026-08-24 04:00:00,0.014996925051669573,0.014996925051669573,0.014959601123683282,0.014959601123683282,0.05773091500961489,Thin,-5982.936734978464,-9183.808016092937,-16944.892899622846,3974.869312564295,6178.870056034878,12260.22585278301
2026-08-24 04:15:00,0.014959186646819493,0.014959186646819493,0.014950404889052471,0.014950404889052471,0.03776916642956074,Thin,-6332.874651122626,-9612.164771218315,-17382.332179182198,4124.1865491696535,6319.327643927428,12386.923078102198
2026-08-24 04:30:00,0.014954937414411703,0.015055823289784314,0.014954937414411703,0.015049426674978633,0.047698730257078166,Thin,-5914.760971636291,-8884.60777725793,-16556.971216620488,4188.896217382317,6516.960356995236,12732.500697519301
2026-08-24 04:45:00,0.01504883157096052,0.015166188779825115,0.0150399186375638,0.015166188779825115,0.042375616633598366,Thin,-4738.033243178743,-7357.060862324404,-15027.097195495968,6067.966892269649,8696.839702686371,15184.89431086786
2026-08-24 05:00:00,0.015165951001804102,0.015165951001804102,0.015063087453426565,0.015084403410113582,0.04234582686170345,Thin,-5102.302301479488,-7962.840488013125,-15632.090566244944,4456.277532431287,6806.814001239283,13101.08960369432
2026-08-24 05:15:00,0.015084217409977991,0.015228624098451838,0.015082821774720458,0.01514995070708296,0.0421911725060784,Thin,-4689.388141634365,-7355.243416954659,-15025.132387617728,4921.090774103924,7467.22601899739,13916.84843163167
2026-08-24 05:30:00,0.015144680474361698,0.015144680474361698,0.015122099345115539,0.015122099345115539,0.042230882436307085,Thin,-4872.722194980211,-7616.629407542416,-15286.255547800174,4785.7348671921345,7188.725308997221,13572.38125648743
2026-08-24 05:45:00,0.015121911815746208,0.01512266073284471,0.015101675748114208,0.015101675748114208,0.03343056005130296,Thin,-5001.2472848689295,-7808.144497920415,-15477.569795424266,4624.83672706863,6984.335780266585,13319.579446427957
2026-08-24 06:00:00,0.015101488489306382,0.015101888226054114,0.015034000692943875,0.015034000692943875,0.04234075066160181,Thin,-5865.4424670983335,-8872.789624375553,-16560.23861902922,3984.734739142054,6291.138593684424,12483.663601471439
2026-08-24 06:15:00,0.015027187394941412,0.015027187394941412,0.014993398671905958,0.014993398671905958,0.05563826377942547,Thin,-5745.683639029982,-8844.337078107264,-16572.005758385494,4369.684409938837,6619.024045142086,12750.914948105827
2026-08-24 06:30:00,0.014996412050632645,0.014996412050632645,0.014976721331222029,0.014976721331222029,0.037547306962941465,Thin,-5916.349326322918,-9061.918171655514,-16785.56425744048,4219.6319036979485,6446.840165184166,12553.80173533501
2026-08-24 06:45:00,0.014976164972076728,0.015108423944240959,0.014967581401999625,0.015105834274860052,0.04200540082909292,Thin,-5010.917078246458,-7799.693933357129,-15448.553488037107,4705.221186245719,7082.337934777456,13427.441663750238
2026-08-24 07:00:00,0.015105241363477009,0.01525757389885018,0.01505881345467349,0.01505881345467349,0.042022368308010316,Thin,-5598.964549010356,-8545.240239217765,-16193.822754195391,4316.370232585804,6663.991985245792,12897.736193660498
2026-08-24 07:15:00,0.015054294476626536,0.015054294476626536,0.014982209879067702,0.014982209879067702,0.05514479108317616,Thin,-5871.988227843331,-9004.679914292798,-16723.070541571196,4282.858340795601,6518.442818750933,12633.823739122628
2026-08-24 07:30:00,0.01498179753473863,0.01498179753473863,0.014887019543644575,0.014887019543644575,0.055316661420118686,Thin,-5314.10631601469,-9127.975902275957,-16967.45197205611,3114.9127142136813,5211.987044907234,11131.705996225584
2026-08-24 07:45:00,0.014883260500924903,0.014883260500924903,0.014841808938610231,0.014841808938610231,0.06065991297662232,Thin,-5311.986186083408,-9429.505388489639,-17404.249052258172,3402.940893177531,5405.967170086636,11308.100505831777
2026-08-24 08:00:00,0.014841359466203661,0.014841359466203661,0.014386751149560457,0.014446340497258535,0.11771663025793817,Very Thin,-2961.6108828336187,-7314.5460339032115,-16953.553302469718,2371.1656629384374,3890.0294780921313,9661.223229536314
2026-08-24 08:15:00,0.01444536357593076,0.014449621495532658,0.014422381277884401,0.014426953336594295,0.0968770212523915,Thin,-2924.070457044548,-7225.358010509024,-17030.314633562273,2741.0028675496815,4232.30924198121,9997.689664769403
2026-08-24 08:30:00,0.014419413599221869,0.014522518289793363,0.014412598657974531,0.014441086697582005,0.09621693322096703,Thin,-3007.284775009758,-7389.077879133029,-17201.740141220085,2880.543434539751,4411.794994525018,10181.413755655709
2026-08-24 08:45:00,0.01444024736917368,0.014560459359071447,0.0144385689318635,0.014559496485908647,0.09459975777529414,Thin,-3555.6536813200128,-8302.516584834875,-17118.051414495592,2642.8788661297435,4410.415608714468,10235.800271388984
2026-08-24 09:00:00,0.014558533708253898,0.01482597614766728,0.014558533708253898,0.014825381247954315,0.0911480281954794,Thin,-4691.619094197494,-8501.147527840492,-16403.454156295345,3229.398578428525,5740.4652519276,11764.501959060835
2026-08-24 09:15:00,0.014824628156275601,0.014851908692457306,0.014819461246495363,0.014850555934640238,0.05543610567270685,Thin,-4953.2952641611455,-8603.76327755666,-16451.602059015207,3999.7258202772637,6563.668240978246,12632.709388743344
2026-08-24 09:30:00,0.014856058454247707,0.015316593035632339,0.014851313504165521,0.0150556339575684,0.059992557538731256,Thin,-5296.020182483879,-7997.98498895599,-15709.193836186978,4425.852685091399,6901.713726815873,13142.600146308574
2026-08-24 09:45:00,0.015046258928276494,0.015129149328798797,0.014946520362865128,0.015125898528336072,0.05526762856353971,Thin,-4886.109615051015,-7389.237872949234,-15095.333637908434,5006.351242806663,7635.293139090996,14055.773633789511
2026-08-24 10:00:00,0.015113693418353665,0.015126625178156123,0.015060111993501282,0.015126039166643125,0.041895681858956355,Thin,-4968.950438161431,-7502.97640330722,-15209.061838540312,5092.8910680799145,7725.1668618760705,14146.006390759807
2026-08-24 10:15:00,0.015124534023002812,0.015466806182487875,0.015124534023002812,0.015462085313267919,0.06770944500311737,Thin,-2786.5639657470897,-5007.483041752294,-12608.620002632759,5446.986155193674,10224.544571196702,17637.084985351365
2026-08-24 10:30:00,0.015503250076756559,0.015600091580649997,0.015316526201657035,0.015316526201657035,0.07833976249401084,Thin,-3683.8192753484686,-6347.482065870381,-14088.382633026602,5522.719990464844,8951.916862098982,15857.526344713076
2026-08-24 10:45:00,0.01531581624276506,0.01531591672072905,0.01530936230708584,0.01530936230708584,0.04094851897628997,Thin,-3745.1000785617016,-6408.702902716416,-14158.625732456316,5486.776195367582,8878.923305249551,15766.35614766354
2026-08-24 11:00:00,0.015308766918770129,0.015308766918770129,0.015288901428708503,0.015288901428708503,0.04096113199746774,Thin,-3460.722875842995,-5681.33570408407,-13375.874977511632,5257.76192938729,8544.04304377367,15379.5379514064
2026-08-24 11:15:00,0.015288223119261856,0.015288223119261856,0.015254703327578105,0.015254703327578105,0.027838664888933384,Moderate,-4985.149167847935,-7454.878571297533,-15119.589802876266,6262.7099763570495,9391.858175279276,16140.466906620399
2026-08-24 11:30:00,0.015254317090579669,0.015254317090579669,0.014982156264616025,0.014982156264616025,0.044087078068686864,Thin,-5795.316495096258,-9195.552093625634,-17004.441535057507,3798.4002758957013,6083.081346040676,12199.539150812312
2026-08-24 11:45:00,0.014981890661035816,0.015044571034678204,0.014970564108697397,0.01503069623845488,0.05242163726156579,Thin,-5727.928154693253,-9021.352955476725,-16741.594991311402,4172.253977050225,6521.60049395083,12719.510965111149
2026-08-24 12:00:00,0.015029972582372876,0.015029972582372876,0.014947788933847815,0.014947788933847815,0.05183902326717236,Thin,-6357.900589597316,-9968.464491974386,-17823.24949260037,4001.806562293475,6250.059145285881,12308.766925097283
2026-08-24 12:15:00,0.014946536921215434,0.015015656964173403,0.014835026656674893,0.015015656964173403,0.052659440757345834,Thin,-5642.506756150584,-8487.41352893906,-16182.26471404728,4349.007373500966,6918.131737540232,13090.819584330717
2026-08-24 12:30:00,0.015031058428340887,0.015031058428340887,0.014985478703201792,0.014985478703201792,0.052442763763991526,Thin,-5783.905065464428,-8731.899254037105,-16453.525840264287,4222.4523815041475,6745.454442648486,12888.363099202861
2026-08-24 12:45:00,0.01498528595034706,0.01498528595034706,0.01495163536258342,0.01495163536258342,0.052178609872328786,Thin,-6315.471195493316,-9448.739968252043,-17180.13219988951,4444.485553032763,6885.290631180638,12970.863524049759
2026-08-24 13:00:00,0.014950829510310409,0.014950829510310409,0.014927821257933523,0.014927821257933523,0.03540033841906483,Thin,-5718.080790212312,-9092.633234687974,-16830.87865166937,3905.126712381841,6292.749254690108,12337.938530238138
2026-08-24 13:15:00,0.014938197199805376,0.015071683266382922,0.014934705103662266,0.015066251343689021,0.04036584606960514,Thin,-5375.6851782615395,-8108.341433930637,-15808.020083918866,4765.357697582769,7482.639278033054,13773.545427556024
2026-08-24 13:30:00,0.015065682811404121,0.015160636763394596,0.015065114311299371,0.015124136631528059,0.04026202219110697,Thin,-4958.7955474327455,-7545.10308165154,-15264.650000117568,5246.63923142094,8112.380677889396,14596.324401466685
2026-08-24 13:45:00,0.015123685657133146,0.01514470304488624,0.015121192658128531,0.015142768081511148,0.04022888329345742,Thin,-5181.130765356234,-7721.696528391239,-15437.042608236809,6233.179136178934,9223.580444629173,15756.452396770284
2026-08-24 14:00:00,0.01515857874272865,0.01515857874272865,0.01514882561448547,0.01514882561448547,0.0265298885562955,Moderate,-5083.902972670681,-7609.590503869947,-15323.568973912621,6307.655974126989,9338.570683192933,15887.34389572141
2026-08-24 14:15:00,0.015148675914155139,0.015313180899880407,0.015148675914155139,0.0152997070730825,0.03978281699785544,Thin,-3881.3406098021724,-6145.465843691465,-13841.029192850494,6872.53134870924,10831.651205606811,17940.372591196414
2026-08-24 14:30:00,0.015299250461128315,0.01532828450555653,0.015294410914955122,0.015322627268102016,0.042884750650989845,Thin,-3894.5686440777513,-6271.618098611029,-13960.030661799305,7190.321777360845,10873.739246602378,17934.264216796684
2026-08-24 14:45:00,0.015321137748888056,0.015321137748888056,0.015301437963353443,0.015301437963353443,0.0357431865832807,Thin,-4457.389296841208,-6859.072374684998,-14554.096197695182,7539.633987940302,11082.400147169448,18085.935116025474
2026-08-24 15:00:00,0.015297322154497585,0.015297322154497585,0.015291308576629073,0.015291308576629073,0.03983647832005819,Thin,-4593.464651703329,-7006.916812299409,-14705.096877221771,7153.504680553908,10628.999141325987,17605.276531246116
2026-08-24 15:15:00,0.015291041441094102,0.015291041441094102,0.01528725974467647,0.01528725974467647,0.023308569187864947,Moderate,-4671.336615529641,-7089.49177524162,-14788.932661578772,7079.148839222727,10527.74779843645,17493.127496257835
2026-08-24 15:30:00,0.015286991663985934,0.015292301187864663,0.01523842971652688,0.01523842971652688,0.0398897767323837,Thin,-4536.273820994779,-7080.831591955359,-14795.443867027396,5872.175837026422,9029.346092331563,15863.182794683109
2026-08-24 15:45:00,0.015237032998643646,0.015237032998643646,0.015195957135061295,0.015195957135061295,0.03773807288215343,Thin,-5600.841479297958,-8299.229558626299,-16027.056038238301,5672.6722702885445,8596.680352899382,15315.928870372314
2026-08-24 16:00:00,0.015194414825287036,0.015194414825287036,0.015163905062721184,0.015163905062721184,0.047403687819153675,Thin,-5162.240467173845,-9183.940496061117,-21670.150414797507,5883.483520709412,9875.703070573723,22362.952492007895
2026-08-24 16:15:00,0.015160207056206071,0.015160207056206071,0.015148064513633607,0.015148064513633607,0.04742878117658085,Thin,-5287.32741142244,-9352.134192037722,-21840.67095820755,5739.549311882732,9699.048284115137,22140.416050076292
2026-08-24 16:30:00,0.015147991277237816,0.015147991277237816,0.015081327397339313,0.015081327397339313,0.047531586739283836,Thin,-5804.217385364614,-10059.720278816654,-22557.97171328511,5077.681178316176,8953.775543438083,21201.577384472643
2026-08-24 16:45:00,0.015080516812174505,0.015080516812174505,0.015055998233427232,0.015055998233427232,0.047555044063980256,Thin,-6012.911500908073,-10356.992016218343,-22905.82045161134,4806.973909617895,8671.75484966003,20845.360525406166
2026-08-24 17:00:00,0.015055552970346546,0.015055552970346546,0.01504494815036646,0.01504494815036646,0.031601351946899704,Thin,-6124.587488716897,-10491.824328415705,-23052.100280940354,4689.586559240944,8540.493772405373,20690.510324818748
2026-08-24 17:15:00,0.015041782470722128,0.015041782470722128,0.014987265431923403,0.014987265431923403,0.0511740055464001,Thin,-5085.088991900404,-9553.573022967485,-22192.727894559965,4568.369773481539,8325.592710259096,20343.715436411694
2026-08-24 17:30:00,0.014986970795909773,0.014986970795909773,0.014973025773290217,0.014973025773290217,0.046356599134522725,Thin,-5907.525134627338,-10400.968232510695,-23059.55022274323,5655.617105236126,9392.828592786034,21383.04061287281
2026-08-24 17:45:00,0.014970615887951956,0.014970615887951956,0.014960175667999419,0.014960175667999419,0.04637157709273669,Thin,-5927.4841080231345,-10443.438755348316,-23119.539261486152,5265.3656672973275,8985.92665623846,20950.94019542918
2026-08-24 18:00:00,0.014957187224210126,0.014957187224210126,0.014935661839072762,0.014935661839072762,0.04639163643098043,Thin,-5972.470385433841,-10531.338320215169,-23240.824624945755,4754.85657632058,8448.790026573892,20365.703012341175
2026-08-24 18:15:00,0.01493556818236439,0.01493556818236439,0.014921118776082607,0.014921118776082607,0.04642745298536919,Thin,-6002.701152627274,-10587.008273586967,-23316.279998664864,4530.340248620271,8208.46632924702,20096.81575402452
2026-08-24 18:30:00,0.014920217754003208,0.014920217754003208,0.014846177584841153,0.014846177584841153,0.05678907271098146,Thin,-4764.623012513657,-8966.437474134245,-21650.846104701563,4012.5509212664642,7544.108291966481,19349.70659956188
2026-08-24 18:45:00,0.014845999670425417,0.014854988048683177,0.014845999670425417,0.01484942433107604,0.036743679890677616,Thin,-5452.018710486486,-9726.536432525434,-22405.007598700762,5819.999591266378,9380.300888953112,21188.68719572384
2026-08-24 19:00:00,0.014844692563193493,0.014844692563193493,0.014805130911742063,0.014805130911742063,0.055525370155673756,Thin,-5162.056732586966,-9370.087392127416,-22129.477592160252,4591.745833388501,8032.72848417741,19803.053458962295
2026-08-24 19:15:00,0.014804926559468756,0.014804926559468756,0.014798404187531082,0.014798404187531082,0.0325868031444978,Thin,-5225.136479963971,-9434.450742992422,-22206.114351827084,4511.142724473525,7937.270031630857,19701.809755515198
2026-08-24 19:30:00,0.014797574528941248,0.014797574528941248,0.014765672482331207,0.014765672482331207,0.05556562086983863,Thin,-5226.249865489218,-9441.799663309259,-22273.12601768346,4047.5348213376587,7401.3289744995855,19137.69934366092
2026-08-24 19:45:00,0.014764439415961936,0.014764439415961936,0.014763765173451987,0.014763765173451987,0.049573832947952326,Thin,-5237.379723958619,-9453.292340962853,-22288.09229639863,4029.3629313678734,7378.939689253423,19113.66764000791
2026-08-24 20:00:00,0.01476187081543781,0.01476187081543781,0.014757283803102308,0.014757283803102308,0.047666109281226235,Thin,-5268.505304562714,-9485.65040674553,-22332.251790879596,3967.0958188934674,7302.339091235364,19031.485023006924
2026-08-24 20:15:00,0.014756043867855402,0.014756043867855402,0.01470721657146585,0.01470721657146585,0.06636871692345477,Thin,-4696.381442024675,-8909.689861056082,-21860.79323366647,5105.812869733743,8320.327204747682,20016.211350218866
2026-08-24 20:30:00,0.014706574138528591,0.014768366057630105,0.014698024143276287,0.014758199616750846,0.05561715880963862,Thin,-4409.818561448382,-8626.789555312771,-21471.723637129337,3832.98181253347,7170.250588506363,18900.18533048628
2026-08-24 20:45:00,0.014756276768544926,0.014806035119749773,0.014756276768544926,0.014806035119749773,0.05556059644771687,Thin,-4672.978289822428,-8880.866694266102,-21638.718094736716,4182.067909446594,7625.058970822061,19396.16150031482
2026-08-24 21:00:00,0.014805968837072385,0.014805968837072385,0.014783419904439073,0.014783419904439073,0.04346118640869938,Thin,-4750.897914695162,-8963.125414987628,-21754.44981191336,4050.9280666716386,7443.961712587622,19195.609627271995
2026-08-24 21:15:00,0.014781910979833189,0.014803195340557528,0.014771876875000395,0.014801684654797302,0.04347934683260646,Thin,-4692.786095426305,-8906.150335269042,-21669.009420698683,4161.773561501522,7600.132738787779,19373.736396475884
2026-08-24 21:30:00,0.014799760212842614,0.014799760212842614,0.014784288614617235,0.014784288614617235,0.043674374134537564,Thin,-4744.973751363784,-8961.652327675658,-21756.67860970619,4057.2459578168136,7457.171786391955,19215.585994093784
2026-08-24 21:45:00,0.01478277342105393,0.01478277342105393,0.014758127506107659,0.014758127506107659,0.0554999456005006,Thin,-4814.786477191072,-9036.440165501786,-21879.78891552357,3904.3807594542554,7246.4658381293875,18982.020492676555
2026-08-24 22:00:00,0.01475660230378187,0.014820932091115003,0.01475179374294713,0.014815014136814329,0.05547109306770426,Thin,-4680.589285016857,-8891.410670682268,-21629.603310336046,4276.6636710119055,7744.456604991794,19529.692935611085
2026-08-24 22:15:00,0.014815180402167576,0.014815180402167576,0.014800236623557643,0.014800236623557643,0.04209559622759858,Thin,-4738.5997205475915,-8952.240028384984,-21717.777741791684,4183.86857389068,7619.029454715433,19391.36909649619
2026-08-24 22:30:00,0.014799362077973456,0.014799422713301398,0.014767672674384983,0.014767672674384983,0.04213712106466953,Thin,-4866.321785114629,-9086.161526439175,-21911.886581015464,3979.2202518122913,7342.415100049744,19086.31265990549
2026-08-24 22:45:00,0.014763615785278471,0.014763615785278471,0.01474450155762592,0.01474450155762592,0.042176845524859854,Thin,-4957.110450751239,-9178.438426803441,-22049.843497846658,3833.463807650924,7143.036784667647,18869.04265831684
2026-08-24 23:00:00,0.014743040871949085,0.014743040871949085,0.014734698809947704,0.014735162908760719,0.05180680368469789,Thin,-4437.593631426875,-8658.081251960311,-21549.341868872867,5645.1581288477455,8932.175808530472,20651.899003914994
2026-08-24 23:15:00,0.014734639518032992,0.014734639518032992,0.014390679463314689,0.01461847368959711,0.06907966945802987,Thin,-4196.418061360277,-8402.833268036304,-21541.642377713077,3684.084103590709,6737.556587581044,18378.320935315107
2026-08-24 23:30:00,0.014627944715160624,0.014627944715160624,0.014627944715160624,0.014627944715160624,0.06648709893176208,Thin,-4213.554253572875,-8421.500949163321,-21540.270022623063,3697.702209549444,6764.838696482582,18412.286536131152
2026-08-24 23:45:00,0.014622947860138232,0.014622947860138232,0.01461246567053993,0.01461246567053993,0.06296680534670969,Thin,-4461.58325627079,-8667.026750581836,-21818.5436204601,3724.460705879535,6769.263028221848,18405.77535682846
2026-08-25 00:00:00,0.01461061143035357,0.014648466716007282,0.01461061143035357,0.0146429174745416,0.05820991724566468,Thin,-4517.505746776091,-8727.872787754142,-21814.941691762637,3874.22791734903,6962.956827244263,18620.51361899044
2026-08-25 00:15:00,0.01464115835022264,0.01464115835022264,0.014639399542880613,0.014639399542880613,0.05162666284146409,Thin,-4521.460043838592,-8731.258498124253,-21825.777603588733,3858.7822550969495,6942.4388997353735,18597.621002610485
2026-08-25 00:30:00,0.014646788618738511,0.014646788618738511,0.014633441481718377,0.014633441481718377,0.054157032165888075,Thin,-4623.397249140561,-8832.232608688586,-21939.36666604828,3872.3265199004118,6947.391252958195,18598.55086967013
2026-08-25 00:45:00,0.014628885925355554,0.014628885925355554,0.014619369886628611,0.014619369886628611,0.054193301846823805,Thin,-4786.587367643437,-8910.116177799713,-21957.682215249995,3823.5859173096524,6878.351548931517,18519.750081896163
2026-08-25 01:00:00,0.014621239983678603,0.014621239983678603,0.014604720079448562,0.014604720079448562,0.05256851048341731,Thin,-4808.857935336291,-8943.523682335845,-21972.815846910784,3728.9445904416443,6762.02251465701,18393.595931414715
2026-08-25 01:15:00,0.014603756030665754,0.014603756030665754,0.014602905706083623,0.014602905706083623,0.04617998821820497,Thin,-4813.066605787597,-8948.692869732222,-21981.335038418336,3718.0990179375303,6748.346554940814,18378.846407275945
2026-08-25 01:30:00,0.014602424241516018,0.014602424241516018,0.014602424241516018,0.014602424241516018,0.046180894295383634,Thin,-4814.183364792895,-8950.064497435711,-21983.5955759141,3715.2209082137792,6744.717340322029,18374.932298954438
2026-08-25 01:45:00,0.014610313285238432,0.014629122184397676,0.014610313285238432,0.014629122184397676,0.05529312617700351,Thin,-4782.094535442374,-8903.83308274328,-21888.039972010487,3885.499423960849,6954.334355761093,18602.57735850148
2026-08-25 02:00:00,0.014629109328380963,0.014629109328380963,0.014624108010765581,0.014624334865976219,0.045295853594714774,Thin,-4794.530880711671,-8918.806850243014,-21911.863173833844,3855.573633215216,6917.502653732938,18562.414254600943
2026-08-25 02:15:00,0.014623734524841657,0.014623734524841657,0.014612803702847501,0.014612803702847501,0.04833349088001742,Thin,-4487.73695275089,-8618.122171778014,-21632.48522855745,3722.5899277604967,6767.880111241914,18404.63169662128
2026-08-25 02:30:00,0.014612227130053739,0.014612227130053739,0.014563901511057329,0.014563901511057329,0.06071070847323219,Thin,-4715.097607129572,-8871.350251045082,-21975.19722329594,5654.012536118417,8623.371711246926,20230.776639050637
2026-08-25 02:45:00,0.014560165622154078,0.014560165622154078,0.01455746690068248,0.01455746690068248,0.057214994190656766,Thin,-4284.923028084092,-8444.574373457675,-21560.117779194756,3851.055900184149,6812.541620058518,18416.13355541696
2026-08-25 03:00:00,0.014555542389226685,0.014555542389226685,0.014549806209323243,0.014549806209323243,0.05722065310597171,Thin,-4625.321864320878,-8708.369791954794,-21837.737908110954,5283.286695069273,8232.489003893137,19831.540302234403
2026-08-25 03:15:00,0.01454893128013793,0.01454893128013793,0.014537962686488477,0.014537962686488477,0.026037701598814467,Moderate,-5020.1447930709555,-9101.389145848714,-22252.26713053188,5129.426294268177,8059.309895716694,19651.338960308116
2026-08-25 03:30:00,0.01453785101097235,0.014549695542376187,0.01453063136176482,0.014543128574607652,0.03411529039082608,Thin,-4651.682265822168,-8733.626301585771,-21874.804341226063,4607.281349032972,7545.592319421291,19140.684681853596
2026-08-25 03:45:00,0.014542613812379666,0.014631913682007842,0.014540991293012858,0.014629957915742777,0.06180222175195105,Thin,-4285.4690980773885,-8380.619261330943,-21362.865059137628,4141.163734477702,7218.510497508712,18867.317863067798
2026-08-25 04:00:00,0.014629020164299645,0.014637945064625388,0.014616774816238312,0.014637945064625388,0.06182508437670944,Thin,-4845.781266857846,-8942.144557742704,-21909.62047554622,4139.520960708555,7228.9279044483765,18883.128115989075
2026-08-25 04:15:00,0.014649699892032395,0.014705089342688544,0.014648865220660862,0.014652518450371726,0.05286803442541892,Thin,-4136.736571864492,-7830.6580055283275,-20489.22403720556,4019.182880926256,7130.586405880361,18794.622637085573
2026-08-25 04:30:00,0.014645865181842596,0.014645865181842596,0.014642109344266017,0.014642109344266017,0.05288435272877887,Thin,-4162.204795831571,-7850.472139663443,-20513.376230563747,3982.622735022829,7079.9794119918215,18737.067931894402
2026-08-25 04:45:00,0.014642293816280794,0.014642293816280794,0.014592057159002182,0.014592057159002182,0.048046106490843496,Thin,-4278.021570099702,-7960.08785867959,-20658.881404930504,3781.958496391322,6801.013983086351,18425.26278122794
2026-08-25 05:00:00,0.014591781857970882,0.014613450053033258,0.014584924515168003,0.01460977667834608,0.06378648151794505,Thin,-5006.519699240842,-8690.789890918324,-21376.94882749454,3970.451659604205,7018.55331114277,18653.33181656702
2026-08-25 05:15:00,0.014606762741852145,0.014606762741852145,0.014575665024876987,0.014575665024876987,0.06380714119534332,Thin,-4283.246826026663,-7963.2730824979535,-20673.37721353992,3748.8245929659347,6740.95342099634,18355.496268137904
2026-08-25 05:30:00,0.014575118391771913,0.014629924231665023,0.014541986773096345,0.014629598571578058,0.06383725237060311,Thin,-3948.0274317286526,-7591.991396061072,-20248.931664867152,4291.645176515981,7369.963321901794,19018.697666327764
2026-08-25 05:45:00,0.014634050907352512,0.01464799733060361,0.0146129520338778,0.0146129520338778,0.06241225231281744,Thin,-4845.058180881245,-8487.008645786536,-21154.00273567089,3983.2321425102837,7036.209210258075,18673.374058124173
2026-08-25 06:00:00,0.014611668967169483,0.014611668967169483,0.014601939875792393,0.014601939875792393,0.03776788538466778,Thin,-4920.721303397776,-8561.318520017374,-21234.88029472651,3880.83433521262,6916.149944747051,18546.38644782969
2026-08-25 06:15:00,0.014601440923412411,0.014606839077102932,0.014524706993238372,0.014524706993238372,0.0638331629142902,Thin,-4804.321025660061,-8435.412560358738,-21153.165594891965,4652.857603665351,7561.216435600717,19145.689916056148
2026-08-25 06:30:00,0.014522308780391787,0.014538152281500292,0.014515819441049967,0.014532090069754438,0.029507972168785156,Moderate,-4711.192678581102,-8301.071617310565,-20940.958432520223,4828.19493669178,7796.746420984413,19381.099650645363
2026-08-25 06:45:00,0.014531938714551657,0.014654463587276467,0.014518799715898102,0.014635806302255487,0.062261818286246086,Thin,-4158.943079216882,-7756.936627696285,-20352.71093012735,4030.5490996686312,7179.146499982037,18831.967293557824
2026-08-25 07:00:00,0.01463512947958193,0.01463512947958193,0.014599286369976996,0.014602223004882698,0.051104984211809555,Thin,-4322.411094131724,-7980.987850048443,-20712.07878606003,3950.1035630496,7110.246442694423,18857.347218813844
2026-08-25 07:15:00,0.014601646118878422,0.014601646118878422,0.01449677583593093,0.014534843981090206,0.05577669940323078,Thin,-4105.119384995986,-7755.363331824783,-20528.386229443357,3909.9552229948067,6948.148232595434,18643.891311009622
2026-08-25 07:30:00,0.014523353888542449,0.014523353888542449,0.014510322399142298,0.014510322399142298,0.05577009646141484,Thin,-4896.728780715252,-8552.837639951735,-21340.98815382409,4611.6677557333505,7620.129835966926,19297.152517720595
2026-08-25 07:45:00,0.014510159405206368,0.014510159405206368,0.014469014153842935,0.014469014153842935,0.05084525329751886,Thin,-5157.242673676283,-8839.269059993714,-21652.832850509658,4008.8738440969346,6992.988814842141,18638.43993261215
2026-08-25 08:00:00,0.014462072426898228,0.014462072426898228,0.014257732616576466,0.014257732616576466,0.07382238540830133,Thin,-3809.6192883824056,-7615.664041101598,-20544.920672419885,3118.4002058854053,5998.441940479625,17477.708201056703
2026-08-25 08:15:00,0.014255359535435051,0.014264780328361428,0.014205395136032192,0.014206144676742636,0.0738779639314405,Thin,-4624.521516246971,-8455.408965917013,-21391.71781714932,3481.365937925846,6348.210012272603,17784.01364883588
2026-08-25 08:30:00,0.014205684021371429,0.014205684021371429,0.014067607091319195,0.01409717846620465,0.08558552616339407,Thin,-4105.567841168775,-7935.239205312912,-20941.281678614236,3764.463477173807,6613.788097360256,17960.639537788124
2026-08-25 08:45:00,0.014093750850812445,0.0141227807426154,0.01408924158758036,0.014104197409329477,0.06095001451221049,Thin,-3636.2573346715835,-7467.450156392484,-20467.843033068082,3196.451901884342,6046.985186290774,17399.500871155302
2026-08-25 09:00:00,0.014103742240449814,0.014103742240449814,0.014093387524728693,0.014093387524728693,0.06082908251164272,Thin,-4145.111846916692,-7982.572949315489,-20997.28110620969,3731.3259093645584,6580.003217338398,17923.794804562232
2026-08-25 09:15:00,0.014093207792577792,0.014095838029904112,0.014077848585777673,0.014077848585777673,0.05513672360482773,Thin,-4697.365695328819,-8520.851400092342,-21548.437951576783,3735.6813644788735,6581.914734621592,17913.159785940486
2026-08-25 09:30:00,0.014047306878921332,0.014086990174200627,0.014047306878921332,0.014079300624462629,0.05515267972096409,Thin,-4462.398218597857,-8287.215956064963,-21313.599720499493,3589.9642670902276,6436.425222916758,17768.842980525573
2026-08-25 09:45:00,0.014075340631075415,0.014075340631075415,0.014053277970483353,0.014053277970483353,0.050867986480920724,Thin,-4927.564899596326,-9159.769063405603,-23356.87832432905,4293.948293210998,8277.645380963899,20062.847289941572
2026-08-25 10:00:00,0.014053081311369151,0.014053081311369151,0.014033143989138066,0.014034205638724,0.04065985745654488,Thin,-5654.055316208564,-9889.790958565483,-24149.350616832213,4251.715477723156,8225.681355236447,19937.9074071153
2026-08-25 10:15:00,0.014034053804415945,0.014036865090571699,0.014029638742355244,0.014032253235260153,0.04066672443139394,Thin,-5658.2522037879335,-9894.133537794554,-24159.594816552242,4227.48146351552,8200.377931848352,19905.203635349168
2026-08-25 10:30:00,0.014032174747583809,0.014032174747583809,0.01400576716913822,0.01400576716913822,0.052909521002520256,Thin,-5160.924109494768,-9387.211820243105,-23695.185885579398,6616.763166073692,10589.805701065741,22198.55454446633
2026-08-25 10:45:00,0.01400549156404417,0.01400549156404417,0.013995515672901927,0.013995515672901927,0.05206820287920605,Thin,-5683.256492673904,-9889.099924755463,-24214.64279367733,8065.074967194004,12032.490451451802,23601.92652703686
2026-08-25 11:00:00,0.013995364477725473,0.013995364477725473,0.013993193251952448,0.013993193251952448,0.05535044847759933,Thin,-5716.75150009221,-9922.769740654772,-24254.684260830014,7790.825648711777,11756.966068807933,23317.494049601548
2026-08-25 11:15:00,0.013985612709777964,0.013985612709777964,0.013923111198391104,0.013923111198391104,0.05537151407511898,Thin,-5175.211152417512,-9386.467698775194,-23910.31264686929,4504.513378872517,8441.751334414306,19733.11745566635
2026-08-25 11:30:00,0.013923022448734123,0.013923022448734123,0.013914224491570372,0.013914224491570372,0.043113568070133466,Thin,-4709.254495107363,-8936.375546768279,-23493.14500463277,4213.919309405633,8149.133776859443,19406.320662437756
2026-08-25 11:45:00,0.01391055000914271,0.01391055000914271,0.013896530945521752,0.013896530945521752,0.043127877651557164,Thin,-5590.3934504951685,-9819.527396998943,-24424.621357390577,4228.85394781167,8158.752665777538,19349.140778504207
2026-08-25 12:00:00,0.013895947475365537,0.013986795043322658,0.013895947475365537,0.01397866124800949,0.03079610808923241,Thin,-4898.876702882596,-9118.62521446579,-23499.046716111225,5246.517025078899,9204.676626887887,20709.447503095496
2026-08-25 12:15:00,0.013978513836523538,0.01411535215166927,0.013970894176772957,0.014087887175306364,0.05953380108788231,Thin,-4528.395512623492,-8735.499994048392,-22803.749154779358,4327.71815216473,8343.5768761474,20268.909747349167
2026-08-25 12:30:00,0.014086915004142024,0.014086915004142024,0.014077368283584114,0.014077368283584114,0.03851116163409722,Thin,-5003.674258850372,-9210.250397974463,-23308.814824973044,4661.064668276788,8671.614158368468,20556.27867805101
2026-08-25 12:45:00,0.014076994082842223,0.014140522040005541,0.014075493587858144,0.01411871560809884,0.04772050649365729,Thin,-4653.509164582113,-8814.676407255698,-22644.53693652458,4505.744830998337,8540.509016338854,20584.944022001062
2026-08-25 13:00:00,0.014118554641132482,0.014118554641132482,0.014086035710760643,0.014086035710760643,0.046509616914039785,Thin,-4748.139404848861,-8916.050500075711,-22852.03116037178,4379.611833601543,8397.636518508292,20320.91666611406
2026-08-25 13:15:00,0.01408599516574264,0.01408599516574264,0.014078369437049128,0.014078369437049128,0.03970924622604919,Thin,-5165.049031836202,-9333.863854398023,-23292.23754073115,4643.387039586928,8657.541399462194,20551.11705114183
2026-08-25 13:30:00,0.01407420485558147,0.01407420485558147,0.013975722689653174,0.013975722689653174,0.057742549857538614,Thin,-4371.297246860849,-8552.128913621205,-22801.93732131724,4266.577862454095,8226.211284920691,19723.877694101848
2026-08-25 13:45:00,0.013974820475318075,0.013979730629614367,0.013968089197659005,0.013968089197659005,0.04746897457155073,Thin,-5254.827777932748,-9436.54686171994,-23707.27203221225,5623.366263078385,9578.80450850341,21047.103146272042
2026-08-25 14:00:00,0.013967851848107721,0.013967851848107721,0.013954334841874798,0.013954334841874798,0.027694460442955027,Moderate,-4621.877070264067,-8805.192951871566,-23113.58704152066,4366.374171498774,8314.250470997873,19729.61272558487
2026-08-25 14:15:00,0.013954106209491843,0.013954106209491843,0.013921421752968073,0.013921421752968073,0.04605175375166883,Thin,-4715.62997896426,-8902.755422701563,-23301.184641418327,4210.5088256029085,8150.444290922999,19439.027947758957
2026-08-25 14:30:00,0.013921128251643194,0.013921128251643194,0.013849136201709336,0.013849136201709336,0.057194423027460584,Thin,-5119.339228691022,-9302.405471832773,-23909.702541628187,5789.80656581274,9557.226037708786,20722.873329424194
2026-08-25 14:45:00,0.01384130764414295,0.01384130764414295,0.013812657023694375,0.013812657023694375,0.053285342289149884,Thin,-5279.1191823771505,-9455.819534911892,-24171.251605827703,5134.723739835661,8774.585380327584,19918.46033094306
2026-08-25 15:00:00,0.013812535207233592,0.013814196282795255,0.013562026962921837,0.013562026962921837,0.06628561319400954,Thin,-3877.845566971487,-7812.264508879323,-22703.593969834157,3838.582325299382,6613.037474481038,17711.090957195953
2026-08-25 15:15:00,0.013561729856831406,0.013561729856831406,0.013082377739363918,0.01308806146805,0.09820974741283503,Thin,-4192.268962838493,-7794.83992999964,-21615.8285938335,2758.6471776230333,5394.994610817653,16321.684876178357
2026-08-25 15:30:00,0.013100410220035184,0.01324912591170553,0.013100410220035184,0.013242336899719946,0.08400973080697771,Thin,-3787.5514524988175,-7569.752190813628,-21795.81674427679,2818.8526844936277,5187.842233176132,15004.755473963014
2026-08-25 15:45:00,0.013237262254919559,0.013249773722476457,0.01302347388124928,0.013160254919493328,0.11046210226741744,Very Thin,-3749.6022969325068,-7406.127533506074,-21322.617609223413,2712.9843269195107,5070.000062854554,14845.060271541628
2026-08-25 16:00:00,0.013159674386769547,0.013417776530347843,0.013158937645663008,0.013417776530347843,0.06899815640374692,Thin,-3940.804799175518,-7661.859913622652,-21691.22617746912,3590.7168005807857,6003.830398144101,15885.762270520923
2026-08-25 16:15:00,0.013417513114583815,0.013498090401002185,0.013417513114583815,0.01349655047348114,0.06481730875385483,Thin,-4083.1734284758804,-7850.538872574496,-21916.833823003373,4101.199241834293,6559.754917372051,16443.55806329407
2026-08-25 16:30:00,0.013905562082870688,0.013905562082870688,0.013769176586405835,0.013772787837288624,0.06468303435056377,Thin,-4108.9132085838355,-7985.233300479523,-22104.28500237551,4014.022712434664,7518.166923955612,17441.661532585564
2026-08-25 16:45:00,0.013759775860188358,0.013759775860188358,0.013716519653516708,0.013716519653516708,0.05105168746922262,Thin,-3974.8907423694736,-7842.929816975933,-22024.45161197896,4290.216704245424,7545.483848819884,17458.578958195445
2026-08-25 17:00:00,0.013713043797036242,0.013713863335114384,0.01370830121279067,0.01370830121279067,0.03679309488344659,Thin,-3994.630067616596,-7861.4583313431185,-22039.681540179023,4264.284478339651,7482.510791954468,17394.732735088157
2026-08-25 17:15:00,0.013708159604576532,0.013708159604576532,0.013655306361458794,0.013655306361458794,0.051140547536914174,Thin,-4873.658560102298,-8727.14814471982,-22884.063628877488,4545.120191482721,7525.164833168846,17431.750054389886
2026-08-25 17:30:00,0.013652652573233214,0.013652652573233214,0.01354701321919043,0.01354701321919043,0.058678451111791395,Thin,-5251.9592211908885,-9061.274212074191,-23174.444934354156,5083.347111750359,7534.8416069609875,17429.874267695115
2026-08-25 17:45:00,0.01353161327660581,0.01353161327660581,0.013513377062973002,0.013513377062973002,0.06037301212861079,Thin,-5019.114420150765,-8814.533221830377,-22920.295615210955,4437.272442180278,6857.499586387914,16748.93459786146
2026-08-25 18:00:00,0.01351472700755109,0.01351472700755109,0.013498878983984334,0.013498878983984334,0.046004844239460906,Thin,-5096.623569021241,-8883.42312565726,-22983.494302160045,4189.488721843692,6608.4172246912585,16498.30017278245
2026-08-25 18:15:00,0.013498585297245307,0.013498585297245307,0.013490057492642095,0.013490057492642095,0.03830239831667983,Thin,-5135.252361018385,-8916.808653286653,-23013.414473048182,4040.729198486816,6458.867189611645,16347.80536238923
2026-08-25 18:30:00,0.013482513760460129,0.013490502889345555,0.013481102780921014,0.013482699530144807,0.04880575072217512,Thin,-5262.647552704488,-9059.464416140694,-23153.163620315714,4102.035859158684,6545.5665939161845,16433.891722283337
2026-08-25 18:45:00,0.013482231864907969,0.013482231864907969,0.013475582828395546,0.013475582828395546,0.03279337861789715,Thin,-5335.366855606426,-9130.415932143202,-23221.271947108253,3995.2461170362503,6435.359077651259,16323.274976187424
2026-08-25 19:00:00,0.013475213971434547,0.013475213971434547,0.013409124622861387,0.013409124622861387,0.056842244231038785,Thin,-5205.870100109661,-8984.407955192522,-23047.0283118209,4526.618726288972,6934.771671198837,16818.86081252997
2026-08-25 19:15:00,0.013409072698963258,0.013409072698963258,0.013375767028202893,0.013385408239904155,0.05573185815235009,Thin,-5132.151590912092,-8904.795899012035,-22957.28097326624,3806.972549036656,6210.69834845014,16093.419571902614
2026-08-25 19:30:00,0.01338462607160372,0.01338462607160372,0.013380037140152155,0.013380037140152155,0.05260472948647876,Thin,-5187.593545057772,-8958.903031828613,-23009.090932774445,3730.605535417016,6133.580340412915,16015.991600329133
2026-08-25 19:45:00,0.013379651728180337,0.013379651728180337,0.013378979879386091,0.013378979879386091,0.034738219255192784,Thin,-5197.628691814855,-8968.675424769666,-23018.411065335156,3715.035511851473,6117.86247146523,16000.212710052438
2026-08-25 20:00:00,0.013378593547285537,0.013378593547285537,0.0133717801980369,0.0133717801980369,0.0347504958116601,Thin,-5267.613442189397,-9038.470112063987,-23090.991991149498,3610.6917959685497,6014.234357155281,15911.278053015727
2026-08-25 20:15:00,0.013372276215804373,0.013372276215804373,0.013371759824505287,0.013371759824505287,0.03473907631961173,Thin,-5275.673664985623,-9046.525270150347,-23099.0384259907,3613.411090629188,6016.950800682571,15913.99342267208
2026-08-25 20:30:00,0.013371082514460182,0.013371082514460182,0.01327699021465962,0.01327699021465962,0.06401025056017769,Thin,-4552.292796545336,-8318.816420400348,-22301.56106964202,2885.285659170521,5272.498684267798,15122.207901177506
2026-08-25 20:45:00,0.013269240010325025,0.013269240010325025,0.012685433732609915,0.012685654820450603,0.11124382048621366,Very Thin,-2253.2768998611687,-5047.145638427134,-19008.137287416885,2283.9665220638053,4571.8562373092755,14144.884564222673
2026-08-25 21:00:00,0.01271314202994489,0.013180454151098942,0.012699137693351247,0.013180454151098942,0.1122673090858696,Very Thin,-3097.3191752752628,-6120.892625591481,-16364.833231674076,2932.051007981083,5301.7579296123895,15102.23987321137
2026-08-25 21:15:00,0.013196541315510507,0.01320004697007096,0.013188460401290125,0.01320004697007096,0.09605123711441409,Thin,-3426.8969890020453,-6733.330045940521,-18221.590490767747,2765.960383298006,5501.34831132539,15976.157161416751
2026-08-25 21:30:00,0.013198543397798962,0.013198543397798962,0.013194126302037552,0.013194126302037552,0.05447773051983786,Thin,-3445.1706306308083,-6767.653058424014,-18252.3163581554,3450.4252027538896,6184.656955671093,16650.229864449553
2026-08-25 21:45:00,0.013194105416908561,0.013194105416908561,0.013186198368348738,0.013186198368348738,0.05449012849495416,Thin,-3564.734703469971,-6908.701507600234,-18388.547586480672,4206.659821011772,6939.343018057385,17392.545507317787
2026-08-25 22:00:00,0.013183003689907831,0.01332559118563485,0.013166177661136156,0.01332559118563485,0.07716640537474073,Thin,-3600.3498602050486,-6665.209140512752,-18117.44937127482,2973.3729424052926,5695.421436684027,16311.152929149952
2026-08-25 22:15:00,0.013324302605596399,0.013395667009790583,0.013324302605596399,0.013377925883062476,0.07698344718969832,Thin,-3900.188072864576,-6992.621583226137,-18553.451680373593,3234.8943472425103,5990.244454410317,16778.24517711811
2026-08-25 22:30:00,0.013379386294306794,0.013379386294306794,0.013348599466863424,0.013348599466863424,0.07041796128776245,Thin,-4110.843350628146,-7197.322456896486,-18670.021920458537,3194.24505076421,5944.9655307853145,16694.19206494597
2026-08-25 22:45:00,0.013347885011065498,0.013347885011065498,0.013343337811726011,0.013346281674292328,0.06505954643413929,Thin,-4186.879062484061,-7300.560834765678,-18796.8374760768,3453.8628663938175,6418.777341398651,17988.008646400936
2026-08-25 23:00:00,0.013343605530844094,0.013343605530844094,0.0132623242394099,0.013302915060467584,0.06645150119167989,Thin,-4200.2171657188765,-7320.69306530897,-18791.012997844617,4078.793134194443,7034.9527778113425,18537.426012688542
2026-08-25 23:15:00,0.013302744143406427,0.013302744143406427,0.01317848145961886,0.013214193748103273,0.07227514137867601,Thin,-3609.302748690208,-6759.4841562781685,-18174.43620986766,3005.4677290123927,5943.671783006246,17309.22855906447
2026-08-25 23:30:00,0.013212433312781385,0.013217888077807697,0.013209685882986245,0.013214957942573732,0.06368984182686596,Thin,-3855.532373597215,-7007.860307320327,-18423.177585909183,3047.3026500069536,5988.7474174182325,17355.485472406224
2026-08-25 23:45:00,0.013221991150471749,0.01322574071525525,0.013220699120831023,0.013220699120831023,0.05625936966003886,Thin,-4049.1791284935953,-7199.22406886378,-18617.69412071344,3201.3047598812964,6144.150568689477,17519.76214828071
2026-08-26 00:00:00,0.013220148607221531,0.013234973691056239,0.013220148607221531,0.013231023519252285,0.05942863574431669,Thin,-4027.4730853653195,-7172.564789647484,-18597.54922758423,3273.396859621957,6218.761405141699,17610.325455679522
2026-08-26 00:15:00,0.013229629670913191,0.013230867002817986,0.013226330442846409,0.01323002381468808,0.05288239832478543,Thin,-4092.1426834146764,-7237.714132671854,-18662.067827962383,3205.83317928846,6150.953880204803,17540.973535914403
2026-08-26 00:30:00,0.01323000115763321,0.01323000115763321,0.013227785220637514,0.013227785220637514,0.04536659757406127,Thin,-4106.180290641749,-7252.825913214975,-18675.767182636508,3187.6077641499633,6132.182401255973,17518.74355055263
2026-08-26 00:45:00,0.013227225011123759,0.013227225011123759,0.013140876256111982,0.013140905433157376,0.0833612407941258,Thin,-4196.929518824878,-7373.363075336146,-18751.58618782806,3715.5037981041432,6638.849899194514,17890.959677502356
2026-08-26 01:00:00,0.013140496575024202,0.013140496575024202,0.013014818242517712,0.013014818242517712,0.0804139432230216,Thin,-3312.245172288047,-6584.079239383407,-17954.186233384407,3088.5562807066526,6012.544791054635,17095.04245411821
2026-08-26 01:15:00,0.013009190628786397,0.013009190628786397,0.012987157056366855,0.012987157056366855,0.07311937455532566,Thin,-4164.74222850363,-7418.620345033567,-18782.170864658823,3567.4508353357737,6487.119268060397,17525.669739928988
2026-08-26 01:30:00,0.012983708336293327,0.013024866604979125,0.01297811431076908,0.013003422874170072,0.06253544414456255,Thin,-3453.7433335704795,-6702.987921818753,-18070.396166170776,3246.586955350504,6168.670969368325,17233.06970476046
2026-08-26 01:45:00,0.013003165133878596,0.013015380598249469,0.013001269865495213,0.013013633156885009,0.06254016295731868,Thin,-3775.144007560023,-7021.292538168564,-18391.11901805888,3719.782056395035,6643.5455041704945,17724.161299910706
2026-08-26 02:00:00,0.013013458431405348,0.013056084900355314,0.013012666619641294,0.01303322415389781,0.06249667100256495,Thin,-3440.5639528699717,-6589.805890254717,-17939.846564099516,3880.351045131421,6611.688096242934,16911.73839678529
2026-08-26 02:15:00,0.013033068673608572,0.013033068673608572,0.013029481164969516,0.013029481164969516,0.03732547769531576,Thin,-3482.7397160718638,-6631.571451560296,-17980.28034665834,3839.2934841636684,6569.94832956276,16864.175383110338
2026-08-26 02:30:00,0.013029174452818773,0.013029174452818773,0.013021334821292167,0.013021334821292167,0.03943520415739032,Thin,-3563.843734819257,-6711.782450185773,-18057.59186800286,3727.781088669588,6456.950824067792,16738.501111366888
2026-08-26 02:45:00,0.013020732601307355,0.013020732601307355,0.013016933774633824,0.013016933774633824,0.03741444598905552,Thin,-3609.9679597505424,-6757.424082652379,-18101.666517118367,3672.5382729756166,6400.905487240241,16675.605525861854
2026-08-26 03:00:00,0.013003884669417194,0.013003884669417194,0.013001527015985476,0.013002654808956602,0.037473836343413815,Thin,-3759.851829182689,-6905.433582770353,-18244.589380399542,3492.934384422702,6218.9888766221275,16471.45566440306
2026-08-26 03:15:00,0.013002051634624642,0.013002051634624642,0.01299494102757609,0.01299494102757609,0.03757721845725026,Thin,-3840.8347514798206,-6985.2238022053425,-18321.630015757193,3395.6151288855467,6120.582349994435,16361.033214364303
2026-08-26 03:30:00,0.012994548360838317,0.012994548360838317,0.012989764824725128,0.012989764824725128,0.057763164407278245,Thin,-3312.996713099531,-6456.5853085968,-17791.14579807225,2975.314165749027,5699.551611002018,15931.937393104243
2026-08-26 03:45:00,0.012989161711425598,0.012989161711425598,0.012986684459487023,0.012987100175454083,0.037651452212390656,Thin,-3923.170797389206,-7066.347292684111,-18399.95741733861,3296.7332551809664,6020.5949635844345,16248.828308225698
2026-08-26 04:00:00,0.012986092424812096,0.013026898400415128,0.012983919977762966,0.013025112962241504,0.057243407192605344,Thin,-3200.5459113087427,-6348.898836641717,-17696.053147804447,3173.364669493183,5903.223232365252,16190.653289423284
2026-08-26 04:15:00,0.0130245128416171,0.0130245128416171,0.013004589018231703,0.013004589018231703,0.05726454617511734,Thin,-3602.3699668251174,-6683.785554065265,-17951.301450888925,3474.5618009074715,6200.888872738858,16456.368061023913
2026-08-26 04:30:00,0.013001083888293902,0.013019672894442223,0.012998803484892069,0.012998930944149679,0.04449157412267879,Thin,-3645.2353941404344,-6727.616713278785,-17991.206843244454,3410.007035615899,6135.536682780452,16382.20317126486
2026-08-26 04:45:00,0.012997812790046746,0.012997812790046746,0.012981704999531947,0.012981704999531947,0.04419843272616444,Thin,-3744.476663967473,-6829.79505051758,-18081.431916758276,3206.8367697773983,5929.937597193296,16149.7621027224
2026-08-26 05:00:00,0.012981527977956315,0.012981527977956315,0.012979307843662573,0.012979307843662573,0.04289564811328215,Thin,-3763.5312359839586,-6849.257974292434,-18099.23127250825,3182.838731486471,5905.601437577495,16121.689211780773
2026-08-26 05:15:00,0.012978860876386424,0.01299945275427537,0.01297826191900761,0.01299945275427537,0.04289687285821686,Thin,-3608.548794602017,-6690.8410711120405,-17954.793259829265,3388.7548708664694,6114.35806697331,16361.837378005126
2026-08-26 05:30:00,0.012999006549205239,0.012999006549205239,0.012993405827282633,0.012993614332216626,0.042773159191608734,Thin,-3333.3299239640196,-6416.618235953252,-17676.51932353343,3107.565410773645,5832.345599311285,16070.729482344612
2026-08-26 05:45:00,0.012993166530275428,0.012993166530275428,0.01297523278296338,0.01297523278296338,0.048531153796727546,Thin,-3762.11140889272,-6848.532120107207,-18095.677337268186,3129.726565654693,5851.914408538201,16061.649110049935
2026-08-26 06:00:00,0.012975232220851509,0.012975232220851509,0.012963290566948242,0.012963290566948242,0.055702224180194104,Thin,-3928.786423550168,-7044.514285083501,-18245.992853833995,3117.638542584113,5866.350679337521,16056.71592235196
2026-08-26 06:15:00,0.012968866116905233,0.01314679207795612,0.012968866116905233,0.013133050385533161,0.08426440189004736,Thin,-3632.0045824995213,-6697.513103307031,-17912.54077728918,3418.312055996528,6314.738620130536,16771.415002864884
2026-08-26 06:30:00,0.013132570141112741,0.013132570141112741,0.013030285730114164,0.013030285730114164,0.07744611684670895,Thin,-3494.9090090715617,-6582.664690980049,-17743.818219754707,3343.554968378801,6135.791916711814,16431.270762817487
2026-08-26 06:45:00,0.01302965432077415,0.01302965432077415,0.013020075742405135,0.013020075742405135,0.060398359815099244,Thin,-3897.8781277383237,-6987.834154076459,-18143.693064525996,3895.7812949923764,6677.482346181403,16957.072989834105
2026-08-26 07:00:00,0.013019045763173866,0.013019045763173866,0.013016388987468904,0.013016388987468904,0.03912477585377734,Thin,-3915.2588789750816,-7019.936207775333,-18184.416666875804,3886.6958347122472,6664.5914322599565,16938.44342669724
2026-08-26 07:15:00,0.013015425299478054,0.013015425299478054,0.013013519503364553,0.013013519503364553,0.04593281119915665,Thin,-3937.8351796831303,-7043.128862787344,-18206.2582767297,3843.448168355944,6618.381522951713,16887.766435460282
2026-08-26 07:30:00,0.0130096909629921,0.0130096909629921,0.012982305196816741,0.012982305196816741,0.04803491970506324,Thin,-4180.530033035081,-7300.508638855583,-18448.933438641576,3510.2118136008207,6268.052929718546,16488.812979974828
2026-08-26 07:45:00,0.012981636154692356,0.012981636154692356,0.012955131986356793,0.012955131986356793,0.035898909745219476,Thin,-4586.077542412853,-7720.2612786765,-18856.255037746374,3166.354431104575,5912.111971383018,16089.293047665877
2026-08-26 08:00:00,0.01295421422345468,0.01295421422345468,0.012888830750873404,0.012910077754437432,0.07359477470067902,Thin,-3288.7057063704237,-6431.726480301709,-17559.766937230517,3124.0950709268195,5844.700417899956,15951.01802289992
2026-08-26 08:15:00,0.012909355491553962,0.012909355491553962,0.012871704746738613,0.012871704746738613,0.0705532182516283,Thin,-3595.7033207493905,-6736.782012436881,-17857.62267824422,3206.8160580708045,5908.996638961544,15954.861758569157
2026-08-26 08:30:00,0.012870743317793134,0.012870743317793134,0.01284187623713471,0.01284187623713471,0.03748876833116355,Thin,-4397.9385203577,-7511.215356671469,-18626.43270991182,3224.4988207728697,5920.578835830292,15919.390121458744
2026-08-26 08:45:00,0.01284150685938253,0.01284150685938253,0.012832032364913424,0.012832032364913424,0.05504326383441627,Thin,-3785.677525864461,-6889.8415531846285,-18003.19798559385,2962.9406569150487,5657.399708278147,15641.12311164439
2026-08-26 09:00:00,0.012830592999819198,0.012830592999819198,0.01247091631019776,0.012539442177982264,0.09738864623470751,Thin,-3120.439656977255,-5986.368246562337,-17092.88898695118,2700.9152014454116,5336.1452328911955,14898.495675897668
2026-08-26 09:15:00,0.012537096464913196,0.012537096464913196,0.012219194767761987,0.012304628209072643,0.09702738095537256,Thin,-2655.2696649279046,-5428.445387141605,-16326.9852096825,3076.524159906212,5397.56777582486,14834.631089447566
2026-08-26 09:30:00,0.012318821042462442,0.01258180325231791,0.012318821042462442,0.012577080128997288,0.09600310570464136,Thin,-3110.8638514610975,-5988.350862253953,-17121.126685746403,2755.3258443911486,5442.531616048517,15025.807120978472
2026-08-26 09:45:00,0.012575249622377846,0.012575249622377846,0.012414090429777392,0.012414090429777392,0.09572114473035576,Thin,-2800.456313342874,-5473.629661117506,-16336.876148989795,3506.93476719156,5958.8714887006445,15460.406968893934
2026-08-26 10:00:00,0.01241362038934133,0.01241362038934133,0.012232989536118512,0.012232989536118512,0.09717949813374713,Thin,-2880.0412128968965,-5463.091292400029,-16062.504839084751,2588.4738878893645,4883.300485897183,14246.371767919754
2026-08-26 10:15:00,0.012232638653177329,0.012237879669364501,0.012203893382713929,0.012235359242967982,0.09724839123660711,Thin,-2965.5448072390377,-5537.006469625333,-15951.051554912232,2679.115603391626,5002.343509749527,14367.8658038329
2026-08-26 10:30:00,0.012234496712518604,0.012234496712518604,0.012050197876896044,0.01222779160682629,0.09457948184542793,Thin,-2963.8269521211214,-5535.4417525099625,-15935.88939715148,2667.814647561532,4992.279393608085,14349.973572524834
2026-08-26 10:45:00,0.012226929876458726,0.012226929876458726,0.012208877080588322,0.012208877080588322,0.09413716358973437,Thin,-3225.564204073987,-5797.559395376329,-16164.031332468725,2697.456041039947,5025.013815157807,14363.13182735041
2026-08-26 11:00:00,0.012207176694773418,0.012207176694773418,0.01209216624875984,0.01209216624875984,0.0946208655242136,Thin,-2848.2006680762665,-5517.6715023312245,-15678.767138928164,2453.5289039803056,4811.381809914329,14028.369433121994
2026-08-26 11:15:00,0.012085474887448466,0.012085474887448466,0.012009214032250757,0.012009214032250757,0.09796226195278517,Thin,-2960.963547837424,-5806.752447586699,-15797.75442422896,2693.0121975382526,5107.703320954567,14255.523964208925
2026-08-26 11:30:00,0.012007092539478625,0.012051997788941428,0.011994553530635508,0.012042998029771759,0.07646166121568222,Thin,-2847.601509102589,-5605.64507665081,-15583.420767565081,2583.4414243360416,4982.804266666329,14167.905687814571
2026-08-26 11:45:00,0.012063568930035138,0.012076037654559163,0.012025933397195284,0.012025933397195284,0.08806391668837821,Thin,-2781.8511585712163,-5333.331809405008,-15243.34832819452,2601.7895148912808,5069.17290675031,14266.226600023241
2026-08-26 12:00:00,0.012025445666333017,0.012025445666333017,0.011963229037871701,0.011963229037871701,0.06936353334965695,Thin,-3013.2909700723753,-5570.986487209192,-15409.42675476064,2575.879227822855,5063.401480901482,14199.721456382633
2026-08-26 12:15:00,0.011934194239122491,0.011934194239122491,0.011779910497565002,0.011779910497565002,0.1139681395620924,Very Thin,-2586.4598527103626,-5121.028378462409,-14597.146347629408,2637.272734080909,4979.385290363591,13998.084111539249
2026-08-26 12:30:00,0.011781509056784205,0.011791894667354853,0.011730655461130127,0.01173596812353807,0.07840275781756993,Thin,-2712.7764397375654,-5242.509336716461,-14651.777994430207,2521.5273181681573,4828.291715787043,13820.4995114954
2026-08-26 12:45:00,0.011730822287129562,0.012019227556424846,0.011724686557064082,0.012013866143449516,0.11324190279861482,Very Thin,-2570.649775688161,-5054.792622715983,-14803.356087843984,2811.328729508152,5318.408975636579,14523.189291273799
2026-08-26 13:00:00,0.01201659087357295,0.01201659087357295,0.011615328011800019,0.011973243980862549,0.11364549627866445,Very Thin,-2282.566192803037,-4441.20618208656,-12956.920017329921,2327.749689820624,4818.253836751881,13968.12528923741
2026-08-26 13:15:00,0.01196308649391474,0.01196308649391474,0.011856762955001474,0.011856762955001474,0.11279691586178953,Very Thin,-2560.7975556733745,-4707.5886565452265,-13060.73062973491,2479.1284065075606,4882.904559129267,13947.471631175758
2026-08-26 13:30:00,0.01185624872632752,0.011975612408063342,0.01185624872632752,0.011968341444068867,0.09542511177269968,Thin,-2490.7582792460903,-4648.7106643220795,-13146.998842395426,2402.0349161548534,4891.915396286914,14035.153808537194
2026-08-26 13:45:00,0.011973186565221913,0.012232335707025272,0.011960933702510357,0.012232080348995743,0.11196502163455783,Very Thin,-2411.775614593338,-4600.183770906117,-13474.248304466231,2407.584684127394,4807.4004106981565,14306.228122934728
2026-08-26 14:00:00,0.012231441358969662,0.012231441358969662,0.01220062965099252,0.01220062965099252,0.08819943023001672,Thin,-2712.6507102304313,-4895.378022153018,-13722.967897353074,2374.2512170539994,4787.857511184597,14243.89921611587
2026-08-26 14:15:00,0.012200538026572288,0.012200538026572288,0.012002091475584287,0.012002091475584287,0.11222563730208343,Very Thin,-2243.4091565501417,-4405.156423683693,-12950.644704601118,2300.8154053876992,4794.480685965516,13983.354783058496
2026-08-26 14:30:00,0.012001784847477511,0.012001784847477511,0.011992976480697314,0.011992976480697314,0.07684353704583873,Thin,-3021.140380736809,-5182.008818971185,-13714.746375817063,2811.850843216923,5304.3989372074875,14480.954368707073
2026-08-26 14:45:00,0.011992485412380698,0.011992485412380698,0.011958807963494845,0.011958807963494845,0.05595519167504204,Thin,-3342.1879957123447,-5499.7594668419,-13984.720803144386,2455.303742429196,4941.942896386521,14073.996063049723
2026-08-26 15:00:00,0.011958171346135141,0.011958171346135141,0.011725823479851493,0.011725823479851493,0.11398656427680538,Very Thin,-2629.1931685584113,-4766.968426961077,-12890.406571596961,2492.7597842575274,4791.354222140742,13779.296582105537
2026-08-26 15:15:00,0.011725482711756198,0.011725482711756198,0.011644611142594477,0.011652195791679917,0.1061773056492072,Very Thin,-2395.306414027475,-4526.121819451213,-12541.667794771678,2586.4263846830863,4822.900920113238,13766.061248317601
2026-08-26 15:30:00,0.011651654444102265,0.011747717920622973,0.011648338035935455,0.011734897203165034,0.11394760795370591,Very Thin,-2416.396215627418,-4554.85628360429,-12686.886919520426,2476.5884014117523,4782.49050312364,13776.485477329463
2026-08-26 15:45:00,0.01173375889060465,0.01173375889060465,0.011683774921572845,0.011683774921572845,0.0881453693952698,Thin,-2505.6738303480815,-4639.501307412851,-12699.41643098754,3307.2558792642876,5569.463545225758,14531.8121971898
2026-08-26 16:00:00,0.011683512504542835,0.011704831738271651,0.011611594001898054,0.011611594001898054,0.07740320578970687,Thin,-2755.9850793286355,-4886.4610719823495,-12858.25137814837,2566.1215560084447,4800.149907016856,13734.947355118313
2026-08-26 16:15:00,0.011610895701012541,0.011667091572263899,0.011610895701012541,0.011641376694909897,0.07316157178399929,Thin,-2634.5496409593966,-4767.970082365744,-12781.200379769858,2699.7390852567537,4938.465521695681,13891.41294860575
2026-08-26 16:30:00,0.011640766339001497,0.011640766339001497,0.01156965723805026,0.01156965723805026,0.07325549305200836,Thin,-4071.4901332538047,-7104.988327564365,-18246.31886752056,4216.66608863001,6494.084023314325,14381.85413448245
2026-08-26 16:45:00,0.011569235293530003,0.011569235293530003,0.011554344778285316,0.01155692431040366,0.03389051733198874,Thin,-4639.350355033944,-7671.087449603673,-18807.656874010183,5669.781326382843,7916.2621887321875,15799.248487270084
2026-08-26 17:00:00,0.01155676903969475,0.011700560285900908,0.011553335797409725,0.011690354844886928,0.07203285403981831,Thin,-3821.3171668724585,-6871.343449032233,-18060.644156746937,6824.861768464953,9404.43589517808,17353.12591888236
2026-08-26 17:15:00,0.01169025588611025,0.011722105069759507,0.011689234796803586,0.011721824084398109,0.0716311904650817,Thin,-4748.3665283779765,-7802.61378177556,-19004.57961127008,3903.954217644963,6575.901726727268,14542.31336643889
2026-08-26 17:30:00,0.011724568394541258,0.011728423504776896,0.011721704967140381,0.011728423504776896,0.02378653294425237,Moderate,-6134.187142976418,-9189.22146391103,-20393.937763882022,3758.343222521495,6441.250540596544,14419.771662052757
2026-08-26 17:45:00,0.011727555694260615,0.011824448983525783,0.011724013674769322,0.011823846934246766,0.06436402604813458,Thin,-3359.636259411566,-6425.378564459145,-17670.199804956,5721.0216297276365,8485.857490446031,16711.402367301893
2026-08-26 18:00:00,0.011823259996631514,0.011834231123878648,0.01182311545155517,0.011834231123878648,0.06232304623111584,Thin,-5572.29646806889,-8843.617101885657,-20739.20341070917,4012.1943752462553,6831.3944212545,15083.659306009899
2026-08-26 18:15:00,0.011833747989819147,0.011842523768473941,0.011792498155105892,0.01179415426426742,0.06308466596952415,Thin,-4264.32730837624,-7570.548996073627,-19539.41228732868,5415.943683823763,8170.589235956881,16319.665808734888
2026-08-26 18:30:00,0.011794136646281629,0.011794136646281629,0.011758964869843068,0.011784265888345325,0.06050484294647833,Thin,-4045.2598181406916,-7350.287306078027,-19323.122189371185,4414.622268597545,7153.323086278176,15276.912506507839
2026-08-26 18:45:00,0.011780037122012513,0.011780037122012513,0.011697074348961826,0.011765470743271252,0.06482012999832906,Thin,-3686.3521342358017,-6989.085033876779,-18969.45262978317,3625.6161296811697,6338.942144405725,14414.057841158976
2026-08-26 19:00:00,0.01176500018040199,0.01176500018040199,0.011762530729012673,0.011762530729012673,0.031906339570437356,Thin,-6693.706145978723,-9996.072418685144,-21977.61638787972,6106.087140518921,8817.00092338618,16884.530659068783
2026-08-26 19:15:00,0.011760315715809846,0.011760315715809846,0.011749236091698471,0.011749236091698471,0.06052223031552715,Thin,-6805.388898007781,-10106.04367817957,-22092.70658598753,5246.409089219177,7946.411081844606,15979.625535712714
2026-08-26 19:30:00,0.011748159387127076,0.01174999056262831,0.011745294573273123,0.011745294573273123,0.02160922713749525,Moderate,-7040.769805025421,-10339.975678257319,-22327.891297751266,4938.175710236813,7634.941451053069,15657.978574676212
2026-08-26 19:45:00,0.011745554926975077,0.011746163881286957,0.011745550202812656,0.011745776677982668,0.015173431638815727,Moderate,-7019.557721622606,-10318.823752865732,-22306.54861068649,4960.800523433061,7657.962133795732,15682.244183755052
2026-08-26 20:00:00,0.011745725191682956,0.011745725191682956,0.011745142673205436,0.011745142673205436,0.015173603848294937,Moderate,-7047.453148536633,-10346.64006704752,-22334.61578823898,4931.04705621399,7627.6880659890785,15650.332936761535
2026-08-26 20:15:00,0.011744608511077453,0.011744608511077453,0.011720386538062677,0.011720386538062677,0.036755732130657345,Thin,-4647.108465742302,-7943.145437454737,-19940.956433692332,3401.841561973446,6069.572067299947,14035.174684765718
2026-08-26 20:30:00,0.011691508362226722,0.011691508362226722,0.011675816227614207,0.011675876767557145,0.06965610849799941,Thin,-4473.2966531566035,-7762.901691008528,-19754.377308997697,4897.906481768987,7434.940558905182,15375.469374215885
2026-08-26 20:45:00,0.011675215710715198,0.01167583545526813,0.011597103968650126,0.011597103968650126,0.06752935465152317,Thin,-3644.19918407019,-6926.64788683291,-18896.50355855164,2859.15433397411,5203.201481250198,13101.274495850363
2026-08-26 21:00:00,0.011596794165909459,0.011597178909864706,0.011579920549472544,0.011579920549472544,0.06214390422222825,Thin,-4326.404390553133,-7607.632287763377,-19573.306171812714,2959.308918310006,5261.651133289206,13153.275296501504
2026-08-26 21:15:00,0.011569407374735403,0.011575481223135156,0.011569407374735403,0.011575481223135156,0.04386880174438621,Thin,-4149.488493154879,-7430.400556387802,-19394.992442483355,4978.09787757805,7269.660618808952,15159.617947418881
2026-08-26 21:30:00,0.011575399991756066,0.011621664457026344,0.011575399991756066,0.011621339037495826,0.050556041502112375,Thin,-6085.56736459792,-9393.761771339345,-21375.2858327313,3945.4054478685593,6375.571821501608,14317.555636736752
2026-08-26 21:45:00,0.011621005435972833,0.011627700531722301,0.011620970973824203,0.011627330096373859,0.0259424319500412,Moderate,-5343.301988016783,-8652.158385681743,-20634.429579276486,3890.7182255846988,6334.462221229829,14280.369144459562
2026-08-26 22:00:00,0.011627295606087704,0.011677669242031995,0.011627295606087704,0.011677554612475962,0.034448164336013276,Thin,-4464.6635961899565,-7779.882095184,-19768.36178980874,5001.511579820406,7575.2858335525825,15554.041461895087
2026-08-26 22:15:00,0.011675464533525052,0.011704044492303728,0.011674910409062175,0.011704044492303728,0.025413251389009784,Moderate,-3786.5515960164767,-7105.627940951532,-19097.34281220721,3434.847476692513,6087.312344970835,14083.364889196362
2026-08-26 22:30:00,0.01170347328345505,0.01170347328345505,0.01170347328345505,0.01170347328345505,0.007172856573881337,Reliable,-4199.574134729869,-7518.8028618480985,-19510.65794545054,11326.042170741865,13977.064833553253,21973.111813737156
2026-08-26 22:45:00,0.011702901066551115,0.011703098316834129,0.011701711591869416,0.011701711591869416,0.008457527780481144,Reliable,-4454.615708802985,-7773.587977410382,-19765.230140960033,15517.25917850688,18163.051194317617,26157.946974094048
2026-08-26 23:00:00,0.011701606087082761,0.011701606087082761,0.011701425267794684,0.011701425267794684,0.010734195251658663,Moderate,-4481.881589467331,-7800.812174676149,-19792.41972144862,15415.258933583616,18060.20078600434,26054.90945538298
2026-08-26 23:15:00,0.01170402640507905,0.011852202976322392,0.01170402640507905,0.011852202976322392,0.07234500227937934,Thin,-3467.5318861393216,-6805.533076050644,-18720.890837817897,3577.6073205955468,6469.13176371867,14821.270897330154
2026-08-26 23:30:00,0.011851511360665638,0.011851511360665638,0.011843020636480494,0.011843020636480494,0.053564573952261885,Thin,-3698.2457931529625,-7035.2197344068645,-18956.099184995546,3599.3485944342715,6475.421331195478,14802.838548277696
2026-08-26 23:45:00,0.011842520445712771,0.011897861675642128,0.011842520445712771,0.011869683327406294,0.07182197565780335,Thin,-4796.8084191765365,-8137.018262809144,-20042.783181315794,4355.348818871394,7276.272024664249,15676.577610844002
2026-08-27 00:00:00,0.01186739878071403,0.01186739878071403,0.011679932792710004,0.011679932792710004,0.06639714250167578,Thin,-4331.705480645491,-7750.821094652379,-19739.82113886191,5159.396620710048,7769.250350232412,15749.90732496252
2026-08-27 00:15:00,0.011679560677481944,0.011693450391677003,0.011654931552491848,0.011654931552491848,0.021184553177063158,Moderate,-13622.98886239743,-17265.83562536841,-29254.130175091304,14375.845320417582,16885.243840158524,24851.25186252098
2026-08-27 00:30:00,0.011654469518983478,0.011654469518983478,0.011644087606468713,0.011645218227013698,0.008650353921741516,Reliable,-16430.641453371005,-20099.73195222435,-32086.88385695626,13666.417309571358,16152.591503400463,24112.185056860053
2026-08-27 00:45:00,0.011645216340220817,0.011645522083526065,0.011615811293850772,0.011615811293850772,0.007069248150542418,Reliable,-20437.46368424149,-24185.985822832892,-36169.655857394595,7644.2087174443395,10063.752842351736,18003.910370118178
2026-08-27 01:00:00,0.011615717040897025,0.01161687787666,0.011611915679482058,0.011611915679482058,0.006668483023031224,Reliable,-21273.44746049679,-25060.828891803318,-37044.035128195785,10358.941529092872,13105.284481504716,22350.627396459306
2026-08-27 01:15:00,0.011596394591232425,0.011598498719072233,0.011230637243757325,0.011490051519254231,0.06404410333608297,Thin,-19759.465756806447,-23869.051015589055,-35852.86382141661,4782.656490765345,7216.672349724272,16386.30335712405
2026-08-27 01:30:00,0.011489585979548045,0.011489585979548045,0.011483301581720829,0.011483301581720829,0.009269358567515961,Reliable,-18994.26304339894,-23102.51823887652,-35105.2464335889,4166.271902665078,6583.0276416965535,15749.080256695801
2026-08-27 01:45:00,0.011483144938720049,0.011486739652417588,0.011451515965943865,0.011451515965943865,0.05619753728336679,Thin,-14656.714256377232,-18758.701862597278,-30846.761693081844,6014.772587050825,8350.181739640966,17499.3694656386
2026-08-27 02:00:00,0.011451457013198467,0.01145947226790231,0.0114204863935427,0.011459368088705022,0.019864978618221476,Moderate,-10036.599885769678,-14200.541467744868,-26267.63860879606,30399.975667227856,32782.7880244417,41936.1441233203
2026-08-27 02:15:00,0.011459159734572363,0.011459159734572363,0.011456790882217058,0.011457924734437654,0.009569677898780962,Reliable,-11818.241057483177,-16031.429703088761,-28280.046659097137,35778.22414774399,38208.48313594842,47569.28659013921
2026-08-27 02:30:00,0.011456578699944776,0.011456578699944776,0.011430954341755678,0.01143096145679178,0.005714449144109365,Reliable,-20733.042607995252,-24961.3926861779,-37281.73565922256,26485.61670486061,28826.037700796685,38167.814947052
2026-08-27 02:45:00,0.011430945157117872,0.011430945157117872,0.011421097990068657,0.011421097990068657,0.008124228348359441,Reliable,-24256.864750035045,-28504.307926787427,-40850.85941894912,23317.497549219184,25633.30150876934,34968.11315182666
2026-08-27 03:00:00,0.011420985764700346,0.011426089662482437,0.011420773391347014,0.011426089662482437,0.004900793156438654,Reliable,-18630.257638081133,-22861.42155336732,-35194.99612949263,20207.902787652638,22532.080326897343,31870.417476409646
2026-08-27 03:15:00,0.011426793882726072,0.011474589360597753,0.011426793882726072,0.011473283442878438,0.007055899824659484,Reliable,-8768.79956724599,-14045.376174544499,-26322.65035857033,72918.56930081653,75399.95417655678,84771.58525214228
2026-08-27 03:30:00,0.011473896199489908,0.011694106365358035,0.011473817349762615,0.011691915069513045,0.0422908172238061,Thin,-5739.940118087637,-9659.398031732988,-21796.28996527099,6334.43489056645,9664.627902738299,19175.20160832885
2026-08-27 03:45:00,0.01169013834774287,0.011728709902942582,0.01169013834774287,0.011724709183968793,0.04356452021340984,Thin,-11525.720731170588,-15228.199441570518,-27354.909607799786,7082.024852659756,10633.377760697333,20168.477045782925
2026-08-27 04:00:00,0.01172470740268638,0.01172470740268638,0.011723483073295833,0.011723483073295833,0.008697799597034228,Reliable,-13559.764156034074,-17270.383887441814,-29397.96626560999,7275.075912016223,10818.915240834918,20352.348357797782
2026-08-27 04:15:00,0.011724350826518326,0.011942984685307212,0.01172424837969116,0.011942651998079397,0.04489669480959955,Thin,-5143.262232512279,-8547.26310294269,-20515.725229694453,32468.10069892185,37937.99479645372,48350.30081281095
2026-08-27 04:30:00,0.011942645997364894,0.011993201593617745,0.011907974035076171,0.011907974035076171,0.0433362553199359,Thin,-5597.484724926047,-9048.05381558224,-20952.165540578422,8280.742820911348,13233.974808451136,23518.378239377533
2026-08-27 04:45:00,0.011907977267390816,0.011907977267390816,0.011902852553651293,0.011903113513591045,0.007636590517371511,Reliable,-9107.015729939247,-12560.594026144276,-24467.64282447243,14211.867357911733,19098.408969377364,29364.870486135827
2026-08-27 05:00:00,0.01190296620839957,0.01190296620839957,0.01190235528411621,0.011902657787693761,0.006903884146037087,Reliable,-9246.778948467952,-12700.51694010941,-24607.84103886291,14326.382941628834,19206.670918619926,29471.450001126494
2026-08-27 05:15:00,0.011902587071089203,0.011903353285774331,0.011898443913980764,0.011898443913980764,0.028882609335811948,Moderate,-5185.773220366819,-8640.987572546033,-20550.856576003134,6805.859013489179,11628.317029331893,21877.537941974442
2026-08-27 05:30:00,0.011897550091375315,0.011897550091375315,0.011868807246192211,0.01187383727109015,0.034078635120188494,Thin,-11674.3233260245,-15163.061033110995,-27101.58035996711,10418.660844827229,15002.290625968388,25194.379398011508
2026-08-27 05:45:00,0.01187343212237364,0.01187343212237364,0.01185866709909199,0.01185866709909199,0.011291630171527433,Moderate,-17126.434906043334,-20635.47448206937,-32583.684557531113,10491.502812258774,14950.468819838397,25085.989735755036
2026-08-27 06:00:00,0.011858205801355432,0.011858205801355432,0.011581319617920041,0.011581319617920041,0.040003964020541405,Thin,-7585.6542084819475,-12893.077004186809,-25065.941434164466,15472.318551112674,18341.124157393086,27859.184287107353
2026-08-27 06:15:00,0.011581263515156228,0.011581263515156228,0.011566870774322079,0.011566892024328026,0.010388448017276362,Moderate,-6857.736405732332,-12093.477073630409,-24286.60124519569,7440.317950190935,10260.83975889627,19769.83990773169
2026-08-27 06:30:00,0.011566462196137047,0.011566462196137047,0.011544797572709873,0.011544797572709873,0.026407468357373044,Moderate,-13504.453184994287,-18743.611283855716,-30967.71839608843,14942.627164510668,17689.148644338737,27184.26335751397
2026-08-27 06:45:00,0.011544693682296788,0.011548040142538993,0.01153905136676432,0.011545551736059034,0.02358286122900064,Moderate,-8046.8156309997285,-13346.915397520565,-25661.2011400741,7131.1338581039945,9914.454304886332,19551.862681781622
2026-08-27 07:00:00,0.011546902153024233,0.011563563364770069,0.011546902153024233,0.011557363261862963,0.023693015705813725,Moderate,-15446.199309487774,-20669.716992082307,-32966.04293956565,25587.959619621928,28410.86511427127,38055.77047312645
2026-08-27 07:15:00,0.01155737523295802,0.01155737523295802,0.01154714747055856,0.01154714747055856,0.009891944832294719,Reliable,-19375.814047440963,-24665.570040160717,-36977.43033086215,24707.52868830271,27496.198248827146,37134.61969028563
2026-08-27 07:30:00,0.011547124285668942,0.011547124285668942,0.011524882729353673,0.011524882729353673,0.012791806191915977,Moderate,-13960.088358401244,-19403.581737541197,-31749.257739269295,9666.307956985756,12380.754549782234,22005.034714059126
2026-08-27 07:45:00,0.011524867538096704,0.01152543786169792,0.011523263192754582,0.011523663055494744,0.00768898619478966,Reliable,-12342.374682263273,-17640.983823420018,-29879.877116491374,8413.427309488445,11125.700911353313,20749.206014798834
2026-08-27 08:00:00,0.011523548993402114,0.011524530270822678,0.011523485273905735,0.011524480459942966,0.007855000851854844,Reliable,-21274.955973003052,-26567.68117717634,-38805.77671642835,14739.248141654507,17454.25332800495,27078.277868425477
2026-08-27 08:15:00,0.011524451053318133,0.011524451053318133,0.011522721520571606,0.011522721520571606,0.007734794839153025,Reliable,-21559.921908859847,-26865.308242466395,-39105.12036247904,14257.09323709024,16966.22031786911,26589.127080167455
2026-08-27 08:30:00,0.01152244414831663,0.01152244414831663,0.011513658321519155,0.011520642683916461,0.007715928658741378,Reliable,-20976.364223732788,-25086.845268139277,-37252.38418341308,13760.819589274113,16462.998938341116,26084.58452285319
2026-08-27 08:45:00,0.011521206391325266,0.011546930970887492,0.011520481279812918,0.011546030807931058,0.011223878626467653,Moderate,-11322.12208225903,-15351.676157538055,-27514.879890657085,13902.798989018747,16690.025366198217,26327.737892982666
2026-08-27 09:00:00,0.011546012960950569,0.011546012960950569,0.011544260264004047,0.011544260264004047,0.005281337095032912,Reliable,-12143.64169373473,-16177.951357384905,-28341.318982803514,14425.33592508355,17206.593660717554,26843.182085189623
2026-08-27 09:15:00,0.011544242087320274,0.01154757970494751,0.011543956635939968,0.011547436579560911,0.003953505954026904,Reliable,-18302.419013059036,-22328.196965835326,-34491.27046138858,25256.81973576006,28048.784752731546,37687.389729817674
2026-08-27 09:30:00,0.011547414012648636,0.011547414012648636,0.01154631707846262,0.01154631707846262,0.004517292901394465,Reliable,-19444.0124407072,-23504.28721266685,-35674.2379314713,26095.059408859954,28897.230993403893,38535.12526266303
2026-08-27 09:45:00,0.011546184949543589,0.011546184949543589,0.01154353771834425,0.01154353771834425,0.004342634796844492,Reliable,-20221.359457721665,-24289.0955756394,-36459.61455299922,25048.840166583686,27841.325849439563,37477.45551144567
2026-08-27 10:00:00,0.01154352057264863,0.01154352057264863,0.011536467390658426,0.011536518521306091,0.0049330195673555005,Reliable,-13475.39150842179,-16902.228375974988,-29074.18059937054,13683.605156963076,16451.69233714171,26083.364586447922
2026-08-27 10:15:00,0.011536093447007224,0.011536093447007224,0.011531722051167531,0.011531722051167531,0.004818571307294839,Reliable,-14461.889535902535,-17891.61119155213,-30064.541257417244,12999.694200935166,15751.213388318994,25379.83894704323
2026-08-27 10:30:00,0.011531703462362472,0.011531703462362472,0.011522987031626922,0.011522987031626922,0.007484464981380161,Reliable,-21344.9303540593,-24779.903294787866,-36954.61091623073,14982.49836767102,17703.836150199495,27326.911646036613
2026-08-27 10:45:00,0.011522931043492557,0.011522931043492557,0.011519652522941588,0.011519652522941588,0.003300619109290248,Reliable,-22171.999977972904,-25608.97676078274,-37784.36184699257,14131.519501702343,16841.332809858344,26462.28906844278
2026-08-27 11:00:00,0.011519424384354162,0.011519424384354162,0.011518440719061607,0.011518440719061607,0.005724571416865907,Reliable,-23349.97807103922,-26787.68296865248,-38963.314103746976,14310.126321045513,17015.75107192477,26635.937096108122
2026-08-27 11:15:00,0.011518387057794122,0.011552595455992173,0.011517673959586432,0.011538550452487934,0.012060703481285628,Moderate,-20474.768670647358,-23900.436660546646,-36071.97426140437,22361.53845986419,25136.643308993913,34769.60603845459
2026-08-27 11:30:00,0.011538325263861426,0.011538325263861426,0.011528263563498347,0.011528263563498347,0.011224064119916565,Moderate,-25876.148433858576,-29307.949605434344,-41481.58396375203,20960.3043133068,23699.875036058223,33326.30338989978
2026-08-27 11:45:00,0.011527782556264044,0.011533850917303037,0.011523773274033434,0.011526371214684859,0.009808065868265237,Reliable,-18469.006289996225,-21885.3161894967,-34047.758418470905,14105.768261604522,16548.76650078244,24815.388904170413
2026-08-27 12:00:00,0.011526351757603949,0.011535680768334883,0.011506142841940495,0.011506142841940495,0.005511091304957261,Reliable,-11431.166876640642,-14859.643427881912,-27025.00689262366,5743.034791413447,8112.4162776523435,16368.474901404734
2026-08-27 12:15:00,0.011505917852427328,0.011505917852427328,0.011505342964951778,0.011505342964951778,0.0054370142074007255,Reliable,-33543.17795605925,-36972.13527677431,-49137.6138153754,12756.520006288845,15122.989185131546,23378.50024666231
2026-08-27 12:30:00,0.011505290771888482,0.011505290771888482,0.011504787738630515,0.011504787738630515,0.003581539940824995,Reliable,-33722.54974174691,-37151.84076891076,-49317.39916520057,12562.526287545892,14926.973858869582,23182.104824567796
2026-08-27 12:45:00,0.011504771685696894,0.011504771685696894,0.011504272332789136,0.011504272332789136,0.0035820901690455814,Reliable,-33887.22138278693,-37316.822172403685,-49482.45468463527,12382.011806046105,14744.582714600952,22999.360836490083
2026-08-27 13:00:00,0.01150246609560704,0.011508547487065082,0.01150246609560704,0.011508265808533931,0.0043348920174424155,Reliable,-31866.975469703575,-35294.17588162113,-47459.23376501598,13511.3112003596,15888.421798433204,24145.63558124796
2026-08-27 13:15:00,0.011508170690954935,0.011508170690954935,0.011507672401561387,0.011507672401561387,0.0025083651994478595,Reliable,-32063.262009173464,-35490.81914248703,-47655.96246499535,13311.777012033572,15686.727257485654,23943.63254635859
2026-08-27 13:30:00,0.011507588962331927,0.011507588962331927,0.011506648329472818,0.011506648329472818,0.004028913748629704,Reliable,-34728.1064055218,-38156.27911843739,-50321.56984427437,13774.24999568982,16106.61156613089,24362.98445287272
2026-08-27 13:45:00,0.01150677241463267,0.01150677241463267,0.011506100134147063,0.011506100134147063,0.0024994121487546205,Reliable,-34933.877002383,-38362.3792239573,-50527.748833676,13622.44146164464,15952.915091506535,24208.944479776666
2026-08-27 14:00:00,0.01150603740651115,0.01150603740651115,0.011505010962902209,0.011505010962902209,0.004631949852913197,Reliable,-32738.89081223759,-36169.25728540851,-48334.78357749207,12416.2477826657,14745.915668027425,23001.199449296968
2026-08-27 14:15:00,0.011504866172761192,0.011516435062596022,0.011504866172761192,0.011516349692426247,0.006651050317839258,Reliable,-26433.331457845627,-29856.470904678416,-42020.36303570827,14871.961894289387,17241.082657673345,25502.498209916765
2026-08-27 14:30:00,0.01151605080001691,0.011516513642675981,0.011515884414283428,0.011516325379594867,0.0026075476517012147,Reliable,-35079.36710257443,-38502.52205139115,-50666.41769360969,19287.9339947637,21656.97018293025,29918.373100277313
2026-08-27 14:45:00,0.01151617455668251,0.011560198640210429,0.01151617455668251,0.011560198640210429,0.008865202311102438,Reliable,-10928.141423024605,-14339.64476343814,-26497.15430989864,21403.22229478173,23936.683174068443,32220.864493152825
2026-08-27 15:00:00,0.01156019681067225,0.011578377427482443,0.011560183435455309,0.011578033038613789,0.00446742864144034,Reliable,-19038.705476557257,-22515.016005868394,-34687.812204628244,106079.34389413986,108720.53675158508,117033.05309611578
2026-08-27 15:15:00,0.011578031641802378,0.011592324379649011,0.011577930166157544,0.011592279903527602,0.0072584279319308775,Reliable,-4404.35118281991,-7871.735243564195,-20042.13537030461,26060.399796930433,28769.502500688093,37089.70979862924
2026-08-27 15:30:00,0.011592293331898519,0.011824442725437348,0.011592171920305566,0.011824377484320598,0.055195655750685524,Thin,-4389.22413319262,-7794.478153477618,-19895.50130437009,42353.51804527513,50689.52697068375,59487.28883484548
2026-08-27 15:45:00,0.011824961944146364,0.012290179899062323,0.011824961944146364,0.012290179899062323,0.06970173084195216,Thin,-4353.1879267854465,-7778.042809898005,-19608.71222654357,19488.455537661368,23616.617033245337,41385.62711796278
2026-08-27 16:00:00,0.012291419680812361,0.012779190734852315,0.012291419680812361,0.012563234980529907,0.06782603056561913,Thin,-25515.3221805649,-29011.253034569887,-40871.47349851087,4703.0021063524055,8570.818932814273,27732.89785094836
2026-08-27 16:15:00,0.012563325425952232,0.012570495924440732,0.012563325425952232,0.0125698307752657,0.02965695107918398,Moderate,-29275.042192093908,-32770.43826000763,-44627.24838709654,6404.1664755453585,10272.301824527118,29472.60913253587
2026-08-27 16:30:00,0.012568142076942651,0.012568142076942651,0.012187310292301913,0.012187310292301913,0.06503134176146458,Thin,-19329.125580803506,-23012.632334004207,-35124.20920495523,3825.5274739643073,8737.970150203837,24655.99195856219
2026-08-27 16:45:00,0.012187261164822761,0.012187261164822761,0.012158893632657198,0.012158893632657198,0.024817456571194406,Moderate,-23666.61471368389,-27189.067092587782,-39326.64051514766,69963.08769887869,76186.23404668426,90305.29869251583
2026-08-27 17:00:00,0.012158819653193896,0.012158819653193896,0.012101916936229093,0.012101916936229093,0.029965683787606313,Moderate,-22935.21089199122,-26454.791746998733,-38644.297943333484,12010.28356551883,20937.76840447538,31986.52871679966
2026-08-27 17:15:00,0.012101835742674545,0.012101835742674545,0.01190316542692245,0.011907340109144725,0.06684001032160469,Thin,-6992.78228446061,-10498.512974969597,-22835.13873163204,10725.665572534119,15212.00972108685,24344.066434781067
2026-08-27 17:30:00,0.011907131768880131,0.011907131768880131,0.011906687655510268,0.011906771510486063,0.005485850979341844,Reliable,-26718.62882729786,-30224.284997763352,-42561.35410253345,51039.7092468123,54860.29181264908,63957.17381038391
2026-08-27 17:45:00,0.011906647028600151,0.011913531600448696,0.011904999316723822,0.011913155730119782,0.005516152561311482,Reliable,-8406.365996993049,-11912.858750391677,-24244.948532226448,16131.446411522664,19979.112469494386,29099.958110795036
2026-08-27 18:00:00,0.011913089829952308,0.011913511119660668,0.01190178451560009,0.01190178451560009,0.0069127126428246925,Reliable,-26025.79539557164,-29530.797879793372,-41871.75439087883,41947.88371528873,45747.30512213005,54825.463593774504
2026-08-27 18:15:00,0.011901747516207062,0.011929317821016973,0.011901304743176334,0.011929247140569999,0.015791616797016572,Moderate,-8136.698834164368,-11645.298953828595,-23964.824591818637,30598.575738757867,34514.473494813086,43695.69097016736
2026-08-27 18:30:00,0.011929210715381234,0.011929210715381234,0.01192918961787157,0.01192918961787157,0.0026879878951596046,Reliable,-12417.183864236751,-15925.77645375948,-28245.34704045598,56935.17072227541,60850.82464935624,70031.82638330596
2026-08-27 18:45:00,0.01192926574566244,0.012059628198391724,0.01192926574566244,0.012059628198391724,0.05802801572961693,Thin,-4355.622348231094,-7872.974814389321,-20099.047188728826,20727.809134263985,25065.199891255532,34795.052879078095
2026-08-27 19:00:00,0.012057361831864963,0.012754326136584903,0.012056939038299803,0.012750470578619614,0.06707190931550144,Thin,-3941.861431011133,-7405.667191249129,-19196.467386085762,4103.889070034222,8023.562861662693,23673.558659913568
2026-08-27 19:15:00,0.012729441150751308,0.01278030168163391,0.012729357857078351,0.01278030168163391,0.04225544845845669,Thin,-3898.0692518582146,-7361.043446852091,-19141.01190116857,4377.669311297,8307.880881531955,23885.15970750828
2026-08-27 19:30:00,0.012780108629871424,0.01300177719655455,0.012780108629871424,0.01300174405038278,0.061303734645969145,Thin,-4463.227001646147,-7810.762760545805,-19486.902717815145,4409.656425291886,8069.9689656518285,24393.27975034603
2026-08-27 19:45:00,0.013005136895996078,0.013018921049570469,0.013005136895996078,0.013018916112713308,0.020332881573118432,Moderate,-36719.18713932773,-40056.956172785234,-51706.54732500174,53862.86595902058,57502.15127104355,72699.96478119247
2026-08-27 20:00:00,0.013019096333492245,0.013019284446701087,0.012678153053449184,0.012686015265037598,0.06632838445564597,Thin,-23470.278223607267,-26873.551409274172,-38654.2227443292,4050.375742656186,7537.919365689196,21535.454663558186
2026-08-27 20:15:00,0.012685978594135746,0.012688071941025876,0.012549775677777987,0.012549775677777987,0.05575995320231408,Thin,-4984.631272138955,-8315.199443703283,-20149.6380317948,3509.2384786377384,7018.6714193306025,20479.93559321289
2026-08-27 20:30:00,0.012545501211584516,0.012545501211584516,0.012525929514535064,0.012525931887452343,0.06693748765079258,Thin,-35842.110481602576,-39166.25313938039,-51027.33522316688,93599.63853604141,97112.27839487058,110500.70325722381
2026-08-27 20:45:00,0.012525953997536948,0.012525953997536948,0.012525792499115921,0.012525792499115921,0.0017927369670536208,Reliable,-35965.767447298036,-39289.85047072215,-51151.007204433,93431.75351905849,96944.38833819868,109797.59437361792
2026-08-27 21:00:00,0.01252572585677256,0.012550697579961318,0.012514613868865883,0.012547281212802418,0.05451708369380084,Thin,-4813.224178345348,-8146.502179934082,-19996.136993134067,6383.731452045032,9897.142880829539,22831.171260785715
2026-08-27 21:15:00,0.012547443970660176,0.012547443970660176,0.01252735736273653,0.012533175021545771,0.054516336816979025,Thin,-18614.04029317409,-21941.281946110004,-33798.48336169937,59791.0227764663,63303.92447761795,76184.90512289139
2026-08-27 21:30:00,0.012533181070540947,0.01266283147232282,0.012533181070540947,0.01266227842859703,0.07150474486715516,Thin,-17456.082929056633,-20840.0172870906,-32629.395415733186,63940.12387105288,67432.67839983625,80801.31083635797
2026-08-27 21:45:00,0.012662399142488599,0.012662399142488599,0.012662382272417819,0.012662388756893723,0.002047074410016503,Reliable,-17613.07908986683,-21000.405549715593,-32789.743276073226,65006.57445543649,68495.08555533845,81841.10801487164
2026-08-27 22:00:00,0.0126623781572536,0.0126623781572536,0.012660559370064151,0.012660645724871005,0.004140572596203818,Reliable,-28322.78594873828,-31713.444424826237,-43520.61575619352,105451.02358339351,108944.43059367615,122304.88043516727
2026-08-27 22:15:00,0.01266065121773321,0.01266065121773321,0.012660648397227773,0.012660648397227773,0.000786605019290465,Reliable,-28320.136493900703,-31710.79704854109,-43517.96740333544,105453.67900338484,108947.08624861411,122307.54600441444
2026-08-27 22:30:00,0.012660775417276513,0.012660775417276513,0.012660740970066578,0.012660740970066578,0.0021813126465597627,Reliable,-30083.701251533013,-33469.74634144069,-45259.68742338138,113613.13590125034,117101.50246584433,130441.41330019005
2026-08-27 22:45:00,0.01266073741917531,0.012792620306492024,0.012648539535348493,0.012792599711380241,0.037902413230235646,Thin,-24332.932072704563,-27788.25805143748,-39530.21937504058,120237.64400021998,123756.4260585861,137582.47104553218
2026-08-27 23:00:00,0.012792597004177295,0.012792718088037412,0.012792597004177295,0.012792718088037412,0.0014156873587688689,Reliable,-26050.403534830682,-29505.948273740323,-41248.52528364191,130390.44677629379,133909.53561811429,147736.801306323
2026-08-27 23:15:00,0.012792719085335929,0.012798589575231684,0.012792719085335929,0.012798586512378205,0.008183055591574109,Reliable,-5406.256271767185,-8861.552973909425,-20601.978589863866,18736.087155662903,22258.436352527817,36107.226033661675
2026-08-27 23:30:00,0.012798585802163734,0.012811242209210521,0.012798585802163734,0.012810303950887352,0.007475299649878986,Reliable,-4098.184898305407,-7552.875215153736,-19288.352791501096,38590.12953267375,42118.46967931076,56008.29538127456
2026-08-27 23:45:00,0.012810232462569961,0.01318119192781858,0.012809967944041356,0.013176742315238198,0.06781314052596961,Thin,-8056.788937401514,-11329.420349733127,-22738.496295899586,22350.46311891196,27132.295848092323,42197.55243273409
2026-08-28 00:00:00,0.013176629188048825,0.013176629188048825,0.013176361836010519,0.013176361836010519,0.0012652450494685663,Reliable,-33505.41352380022,-36778.03412052448,-48187.80118862791,126908.06698084969,131689.84884456705,146754.55111788042
2026-08-28 00:15:00,0.01317634379840419,0.01317634379840419,0.013175523396110531,0.013175733577499958,0.00128320552030754,Reliable,-34276.12149177004,-37548.67260107261,-48959.391454706245,126336.43621824392,131118.07848217696,146181.63533460148
2026-08-28 00:30:00,0.013175715718199667,0.013175733601926245,0.012950718249107693,0.013045878621664977,0.05551804629272701,Thin,-3703.9036312902685,-7026.52678457432,-18634.4909968329,4771.370720532686,8737.406058013406,23464.863665071196
2026-08-28 00:45:00,0.01304587650182529,0.01304587650182529,0.013045325074955764,0.01304563218756574,0.002643655585341475,Reliable,-15917.112930602614,-19239.876712863537,-30848.22274041624,56037.9906228197,60001.853199490666,74728.4702914354
2026-08-28 01:00:00,0.013045957176762787,0.013179855748151541,0.013045957176762787,0.013179855748151541,0.0679744722543485,Thin,-4270.680238739789,-7543.687235795286,-18948.160521680737,6952.52462686363,11735.082781279672,26806.154545683792
2026-08-28 01:15:00,0.013179831211242445,0.013331322891398033,0.013179754710681463,0.013331318235720918,0.06865959710883182,Thin,-3713.692471604389,-6980.37149784842,-18178.123288242223,4355.297506665326,9139.240405875848,24482.65939444646
2026-08-28 01:30:00,0.013331305389156696,0.013331613589185585,0.013326323946786373,0.013326323946786373,0.0015686168635425934,Reliable,-5606.908991804766,-8874.023808703907,-20078.357877471215,31713.50260432644,36493.40591341262,51827.92407458548
2026-08-28 01:45:00,0.013326202661655306,0.013326202661655306,0.013289683201831194,0.013315528291414367,0.0559298380479563,Thin,-3828.7261838309305,-7096.781942680793,-18315.33736075775,5512.150070894785,10295.591755409901,25610.864186344428
2026-08-28 02:00:00,0.01331522024964168,0.01331522024964168,0.013245299425268456,0.013245299425268456,0.046610444881761914,Thin,-10986.309770452921,-14260.817789105524,-25571.655988671326,7267.82197240543,12059.88260857584,27249.765064885807
2026-08-28 02:15:00,0.013244688728003355,0.013244688728003355,0.013101767649722543,0.013101767649722543,0.06263880061305246,Thin,-13383.406991557324,-16674.909131320757,-28197.433333107358,6957.132679884858,11406.896533987781,26331.28450953004
2026-08-28 02:30:00,0.01310174941640676,0.013101819465312671,0.013101646720765948,0.013101771587864078,0.0019094863627861613,Reliable,-53017.25610461518,-56308.75590607234,-67831.27416827981,19303.694367730193,23753.49096519475,38677.89416298864
2026-08-28 02:45:00,0.013101640001329783,0.013101640001329783,0.012805550531468665,0.012805550531468665,0.07351771247785155,Thin,-4135.061281109672,-7774.058361279879,-19511.509358499123,4628.941596316898,8154.646004230655,22027.185487379782
2026-08-28 03:00:00,0.012803275991228012,0.012803275991228012,0.012755086242694133,0.012755086242694133,0.037971663152470955,Thin,-48560.096434764484,-52012.98809698678,-63758.02437580306,59926.543926077,63423.849983570886,77111.25861914417
2026-08-28 03:15:00,0.012755082332823364,0.012798867778339124,0.01275505155379821,0.012798867778339124,0.01281336062372862,Moderate,-4301.131096506715,-7755.60534190226,-19495.49188849326,10789.902096959637,14313.505960367382,28161.444817053285
2026-08-28 03:30:00,0.012798859638351912,0.012799627080523407,0.0127872777952228,0.01279560833579787,0.013905849143142635,Moderate,-7263.348679404408,-10747.997004262686,-22504.511438090754,29275.137706499514,32829.26791420045,46674.45235325864
2026-08-28 03:45:00,0.012795580185291311,0.012795580185291311,0.012795580185291311,0.012795580185291311,0.0014757939950238441,Reliable,-11970.515369369828,-15448.558287222535,-27221.366625350045,61347.18061580628,64838.39618306801,78642.64749484387
2026-08-28 04:00:00,0.01279555203487762,0.01279555203487762,0.012382384350873799,0.012382384350873799,0.06988363263609312,Thin,-4860.5814003640335,-9204.682323027906,-20956.71347739433,5106.757121086999,8505.351493718175,20838.297103871468
2026-08-28 04:15:00,0.01236817721040682,0.012418337435286456,0.01235941000230063,0.012418337435286456,0.031098620546061363,Thin,-4163.92380508269,-7478.534064792742,-19245.291178010386,8262.58392033732,11738.557248287887,24220.322128269145
2026-08-28 04:30:00,0.012420015777833963,0.012493293716337329,0.012420015777833963,0.012493293716337329,0.06838006951457948,Thin,-22693.855506447875,-26002.706476201653,-37770.18859127077,22331.50284384296,25826.42123567922,38601.461443331835
2026-08-28 05:00:00,0.012493011454614632,0.012493011454614632,0.012491680785052552,0.012491680785052552,0.006067922751809562,Reliable,-13952.467654006034,-17260.969881415902,-29029.13452345826,13724.551742307487,17219.131457586776,29988.049354804
2026-08-28 05:15:00,0.012486167359928283,0.012486167359928283,0.012477856414479741,0.012477856414479741,0.011018396888204385,Moderate,-27246.99711820599,-30552.510080870452,-42326.51880105604,17749.193191254777,21240.869225803686,33957.296820784955
2026-08-28 05:30:00,0.012477841578173035,0.012477841578173035,0.012468181268358167,0.012468181268358167,0.009055907614819647,Reliable,-26781.54805674942,-30084.96872615526,-41863.06127094733,12546.107876639973,16035.750779640695,28715.425129565414
2026-08-28 05:45:00,0.012467805194607374,0.012467805194607374,0.012332669866827226,0.012332669866827226,0.07195893936398479,Thin,-4816.083770380051,-8186.126885878442,-19926.13874761259,3519.3114659042817,6983.39496331218,19146.76866298029
2026-08-28 06:00:00,0.012327509704812167,0.012327509704812167,0.012258779856421024,0.012258779856421024,0.07457268293000925,Thin,-20263.80132087739,-23631.715041989388,-35398.46323233471,25853.008598996705,29298.193219754117,41100.68633082618
2026-08-28 06:15:00,0.012258718079950952,0.012258718079950952,0.012144066932819964,0.012144066932819964,0.04688964272434135,Thin,-7621.465507457735,-11824.32669567775,-23558.65469413102,10386.382502821312,14055.017097461367,25188.259101612864
2026-08-28 06:30:00,0.012143941017564056,0.012146273506499848,0.012143673878559543,0.012145778766327081,0.012989383299042334,Moderate,-23393.1333642427,-27582.209020965038,-39316.011938741096,41442.02911882585,45104.50651605408,56250.624422744215
2026-08-28 06:45:00,0.012145717085044238,0.012145717085044238,0.01212621009055716,0.01212621009055716,0.02337996466023611,Moderate,-13922.022675585518,-18235.16368311352,-29974.959851856373,13599.642387468128,17332.676707390343,28331.550709204566
2026-08-28 07:00:00,0.012126178210414172,0.012126178210414172,0.011841415722119863,0.011841415722119863,0.0702356175379268,Thin,-3561.384393553028,-7044.831188437709,-19844.858145948314,3594.3223538564907,7080.347441579407,16975.33660047335
2026-08-28 07:15:00,0.011827774170923382,0.011827774170923382,0.011710669136465228,0.011806542945614163,0.07112102996601354,Thin,-11545.662029594645,-15019.315635837946,-27811.17832621902,43465.36251484676,46777.35634438482,56572.80033808119
2026-08-28 07:30:00,0.011805853707053482,0.011805853707053482,0.011763469399544226,0.011763469399544226,0.030387800039965728,Thin,-14308.789651770654,-17769.826346356025,-30539.92612960917,13318.76132315263,16447.127023466386,26116.97380533298
2026-08-28 07:45:00,0.011763336503037502,0.011763662275168528,0.011763295722871646,0.011763295722871646,0.035947411505186155,Thin,-32747.84214173251,-36208.83795186664,-48978.88770397557,28998.760340123146,32126.983076334804,41796.33437232713
2026-08-28 08:00:00,0.011763289618638702,0.011763289618638702,0.011760843078353424,0.011760843078353424,0.00603699761118115,Reliable,-33414.289015605194,-36529.75595231009,-49299.09906044153,27486.95377579086,30613.157474618813,40275.51117828868
2026-08-28 08:15:00,0.011760830688448132,0.011769028545627794,0.011753236543167973,0.011768337173328884,0.008671116338315476,Reliable,-26757.392940741072,-29874.404200708683,-42645.90583065053,27645.739719923175,30778.111959233596,40461.8446288747
2026-08-28 08:30:00,0.011768309047970906,0.011983360805934621,0.011768309047970906,0.011983360805934621,0.07708947244391809,Thin,-9005.222778871383,-13215.748210729282,-24989.581386135007,6289.1005299933395,10131.119918227345,20444.117665285543
2026-08-28 08:45:00,0.011987848633940996,0.01206097563580278,0.01198750945294825,0.01198750945294825,0.05936689611250445,Thin,-29385.891374891195,-33599.31249953775,-45371.89134984482,17648.518350414066,21493.729128406605,31821.266296393416
2026-08-28 09:00:00,0.011987492314083964,0.011994100720327068,0.01198747092402957,0.011993993885483608,0.011886218354504452,Moderate,-24560.736194740282,-28778.683853339826,-40549.30031721471,18021.302342600895,21871.50023164867,32221.757816863308
2026-08-28 09:15:00,0.011993974257438552,0.012020942222319997,0.011993974257438552,0.012018685803777721,0.05599895561137101,Thin,-4307.680658095496,-8542.897602628986,-20306.0209514816,5247.1058755259155,9136.717148993881,19573.43510607593
2026-08-28 09:30:00,0.012018499222211338,0.012019613565398834,0.012018476719120243,0.012019267185489535,0.013890232278979533,Moderate,-14006.947503039208,-18254.403231317538,-30029.50985013111,20639.454843365893,24543.549054102747,34994.33138675465
2026-08-28 09:45:00,0.012019263666245675,0.012019263666245675,0.01194984253038302,0.01194984253038302,0.037159884427109845,Thin,-11562.176460487834,-15675.758647917524,-27559.95055280401,3967.2542667119974,7788.7646223675465,18000.82220022731
2026-08-28 10:00:00,0.011949787192905462,0.011949787192905462,0.01193495372861409,0.011935069484447591,0.07655380075121583,Thin,-4106.645826663246,-8088.542636194408,-20099.125861921835,10204.645731279687,14005.189523643827,24174.353106220908
2026-08-28 10:15:00,0.0119350661655243,0.0119350661655243,0.0118954224393129,0.0118954224393129,0.030614721924016455,Thin,-7942.433910134966,-11571.309194208849,-23920.66166626229,9783.57326854218,13527.783983724587,23581.69974464839
2026-08-28 10:30:00,0.011895361477595342,0.011895361477595342,0.011894810105901777,0.011894810105901777,0.006188209247242416,Reliable,-25944.63818036879,-29568.065626521337,-41922.64530708624,33727.11521890659,37470.45515575141,47522.58945342883
2026-08-28 10:45:00,0.011894806246539906,0.011894806246539906,0.011894800914813304,0.011894800914813304,0.007858409144110668,Reliable,-7696.280026821851,-11307.856109836215,-23645.439602384027,9323.18653736987,13053.836506578182,23098.974810194963
2026-08-28 11:00:00,0.011894838741866733,0.011894838741866733,0.01189388487547538,0.01189388487547538,0.009913183732701714,Reliable,-26235.942863435972,-29839.36979182551,-42184.73673362416,33162.10246895058,36891.45021583625,46933.960738552676
2026-08-28 11:15:00,0.011893869316217462,0.011893869316217462,0.01183344808901171,0.01183344808901171,0.07714592792687158,Thin,-4976.688747566982,-8106.97148923272,-20897.095803210796,3677.6274149650058,7121.153888565494,16990.34759572123
2026-08-28 11:30:00,0.011833318736758053,0.011833318736758053,0.011821598785995036,0.011821598785995036,0.05310416738350669,Thin,-5022.971078135004,-8150.840729920808,-20937.62858035545,41416.66952978369,44801.07276584854,54636.553130797656
2026-08-28 11:45:00,0.011821595411388696,0.011821595411388696,0.011820423918162418,0.011820423918162418,0.006346647513437101,Reliable,-5417.002281291246,-8544.632653586881,-21331.084345833573,41026.68902880129,44405.228534481845,54237.36527419507
2026-08-28 12:00:00,0.011819839648900475,0.011819839648900475,0.01181966499631435,0.01181966499631435,0.009548993996478839,Reliable,-5707.157474859463,-8834.63327942434,-21620.8678010258,41317.24296498217,44691.99455938946,54521.971350589585
2026-08-28 12:15:00,0.011819661669556456,0.011819661669556456,0.011819613246998406,0.011819613246998406,0.0024067877084813284,Reliable,-5724.76585736939,-8852.231122225368,-21638.450834702377,41299.810841034625,44674.30414115405,54504.133647393435
2026-08-28 12:30:00,0.011819618876179452,0.011819618876179452,0.011818218290189276,0.011818218290189276,0.009147624867414807,Reliable,-6203.698149992784,-9330.879303396556,-22116.699786508947,40883.711966976596,44251.24246198264,54077.10162692669
2026-08-28 12:45:00,0.011818016464963046,0.011818016464963046,0.011813959336413197,0.011813959336413197,0.012492190708374639,Moderate,-8313.634515013102,-11439.9482144302,-23251.101195455823,44778.19429053637,48124.46404673889,57938.19988094658
2026-08-28 13:00:00,0.011813952101343955,0.011813952101343955,0.011782936387114912,0.011782936387114912,0.012952270819657665,Moderate,-9209.540431320387,-12329.534033980623,-24134.343235914614,13825.222458682323,17016.509581802515,26741.87098384144
2026-08-28 13:15:00,0.011782501843076682,0.011889255679514104,0.011782257189020227,0.011800971212851428,0.07719333986252352,Thin,-3487.3233979091488,-6610.991416949122,-18419.492452039936,4463.929393901848,7696.379436003322,17473.13040946744
2026-08-28 13:30:00,0.011790747857500361,0.011808261036653382,0.01178248614494701,0.011805199917173331,0.04054179185616813,Thin,-31202.034307520877,-34326.67141677713,-46136.431424945455,127414.0654066056,130660.68269382573,140449.95734784455
2026-08-28 13:45:00,0.011805179897568243,0.011805179897568243,0.011778126785030115,0.011778126785030115,0.027098375608068936,Moderate,-4542.383306040008,-7661.504389869719,-19465.721650608935,5252.550375791887,8397.185793852152,18109.315047693144
2026-08-28 14:00:00,0.011778127235262888,0.011778127235262888,0.01177404822367988,0.01177404822367988,0.0017479040740273621,Reliable,-10490.23120388827,-13608.52113525032,-25411.901234978184,12328.655753440247,15467.335155957977,25167.834790812896
2026-08-28 14:15:00,0.011773742927816716,0.011773742927816716,0.01172813799329781,0.01172813799329781,0.037292776613618225,Thin,-63902.68604713383,-67011.51903890978,-78805.4367403706,15040.200649575241,18139.576677680696,27709.02857031045
2026-08-28 14:30:00,0.011728100853197802,0.011749992242924393,0.011727767914902482,0.011749733116632098,0.006758742417636921,Reliable,-38469.556149505035,-41582.840777772995,-53381.21828952862,21961.898863219965,25079.069793000144,34710.19543803401
2026-08-28 14:45:00,0.011749715790613412,0.011749715790613412,0.011749655760425345,0.011749655760425345,0.001806778034426082,Reliable,-58609.829238573104,-61723.097922655164,-73521.45948714715,32495.362400912465,35612.46961651289,45243.374440290296
2026-08-28 15:00:00,0.01174962403194787,0.011749794873009898,0.01174962403194787,0.011749742515971587,0.0014795351671365031,Reliable,-58591.71253913219,-61704.99910473321,-73503.37855418303,32581.061065174814,35698.23973667507,45329.39221304172
2026-08-28 15:15:00,0.011749763096318864,0.011754180169507881,0.011749763096318864,0.011754121071604817,0.026318853729156516,Moderate,-36416.87668171368,-39531.065703757304,-51330.34747579075,23943.871578642153,27064.656289480718,36708.306613903835
2026-08-28 15:30:00,0.011753976308976186,0.011753976308976186,0.011751489589201723,0.011751489589201723,0.01108657057613123,Moderate,-12277.129463527597,-15390.776121091507,-27189.515681376237,8476.08787084037,11594.705456905776,21230.844938103477
2026-08-28 15:45:00,0.011751476024949886,0.011751476024949886,0.011750347892167645,0.011750347892167645,0.0029259466954538733,Reliable,-26314.76676884287,-29428.178110332443,-41226.682353078584,15837.683986928458,18955.361267055894,28588.241826307367
2026-08-28 16:00:00,0.011750337921415716,0.011750337921415716,0.011750321292330548,0.011750321292330548,0.0016015050210637094,Reliable,-58675.10373900243,-61788.509597939694,-73587.00835761076,33266.77228584855,36384.42765770637,46017.232287052626
2026-08-28 16:15:00,0.011750297663700102,0.011750297663700102,0.011527358548013197,0.011527358548013197,0.0753414462238055,Thin,-5567.666218529024,-8828.592845850944,-20311.40928186387,3956.447296506014,6530.8839728150015,15968.039740513745
2026-08-28 16:30:00,0.01151999382450565,0.01158420795231529,0.011437973242853118,0.01158420795231529,0.07776825773121654,Thin,-4699.943883273593,-7835.69318094956,-19362.350888120553,3309.7974781103608,6027.970678685322,15493.935545537577
2026-08-28 16:45:00,0.011583577448167836,0.011586084627711372,0.011582989417498545,0.011586061732495712,0.007452715973463156,Reliable,-13060.83674864034,-16196.781263880624,-27724.868046447544,139308.67859142867,142031.5447721069,151498.4478721958
2026-08-28 17:00:00,0.011586044550282445,0.01158628856110897,0.01156500255180216,0.01156500255180216,0.012634772314945497,Moderate,-14386.27218068788,-17519.997554775066,-29031.847899749806,36973.05869044203,39642.58990079732,49098.830129803784
2026-08-28 17:15:00,0.011564888195529673,0.011564888195529673,0.011562703228196053,0.011562703228196053,0.007375728710941585,Reliable,-43198.15644765806,-46331.639335236185,-57841.71666231601,115639.26039275042,118302.96534333841,127758.04077078192
2026-08-28 17:30:00,0.011562742729154838,0.011573768304600576,0.011562742729154838,0.01157374153217256,0.0016524648914336914,Reliable,-27546.013401506567,-30680.660042818778,-42199.248583906556,124250.52494673723,126942.19459137006,136402.86079585264
2026-08-28 17:45:00,0.011573739292327264,0.011573739292327264,0.011573546699181678,0.011573546699181678,0.0014821389517478245,Reliable,-14702.64417957448,-17837.27028745721,-29355.70861051521,58309.063959192164,61000.24012507042,70460.80767194976
2026-08-28 18:00:00,0.011573527964236755,0.011573527964236755,0.011573376097480107,0.011573376097480107,0.0006774241188405306,Reliable,-28243.62272582603,-31378.230853789544,-42675.01651764731,124985.40157847885,127676.14563591695,137136.62679451174
2026-08-28 18:15:00,0.011573190485106901,0.011573190485106901,0.011572965578588893,0.011572965578588893,0.0016413009650259047,Reliable,-28716.59419489393,-31851.159056923563,-43147.63606262369,124243.03644970068,126932.74071150432,136393.01399135214
2026-08-28 18:30:00,0.011572752914995502,0.011572752914995502,0.011572428670025581,0.011572428670025581,0.003327074770208594,Reliable,-29564.35489128434,-32698.863164939416,-43994.93648100904,124363.06518768848,127051.40949598394,136511.41089025934
2026-08-28 18:45:00,0.011572358817611766,0.011572358817611766,0.011500358884924297,0.011500358884924297,0.03941248638074675,Thin,-38599.349965866626,-41860.387479000194,-53102.24769604137,11888.71790006967,14395.466354788314,23817.91102465609
2026-08-28 19:00:00,0.011500353035890172,0.011500353035890172,0.011499314056673779,0.011499314056673779,0.0021010758158830365,Reliable,-71945.45040268838,-75210.05114967818,-86450.83276527122,19262.271649372957,21766.3991210753,31188.14096274651
2026-08-28 19:15:00,0.011499289295006616,0.011500308579905505,0.011499286167549602,0.011500308579905505,0.0019691358940163274,Reliable,-28145.130830180155,-31410.39075528448,-42666.78010286679,9258.54962035392,11765.171886151798,21187.582717901954
2026-08-28 19:30:00,0.011500293937125804,0.011500293937125804,0.011500251400614458,0.011500251400614458,0.0011556353566908538,Reliable,-71738.71452138336,-75004.16944209539,-86260.51576756757,20070.566212898713,22577.045045495266,31999.417414997642
2026-08-28 19:45:00,0.011500264845155263,0.011502171127758046,0.011498884464208775,0.011500708779664791,0.027587439993936952,Moderate,-58037.53457327618,-61301.429702939284,-72558.1201627999,17005.872738425005,19513.498887986778,28936.178915611497
2026-08-28 20:00:00,0.011501560539553923,0.011537146053543449,0.011471640345153659,0.011491558132121322,0.039446239806898875,Thin,-68190.05948784253,-71485.15450562438,-82734.95957881496,12220.672567100053,14705.320855244447,24121.863984439035
2026-08-28 20:15:00,0.011491543762661819,0.011491543762661819,0.011485949658598886,0.011485949658598886,0.001892542480374182,Reliable,-19009.26135339954,-22323.484328562365,-33569.05685119551,4363.740925489758,6834.165664118791,16247.082044119792
2026-08-28 20:30:00,0.011485937293208813,0.011485937293208813,0.01148092485673736,0.01148092485673736,0.00454270362553566,Reliable,-39932.1351813474,-43263.491733867675,-54505.27136463095,4262.679011518865,6720.357490296805,16130.02380338684
2026-08-28 20:45:00,0.011480894662226395,0.011480894662226395,0.011480362723878538,0.011480362723878538,0.0024062802694000407,Reliable,-70686.40447172466,-74019.67753280459,-85261.03283117128,4884.987130840958,7341.239491078162,16750.54216960132
2026-08-28 21:00:00,0.011480307076948864,0.011480307076948864,0.01140552960495538,0.01140552960495538,0.07780117709389744,Thin,-63469.71046082043,-67293.87973526432,-79492.54152003463,37662.93178163661,39722.11446350535,48058.49875121936
2026-08-28 21:15:00,0.011405418283407135,0.011405418283407135,0.011405418283407135,0.011405418283407135,0.0015603161305020041,Reliable,-64520.897115877924,-68345.11186753633,-80543.7738035722,38136.722058046435,40195.87014933832,48532.18718743891
2026-08-28 21:30:00,0.011405152213513518,0.011405152213513518,0.011387106867518117,0.011387106867518117,0.03058309408558697,Thin,-60760.116342073954,-64591.80619116949,-76790.48508398733,17670.637831255524,19724.09377730363,28049.344374719192
2026-08-28 21:45:00,0.011386977864223541,0.011386977864223541,0.011383680084609793,0.011383680084609793,0.0077940981692797805,Reliable,-15000.065710087334,-18833.153225947965,-31031.833540369487,4985.901543171391,7038.291757709715,15361.470402630373
2026-08-28 22:00:00,0.011383538420832423,0.011383538420832423,0.011373706037852125,0.011373706037852125,0.01765111013908003,Moderate,-65138.88336490175,-68785.29380951196,-80984.07977097481,8904.362823602556,10953.533020805135,19270.796403306016
2026-08-28 22:15:00,0.011373685384466115,0.011373685384466115,0.011373466669275594,0.011373466669275594,0.0020314127959498497,Reliable,-70734.30679371649,-74168.49162396038,-86367.28528041182,9301.555148058029,11350.64425908136,19667.769439666336
2026-08-28 22:30:00,0.011373439038457401,0.011373439038457401,0.011372617333917413,0.011372617333917413,0.0020164113080427537,Reliable,-70745.7035093549,-74180.13141470256,-86378.56473364803,8696.42241400658,10745.109995342902,19061.273837295867
2026-08-28 22:45:00,0.011372601520468826,0.011372601520468826,0.011372573745126006,0.011372573745126006,0.0018905863554822488,Reliable,-70770.25059695555,-74204.6963995885,-86403.1311184294,8667.7807274884,10716.453542683099,19032.59221800414
2026-08-28 23:00:00,0.011372421377739923,0.011372421377739923,0.011372234281568382,0.011372234281568382,0.0016375391494480862,Reliable,-70784.19543789561,-74218.7806201067,-86417.22623798435,8429.525738899782,10478.083556430529,18794.026235807054
2026-08-28 23:30:00,0.011372193487728848,0.011372193487728848,0.011372177087629696,0.011372177087629696,0.0025927406185297873,Reliable,-58442.086951234756,-61876.75086208541,-74075.40097889918,7331.3182188802375,9379.856661056698,17695.766318102767
2026-08-29 00:00:00,0.011372166213268324,0.011372166213268324,0.01137210532705632,0.01137210582442796,0.0017752623010610204,Reliable,-70835.33944742549,-74270.03261731441,-86468.6850206069,8343.633782520874,10392.148083088787,18708.016594452325
2026-08-29 00:15:00,0.011372093333058027,0.011372093333058027,0.011372082456820089,0.011372082456820089,0.0013424717233920802,Reliable,-70850.19983501504,-74284.90259907382,-86483.55575206193,8328.489359343723,10376.995743724854,18692.850763157752
2026-08-29 00:30:00,0.011372054518877555,0.011372054518877555,0.011370439733360686,0.011370439733360686,0.005217750708691726,Reliable,-70844.82496974725,-74280.20215311671,-86478.90794260945,7192.43083739993,9240.380700029136,17555.287213182288
2026-08-29 00:45:00,0.011370410904561501,0.01144942623226184,0.011370410904561501,0.011445889441461783,0.03637266674956545,Thin,-44868.71798004233,-48283.55417975004,-60481.937302542174,111433.99121385196,113554.6045676114,121914.8762694046
2026-08-29 01:00:00,0.011445885200459884,0.011455410827121723,0.011445871394932493,0.011455366833856397,0.024226507635921223,Moderate,-4815.391818861907,-8231.449786700998,-20429.799923686536,7806.570001523817,9951.156081706082,18317.141603755277
2026-08-29 01:15:00,0.011455361896651946,0.011455361896651946,0.011455297826867912,0.011455297826867912,0.0015207337877130467,Reliable,-32368.042841746796,-35784.091916022335,-47982.44230833158,122887.20613988992,125031.61770520077,133397.56163220608
2026-08-29 01:30:00,0.011455020009997903,0.011455020009997903,0.011454639402437523,0.011454639402437523,0.0018225685572506034,Reliable,-33309.75318739523,-36725.71740270497,-48924.070219994246,122384.35536318221,124527.101782954,132892.64882801345
2026-08-29 01:45:00,0.01145464108607759,0.01145464108607759,0.011454612358703995,0.011454612358703995,0.0006636448864562272,Reliable,-33344.92165291535,-36760.882382709904,-48959.23529916899,122349.03678437462,124491.71480992551,132857.24555344804
2026-08-29 02:00:00,0.011454143904103507,0.011454143904103507,0.011451967421333874,0.011451967421333874,0.002884899702758737,Reliable,-37190.61637954323,-40606.23619206617,-52804.59864271491,120316.63535928621,122452.62388757672,130816.56021149617
2026-08-29 02:15:00,0.011451512056463253,0.011451512056463253,0.011412024583995067,0.011412024583995067,0.02206123650549152,Moderate,-57896.76220822073,-61313.90714045663,-73512.37382112247,43548.931176724254,45610.01772261438,53949.85330507619
2026-08-29 02:30:00,0.011411979423484748,0.011411979423484748,0.011301956632717618,0.011308219883914283,0.031002621243463535,Thin,-4728.597540038079,-8189.430080295457,-20381.576479841373,2451.935074085442,4479.155076045195,12758.085352018565
2026-08-29 02:45:00,0.011299703554486507,0.011299703554486507,0.011208405829660466,0.011229770569683547,0.09451406945415282,Thin,-4658.9802127267285,-8037.397650552169,-20064.17800653168,3656.9031033055553,5672.7040862756885,13906.223167102942
2026-08-29 03:00:00,0.011229616425091316,0.011274958949607061,0.01121164666500727,0.011274958949607061,0.07791652512273353,Thin,-5914.954065595708,-9377.605174683686,-21430.59789911455,2962.0468672635498,4984.468605159788,13244.126423927617
2026-08-29 03:15:00,0.011276068895992915,0.011312777616989442,0.011276068895992915,0.011312772407735257,0.07095162016955436,Thin,-58368.65944907995,-61790.18663055916,-73862.9578425538,69500.85434785226,71529.24213716129,79810.80808577147
2026-08-29 03:30:00,0.011312725579454192,0.011312725579454192,0.011312725579454192,0.011312725579454192,0.0008224743232150278,Reliable,-58418.1208141118,-61839.69962173692,-73912.44636132267,69450.83839102341,71479.21027487583,79760.74911506592
2026-08-29 03:45:00,0.01131221741602456,0.01131221741602456,0.011307189850561906,0.011310163868239314,0.007398262835043705,Reliable,-39073.076181596145,-42492.01226821537,-54543.36625239496,42568.932018678184,44594.15786038308,52874.21366626421
2026-08-29 04:00:00,0.011310156809348661,0.01131180675953146,0.011310136071740728,0.01131180675953146,0.0018243906906747487,Reliable,-4931.173885896599,-8348.298539139972,-20400.509709833164,3837.5262077823268,5863.276969038083,14144.28390228097
2026-08-29 04:15:00,0.011311795213035925,0.011311795213035925,0.011310967845848334,0.011310967845848334,0.0033337088000022774,Reliable,-12879.653250374195,-16297.702901307293,-28349.476372816524,13345.080498950143,15370.563223987881,23651.084489321274
2026-08-29 04:30:00,0.011310961134198825,0.011310961134198825,0.011310931022663577,0.011310931022663577,0.0008373028978476027,Reliable,-58176.60468216325,-61594.69493384177,-73646.44919264363,66230.46520505867,68255.93616471648,76536.43611178357
2026-08-29 04:45:00,0.01131092837194535,0.011313555444270883,0.011310891845143117,0.01131349797687851,0.008304582453211529,Reliable,-56673.33800907511,-60088.597770124434,-72141.69127392743,70408.08124884893,72434.37233047865,80716.35829658652
2026-08-29 05:00:00,0.011313488168122736,0.011325340769701379,0.011313483024538544,0.011325340769701379,0.02247797695092442,Moderate,-6273.8744353802795,-9676.07026839132,-21735.340407675143,7704.12491182392,9734.19846971669,18023.038089233018
2026-08-29 05:15:00,0.01132534804771872,0.011347454346582254,0.011325329763742703,0.011347454346582254,0.008803259308406997,Reliable,-5225.2356245188175,-8604.880229933164,-20680.417340789612,11485.796469678522,13524.937222681514,21833.131583169772
2026-08-29 05:30:00,0.011347444600475777,0.011352908511194276,0.011346740074976405,0.011352896777852653,0.011515115347276162,Moderate,-11928.579828464732,-15302.210907537836,-27380.54787850047,83606.16855871417,85647.04569799334,93958.42228958389
2026-08-29 05:45:00,0.011352890198151956,0.011393555627404406,0.011352890198151956,0.011393055849335797,0.003217233115598046,Reliable,-11111.85437636693,-14440.53549032022,-26536.030104140358,6681.773292906262,8735.033751162708,17070.28454734317
2026-08-29 06:00:00,0.01139302498172285,0.011394911886065364,0.011392992042037114,0.01139468817675445,0.007159949932111109,Reliable,-57192.01925311601,-60518.83960722525,-72614.98486664245,23606.561543648982,25660.29679686302,33996.545188497694
2026-08-29 06:15:00,0.011394675855754287,0.011394675855754287,0.011394415760827696,0.011394415760827696,0.0016040494231140735,Reliable,-61948.088105837815,-65275.21901015382,-77371.25568999052,25160.153485462877,27213.809503440378,35549.89141329064
2026-08-29 06:30:00,0.011394397679612315,0.011394397679612315,0.011387708242721182,0.011387708242721182,0.00597425594524004,Reliable,-56035.58986865027,-59370.36577499747,-71463.72829004381,17476.178221397637,19527.88298342245,27859.865093901743
2026-08-29 06:45:00,0.011387696340383682,0.011387696340383682,0.011387457875067822,0.01138746867147361,0.0020771911189887415,Reliable,-41499.13287352301,-44832.5445533314,-56919.6773277845,13350.966399341754,15400.838016478114,23725.295619902736
2026-08-29 07:00:00,0.01138743425048052,0.01138743425048052,0.011387356342807914,0.011387356342807914,0.001309116366216534,Reliable,-62635.400265448865,-65968.93995596694,-78056.02800532102,18991.463129612308,21041.30207314983,29365.69100464565
2026-08-29 07:15:00,0.01138733588004864,0.011387459562008699,0.01138733588004864,0.011387436990044308,0.0013091162798915645,Reliable,-62663.76432904722,-65995.24187756519,-78077.6312365471,18958.95116855374,21006.691451302424,29323.922241538818
2026-08-29 07:30:00,0.01138733707203865,0.01138733707203865,0.01138730911395901,0.01138730911395901,0.001728056684743251,Reliable,-62730.61614535031,-66062.23943329554,-78144.57701713518,18869.44983258512,20917.15293123039,29234.30645599574
2026-08-29 07:45:00,0.011387303803460288,0.011387337452528791,0.011385776403633809,0.011385776403633809,0.002222015574235357,Reliable,-14558.07425639366,-17895.42068760892,-29988.297066701878,5671.01120808723,7722.551546716806,16051.73306998027
2026-08-29 08:00:00,0.011385736082996385,0.011385736082996385,0.011385639101802092,0.011385639101802092,0.0023612533202778787,Reliable,-36489.469592616515,-39826.97246735582,-51919.79509173111,11042.389406674736,13093.889791616702,21422.986372635838
2026-08-29 08:15:00,0.011385636972572293,0.011385636972572293,0.011385549106605579,0.011385549106605579,0.0013290844084468123,Reliable,-62897.12672151517,-66230.75577231978,-78312.38070725324,17459.210834621346,19506.402133049978,27822.49217957711
2026-08-29 08:30:00,0.01138553831328577,0.011385554636312339,0.011385404639419935,0.011385404639419935,0.0013290915283198147,Reliable,-62989.906160812716,-66323.69984256952,-78405.2662769755,17364.737590019675,19411.886876448436,27727.889625537628
2026-08-29 08:45:00,0.011385366942453765,0.011385366942453765,0.011384718864552253,0.011384718864552253,0.002496634167597689,Reliable,-32737.153814549038,-36071.72896914904,-48153.01769774588,9750.78020446763,11797.730059456031,20113.318406616647
2026-08-29 09:00:00,0.01138474639695912,0.011385415233483982,0.01138474639695912,0.011385415233483982,0.002495263365644096,Reliable,-21015.901843341384,-24349.683452429967,-36431.25417681564,7180.593147502628,9227.745514763366,17543.75466556492
2026-08-29 09:15:00,0.011385398795400646,0.011385398795400646,0.011385296656387451,0.011385325741884174,0.0017671162131278173,Reliable,-62942.811436220494,-66276.90636829479,-78359.0342964963,17289.692828941515,19337.046804751113,27653.690044119234
2026-08-29 09:30:00,0.011385181442624447,0.011385181442624447,0.011378670316449192,0.011378670316449192,0.0072463892598283244,Reliable,-20378.514554371588,-23720.19231315043,-35799.62927491239,5566.120884854275,7611.539057217335,15924.15490617243
2026-08-29 09:45:00,0.011378664367746176,0.011378664367746176,0.011378592122192258,0.011378592122192258,0.0016747177587251195,Reliable,-64176.75508194803,-67518.31063556584,-79597.11772683616,12409.819777645365,14454.987636900454,22766.873145294077
2026-08-29 10:00:00,0.011378538399096489,0.011378538399096489,0.011378497389382968,0.011378497389382968,0.001766925217414883,Reliable,-64232.67462373132,-67574.33809100468,-79653.10680224781,12350.63864025633,14395.778942202083,22707.607188801278
2026-08-29 10:15:00,0.0113783417247822,0.011378343045001927,0.01136724318360055,0.01136724318360055,0.022462588533986007,Moderate,-14057.376082633511,-17411.542306940817,-29486.06295232171,3254.300369554198,5295.870568096587,13601.189941284314
2026-08-29 10:30:00,0.011367227403180344,0.011367227403180344,0.011310767486647067,0.011310767486647067,0.08066313932038272,Thin,-56682.22617982645,-60098.764212604554,-72144.0775537756,62955.29289477907,64978.84551347799,73251.52877747681
2026-08-29 10:45:00,0.01131075194650222,0.01131075194650222,0.011309878368753242,0.011309878368753242,0.0016834142054641399,Reliable,-56985.952291038724,-60401.2901288744,-72438.14783634128,61423.037765556764,63446.36068696984,71718.52949789094
2026-08-29 11:00:00,0.011309871240481292,0.011309871240481292,0.011306236066233528,0.011306236066233528,0.004570334863106318,Reliable,-58199.07778943103,-61618.3775506209,-73653.33692308795,55511.03562996935,57533.907272956065,65803.9683977428
2026-08-29 11:15:00,0.011306216972736954,0.011306374609428118,0.011096776335373527,0.011096776335373527,0.08840559532928587,Thin,-23351.438441777875,-27934.088262395195,-39998.33825202158,36328.593966325105,38349.67366163027,46541.012089585565
2026-08-29 11:30:00,0.011096376950474857,0.011096376950474857,0.010962145593409866,0.010962145593409866,0.1281638386135076,Very Thin,-55024.57810742934,-59206.74799040261,-71228.69197429736,37985.96539231546,39992.56894967475,48095.44588689045
2026-08-29 11:45:00,0.010962133395239784,0.010962153308033176,0.010962125587977191,0.010962125587977191,0.001624532724699046,Reliable,-38519.62140667711,-42704.09689098728,-54732.43948246554,26660.94375729086,28670.076102330582,36780.78786054335
2026-08-29 12:00:00,0.01096197894273775,0.01096197894273775,0.010953543013349009,0.010953543013349009,0.016593663158828653,Moderate,-58595.54642983471,-62557.598675446,-74585.63643712511,29410.494766667158,31418.73984834683,39523.718097408935
2026-08-29 12:15:00,0.010953419634247313,0.010954185898956288,0.010951783270823742,0.010952631201901574,0.0128115383053315,Moderate,-25264.09127354895,-29224.150375346257,-41252.15554211645,12718.703415070922,14726.85421360038,22831.223203530655
2026-08-29 12:30:00,0.010952593331616155,0.010952593331616155,0.010952589373516812,0.010952589373516812,0.0019036750875301323,Reliable,-52881.61687221953,-56841.58454231559,-68869.58821286159,25662.05073744374,27670.19721073936,35774.538250943624
2026-08-29 12:45:00,0.010952464174890668,0.010952464174890668,0.010952364940717085,0.010952364940717085,0.0017021056380763344,Reliable,-59442.566072368914,-63402.00556369801,-75429.7225460931,28490.539857352327,30498.663123195773,38602.85419649566
2026-08-29 13:00:00,0.010952354389740033,0.010952354389740033,0.01095231492964305,0.01095231492964305,0.0011849778566807468,Reliable,-59480.29244906552,-63439.622637946886,-75467.33783139897,28452.349686592548,30460.467781013253,38564.625436501905
2026-08-29 13:15:00,0.010952307895704835,0.010952307895704835,0.01094950202069455,0.01094950202069455,0.005794710415742443,Reliable,-59724.27593474389,-63677.458663922225,-75705.07304166023,25532.515880279545,27540.34308528669,35642.62100901855
2026-08-29 13:30:00,0.010949498390967293,0.010949498390967293,0.010948637792801653,0.010948637792801653,0.001635842689083855,Reliable,-61269.05925237535,-65220.353390795266,-77247.93671719116,25254.699826392167,27262.43765209293,35364.1380054054
2026-08-29 13:45:00,0.010948603900494458,0.010948603900494458,0.010947563442286121,0.010947563442286121,0.004061372935533995,Reliable,-34186.378578112206,-38135.32503313723,-50162.86970804044,13949.310828841359,15956.93753922712,24057.919863706076
2026-08-29 14:00:00,0.010947529870994732,0.010947529870994732,0.010946687150419354,0.010946752261373167,0.0017500082862375033,Reliable,-61478.269740036776,-65425.44365670442,-77452.95911095008,23406.91621571994,25414.45902564446,33514.899184083646
2026-08-29 14:15:00,0.010946745083009732,0.01094732363262208,0.010946480665859522,0.010947080233512872,0.003522536871160398,Reliable,-22578.41033880772,-26526.300911688722,-38553.828184113554,9411.376594586514,11418.95332705164,19519.612693457257
2026-08-29 14:30:00,0.010947067850480776,0.010947132173104146,0.010946933868000417,0.010947097259489216,0.002041813311371854,Reliable,-61270.68126484783,-65218.6090416572,-77246.13692745511,23676.90732544049,25684.485818908317,33785.15656493981
2026-08-29 14:45:00,0.01094708803966876,0.010985440474909758,0.010947000021912004,0.010982791585658711,0.030100061759810393,Thin,-34140.60765459703,-38175.78644951775,-50204.569364858726,48301.93231092758,50313.21793430434,58437.726217985
2026-08-29 15:00:00,0.010982772028026243,0.011005534515961783,0.010982002059085637,0.011003592717519148,0.048351849461017005,Thin,-28434.99434998993,-32542.96295938169,-44572.448852672256,95513.97521468461,97527.46292413073,105665.84484662091
2026-08-29 15:15:00,0.011003675983236302,0.011012297494613542,0.01100354252344697,0.01101216477064921,0.01566102118434137,Moderate,-18883.985216547164,-23019.613009970133,-35043.39676738664,103103.47671090745,105115.33466161248,113251.14065873002
2026-08-29 15:30:00,0.011012159734387706,0.011012159734387706,0.011012097605165413,0.011012097605165413,0.0008523873528781811,Reliable,-22996.604705030404,-27131.9972913029,-39155.77828414443,128041.48029346247,130053.33114763022,138189.09297798225
2026-08-29 15:45:00,0.011012088115726265,0.011012088115726265,0.011011970638012484,0.011011992093806811,0.001837325439229742,Reliable,-28081.14800650469,-32221.08497639151,-44259.313470907065,158231.4266679408,160248.55905205387,168399.60163197268
2026-08-29 16:00:00,0.011011984711038677,0.011086288087181442,0.011011984711038677,0.011086288087181442,0.045863456139464034,Thin,-4915.330801614247,-9313.795702538057,-21333.681629079434,4937.199188355962,6962.188357948988,15163.368279553279
2026-08-29 16:15:00,0.011086229076923549,0.01108729183586796,0.011086112652488154,0.011087140789727497,0.007248727392125321,Reliable,-46476.57740314433,-50862.75285700432,-62869.44215403639,53840.505449898505,55860.29804645647,64045.32316113225
2026-08-29 16:30:00,0.011087132800789072,0.011087132800789072,0.011086933882343955,0.011086933882343955,0.0010400180359346311,Reliable,-46648.090573747606,-51036.051714623194,-63042.745162448926,53659.42027841276,55679.18523052432,63864.07474717319
2026-08-29 16:45:00,0.011086925840801799,0.011108892932154599,0.011086887914647554,0.011108892727731275,0.02246597324443398,Moderate,-43474.30858998033,-47677.49888618527,-59696.28204573251,115245.57095569512,117273.48059973236,125489.54752990213
2026-08-29 17:00:00,0.01110888005713981,0.01110888005713981,0.011108513616440677,0.011108513616440677,0.0017501841319409906,Reliable,-18044.523928568433,-22250.989350990636,-34269.78690789176,43612.34135758069,45640.20030986051,53856.01222592248
2026-08-29 17:15:00,0.01110897058864877,0.01110897058864877,0.011108732296439853,0.011108732296439853,0.021634377931580184,Moderate,-3864.335082193185,-8068.91134457953,-20087.700597644318,4563.023155954157,6590.911348496057,14806.870363015956
2026-08-29 17:30:00,0.011108726234932328,0.011108726234932328,0.01110865687982176,0.01110870149318449,0.0019875907271086567,Reliable,-43275.201128907815,-47480.043499470594,-59498.833922359096,113507.09042695253,115534.97450072978,123750.91279505478
2026-08-29 18:00:00,0.011108644153193485,0.011108644153193485,0.011108550707001261,0.011108550707001261,0.0009438334958092653,Reliable,-43476.10354570988,-47682.24854694071,-59701.0446955883,113294.3377320943,115322.20164386813,123538.03850956692
2026-08-29 18:15:00,0.01110853772471964,0.01110853772471964,0.011039457429585491,0.011039457429585491,0.03886832684000509,Thin,-2972.3526787855685,-7203.564839803519,-19211.1355101592,2220.280307689981,4235.020143671696,12388.76214898561
2026-08-29 18:30:00,0.011038502342269739,0.011038502342269739,0.011000503865103383,0.011000503865103383,0.10653155671997457,Very Thin,-44654.72439971899,-48749.48961541169,-60757.02608679217,131290.29458747825,133300.92015156642,141429.0561360571
2026-08-29 18:45:00,0.011000502839624438,0.011000502839624438,0.011000502839624438,0.011000502839624438,0.0008561687567343323,Reliable,-44655.79942497463,-48750.56105144372,-60758.097520018215,131287.10107160092,133297.7265272823,141425.8618370809
2026-08-29 19:00:00,0.011000503601669398,0.011000503601669398,0.010999013733009799,0.010999013733009799,0.003030429702158344,Reliable,-10916.653149011438,-15006.202991382364,-27013.73533046418,25869.329106812216,27879.797138743834,36006.95268932398
2026-08-29 19:15:00,0.010998880652790708,0.010998880652790708,0.010990988809225236,0.010990988809225236,0.014305708109538042,Moderate,-46301.612714167146,-50363.081233094825,-62370.58942781334,90350.25100390914,92359.8704821777,100481.74488378946
2026-08-29 19:30:00,0.010990978022925275,0.01099097893873829,0.010990879308041709,0.010990879308041709,0.0007517376558948685,Reliable,-46432.65351639121,-50493.738925192054,-62501.24676839608,90218.47148028453,92228.07937778023,100349.88170406052
2026-08-29 19:45:00,0.010990829493201423,0.010990829493201423,0.010990779603791035,0.010990779603791035,0.0007517414068179517,Reliable,-46551.9697137921,-50612.70629033093,-62620.213812953254,90098.48157468362,92108.07892747346,100229.81562659903
2026-08-29 20:00:00,0.010990777362325769,0.010990777362325769,0.010985716782353576,0.01098572878562117,0.012893774989709828,Moderate,-47747.774417571585,-50728.53966144955,-62736.03029932944,76068.84634495407,78077.90946141291,86196.32123040025
2026-08-29 20:15:00,0.010985729756473151,0.010985729756473151,0.010985729756473151,0.010985729756473151,0.0008320990400716433,Reliable,-47746.91347161217,-50727.86304331124,-62736.017756843336,76070.09423429768,78079.35243424244,86198.57168629115
2026-08-29 20:30:00,0.010985705951070412,0.010985705951070412,0.010985699658046213,0.010985699658046213,0.0011863857133583623,Reliable,-47771.06152148255,-50751.90872086409,-62760.063329078934,76023.67257412068,78032.92758985251,86152.12702485146
2026-08-29 20:45:00,0.010985693365027418,0.010985693365027418,0.010985625004160471,0.010985625004160471,0.0010290712557892157,Reliable,-47843.45162299778,-50824.04490630119,-62832.199253100895,75929.07933415782,77938.32645198733,86057.47673414196
2026-08-29 21:00:00,0.010985597409409204,0.010985597409409204,0.01098552107193524,0.01098552107193524,0.0010684073542877037,Reliable,-48102.54659092931,-51082.78637670129,-63090.94035910176,76055.08096879126,78064.31709121326,86183.39894310199
2026-08-29 21:15:00,0.010985446331957548,0.010985446331957548,0.010984413195414365,0.010984413195414365,0.005705783767240203,Reliable,-8532.385132694732,-11508.856869863106,-23517.006934621426,11278.930695666737,13288.049608149697,21406.40200028205
2026-08-29 21:45:00,0.010984401851154374,0.010984401851154374,0.010984394514815213,0.010984394514815213,0.0011641850312371193,Reliable,-48459.30554657348,-51435.53273510224,-63443.01870135351,73481.40586333118,75490.32783047807,83607.86112757187
2026-08-29 22:00:00,0.010984349713436389,0.010984349713436389,0.010984237857405167,0.010984237857405167,0.001124514307168356,Reliable,-33775.226948487434,-36750.921338281005,-48758.406750242226,50313.3886843634,52322.29407853589,60439.72423030062
2026-08-29 22:15:00,0.010984227244364353,0.010984738441918204,0.010984160448757848,0.010984738441918204,0.0016082522300167046,Reliable,-19132.530237681734,-22109.927149664858,-34117.414328540275,28128.469992978582,30137.428344169777,38255.188084877336
2026-08-29 22:30:00,0.01098472996160849,0.01098472996160849,0.010984719937965326,0.010984719937965326,0.0013622018029614937,Reliable,-48441.66099718866,-51418.99497532619,-63426.48208910939,74347.63796743794,76356.59436111066,84474.34191879779
2026-08-29 22:45:00,0.010984654707538108,0.010984654707538108,0.010984654707538108,0.010984654707538108,0.0008392754357400278,Reliable,-48511.51546505766,-51488.627588196585,-63496.11447238021,74277.33075001245,76286.28024299699,84403.984852826
2026-08-29 23:00:00,0.010984345062520995,0.010984345062520995,0.01098387311064124,0.01098387311064124,0.0017988510152245896,Reliable,-19350.981843427457,-22325.435726998643,-34332.91984368498,27616.33680969836,29625.20361641733,37742.39361119589
2026-08-29 23:15:00,0.01098386416420111,0.01098386416420111,0.01098386416420111,0.01098386416420111,0.0008505957492881411,Reliable,-48733.082195575575,-51707.50565248136,-63714.98973731455,72470.93682613084,74479.80268637594,82596.98679057893
2026-08-29 23:45:00,0.01098386315710964,0.010983882746223746,0.01098386315710964,0.010983876323179403,0.0008505956365679523,Reliable,-48723.94144262858,-51701.97841006859,-63722.56659459381,72487.66605585063,74500.38073418572,82633.49419484427
2026-08-30 00:15:00,0.010983866851448145,0.010983866851448145,0.010983858022208609,0.010983858022208609,0.0012563283206629805,Reliable,-48738.83838172427,-51716.94127656673,-63737.9995680266,72461.25824179199,74473.97098080063,82607.07237834574
2026-08-30 00:30:00,0.010983851608202285,0.010983851608202285,0.010983851608202285,0.010983851608202285,0.000850668598020965,Reliable,-48745.61414376238,-51723.69522362876,-63744.753488284274,72454.4377991186,74467.14985844422,82600.24702818466
2026-08-30 00:45:00,0.010983846529152932,0.010983876937995298,0.010983846529152932,0.010983857859430686,0.0011751958337183678,Reliable,-48745.81824636842,-51720.34843249428,-63728.30267788649,72473.33529770444,74482.20049094653,82599.38044391853
2026-08-30 01:00:00,0.0109838483875437,0.0109838483875437,0.010983785544402203,0.010983785544402203,0.0011751923629641059,Reliable,-48818.94897756713,-51793.23322177688,-63801.18720798104,72391.42660289313,74400.28414566981,82517.41648439043
2026-08-30 01:15:00,0.010983779131375824,0.010983779131375824,0.010983779131375824,0.010983779131375824,0.000850549830843983,Reliable,-48825.724748538,-51799.98718221373,-63807.9411454203,72384.60611249303,74393.46297681153,82510.59109300739
2026-08-30 01:30:00,0.010983716150878531,0.010983716150878531,0.010983663967158093,0.010983663967158093,0.0008505541385174009,Reliable,-48947.40274532064,-51921.273509517334,-63929.227059385164,72262.12437662382,74270.96905725246,82388.02134573822
2026-08-30 01:45:00,0.010983683627172558,0.010983683627172558,0.010983239748117239,0.010983239748117239,0.001612607711786085,Reliable,-23809.330328982713,-26781.75835535185,-38789.710376967414,33658.14889109041,35666.94869131445,43783.72165733351
2026-08-30 02:00:00,0.010983171368298149,0.010983171368298149,0.010983056850156676,0.010983056850156676,0.001271111865169372,Reliable,-49177.512424200635,-52149.31843593911,-64157.269795909524,71007.28914651423,73016.06959671597,81132.72213387501
2026-08-30 02:15:00,0.010982994187765492,0.010982994187765492,0.010982958214111008,0.010982958214111008,0.0008581149540629385,Reliable,-49276.650744691615,-52248.121308722366,-64256.072311181626,70897.16368560109,72905.93370035617,81022.52129035768
2026-08-30 02:30:00,0.010982712142636396,0.010982712142636396,0.010982099489165339,0.010982099489165339,0.0017645293175536647,Reliable,-19986.538109603873,-22955.088326062505,-34963.036195639,26869.41312405155,28878.092285877487,36994.11443391125
2026-08-30 02:45:00,0.010982097860123998,0.010982097860123998,0.010981657375884576,0.010981657375884576,0.0011685946665990652,Reliable,-24512.183658347174,-27479.23037911813,-39487.17662146781,32820.10018142431,34828.732566367595,42944.46358881154
2026-08-30 03:00:00,0.010981640402039018,0.010981640402039018,0.010981344570534207,0.010981344570534207,0.0018884607946761723,Reliable,-14163.886795846955,-17129.869775546227,-29137.814860736948,18093.195836181087,20101.795124831453,28217.320165661335
2026-08-30 03:15:00,0.010981341294861469,0.010981341294861469,0.01098131655097026,0.01098131655097026,0.0008778283666166953,Reliable,-49904.483484059485,-52870.371179748894,-64878.31616105023,67652.87762783529,69661.47395185959,77776.98054172698
2026-08-30 03:30:00,0.010981257856151914,0.011062893753354905,0.010981231393960704,0.011062893753354905,0.10509913012685002,Very Thin,-4059.6761353196503,-7303.778529592972,-19311.411607403385,4496.604995871857,6513.816677462225,14682.942724415867
2026-08-30 03:45:00,0.01106288900054544,0.011063014833204666,0.01106288900054544,0.011062989950296455,0.001511561801711281,Reliable,-55635.53653995611,-58879.968604626774,-70887.59987015907,28748.980183372947,30766.202005524265,38935.39116435336
2026-08-30 04:00:00,0.011062988161227697,0.011062988161227697,0.011062988161227697,0.011062988161227697,0.0012633880772239259,Reliable,-55636.790813129075,-58881.21674658449,-70888.84804582586,28747.71240653671,30764.934040094504,38934.12202517272
2026-08-30 04:15:00,0.01106296951256952,0.01106296951256952,0.011062956119757208,0.011062956191594536,0.001601898418020653,Reliable,-55656.551585560104,-58900.86795778933,-70908.49985936291,28723.797658187967,30741.01592168466,38910.182932491676
2026-08-30 04:30:00,0.011062941375718383,0.01106340295381728,0.011062936085421972,0.011063375266060903,0.002368116869508374,Reliable,-55964.0972786366,-59186.97008944228,-71110.6622963421,29199.009497012972,31191.62840365565,39321.9327803034
2026-08-30 04:45:00,0.011063365689359865,0.011063365689359865,0.011063155792395314,0.011063155792395314,0.001248940668125398,Reliable,-56119.78913467469,-59341.910018174516,-71265.60719585606,29041.65300152111,31034.24901721485,39164.42810476394
2026-08-30 05:00:00,0.011063131254782926,0.011063131254782926,0.011063038865130433,0.011063038865130433,0.0012489471912803696,Reliable,-56202.73522848718,-59424.45551635526,-71348.15534130305,28957.818776709904,30950.402596879445,39080.5149346299
2026-08-30 05:15:00,0.01105887539862875,0.01105887539862875,0.011040578396242218,0.011040578396242218,0.03989344715714629,Thin,-24738.524459926022,-28362.18352814398,-40338.42741378636,6560.631499266321,9676.470012222322,18218.826489426305
2026-08-30 05:30:00,0.011040548686387573,0.011040548686387573,0.011040181398503292,0.011040181398503292,0.0038931533378996352,Reliable,-50210.35897243524,-53832.65647403669,-65810.4138005457,9804.236051812286,12920.012877940364,21460.594398074507
2026-08-30 05:45:00,0.011040230412319224,0.011040496268318985,0.011039560136504693,0.011039560136504693,0.0026726332729675394,Reliable,-24925.304327572856,-28545.471157193715,-40525.596798066166,6227.208347779265,9342.888637927512,17880.692462635703
2026-08-30 06:00:00,0.011038613053949708,0.011038613053949708,0.011035781404159735,0.011035781404159735,0.014120518815426747,Moderate,-58906.28810610142,-62513.496612946925,-74508.02532434314,8121.024983285408,11236.118049390583,19757.025277183715
2026-08-30 06:15:00,0.011035768652853196,0.011035768652853196,0.011034753093241065,0.011034753093241065,0.0040305007355910145,Reliable,-59256.582068865864,-62860.26455928637,-74858.71224694539,7543.217731333281,10658.150978061292,19174.459614180756
2026-08-30 06:30:00,0.011034748185195894,0.011034748185195894,0.011034699467426964,0.011034699467426964,0.002114908878140609,Reliable,-59278.91185115579,-62882.4104659558,-74881.06251950069,7513.494697475572,10628.41960951207,19144.488425882115
2026-08-30 06:45:00,0.011034672898198887,0.011034672898198887,0.011029442447521602,0.011029442447521602,0.0050039566642648085,Reliable,-60081.23557188497,-63666.71054337314,-75685.3919307623,4607.292122029791,7721.3998732842165,16213.955966508842
2026-08-30 07:00:00,0.011029481962985624,0.011029481962985624,0.011029481962985624,0.011029481962985624,0.001686952342048187,Reliable,-60060.65177519016,-63646.262210577435,-75664.79319731388,4628.106279349979,7742.220173686684,16234.95302599708
2026-08-30 07:15:00,0.011029453739047658,0.011029453739047658,0.011028381892802799,0.011028381892802799,0.004080680938733439,Reliable,-34645.06001430072,-38226.89935507492,-50249.61721298741,3815.1263857724466,6929.069258857914,15416.881200350343
2026-08-30 07:30:00,0.011028371409302138,0.011028371409302138,0.011016145954067793,0.011016145954067793,0.013584650581070928,Moderate,-6127.017205943426,-9603.57636643073,-20949.28798989768,12966.955162454313,16078.99521284846,24512.055942441206
2026-08-30 07:45:00,0.011016052471219603,0.011016053499356786,0.011006204209732555,0.011006204209732555,0.015279603348299987,Moderate,-40508.51959164185,-43958.42076304622,-55342.25803894645,156975.00429978105,160085.49752161693,168474.05030070245
2026-08-30 08:00:00,0.011006202654098336,0.011006202654098336,0.01100614809106632,0.01100614809106632,0.0005203521050595183,Reliable,-40753.65667265697,-44346.07112350849,-56253.46923322937,157029.3639746318,160156.21963256452,168544.5211183325
2026-08-30 08:15:00,0.011006113519007803,0.011006113519007803,0.011005848303986977,0.011005894940799286,0.0009087934924142617,Reliable,-41303.35264786201,-44895.08679615316,-56803.44940616882,157048.85818758982,160175.53749817482,168562.7053964644
2026-08-30 08:30:00,0.011005901654414287,0.011005901654414287,0.011005770637627121,0.011005770637627121,0.0009449650299149685,Reliable,-41566.28744473019,-45157.687549805334,-57066.52374860203,157025.0288602827,160151.62157912547,168538.2328525721
2026-08-30 08:45:00,0.011005769088622152,0.011005769088622152,0.011005748998777676,0.011005748998777676,0.000885843090394789,Reliable,-41603.91424296208,-45195.2561975518,-57104.174838916355,156987.35701547316,160113.9346602687,168500.44903545527
2026-08-30 09:15:00,0.011005745070812081,0.011005745070812081,0.011005727724688896,0.011005727724688896,0.0005548391600519675,Reliable,-41640.903169652505,-45232.18795403388,-57141.187648151164,156950.30551983885,160076.86834467214,168463.28745489553
2026-08-30 09:30:00,0.011005724618934004,0.011005724618934004,0.011005698138034467,0.011005698138034467,0.0008858451526795097,Reliable,-41692.34707441185,-45283.552350171434,-57192.66476715323,156898.785086762,160025.3273009073,168411.61392250416
2026-08-30 09:45:00,0.011005695032292782,0.011005695032292782,0.01100386897972843,0.01100386897972843,0.0010516065288854516,Reliable,-45758.444330959195,-49344.73426689704,-61260.81525767315,156968.79870119295,160094.06663124365,168472.16196155013
2026-08-30 10:00:00,0.011003865940125274,0.011003865940125274,0.011003814635988166,0.011003814635988166,0.0008569282102097286,Reliable,-45862.91653812111,-49449.060446289484,-61365.348459909976,156901.21504760135,160026.4451174369,168404.29707654213
2026-08-30 10:15:00,0.011003804753141192,0.011003804753141192,0.01100373755572104,0.01100373755572104,0.0008542483323203953,Reliable,-45999.85799210041,-49585.794777426185,-61502.37642771729,156764.04389239688,159889.2202617657,168266.72702613246
2026-08-30 10:30:00,0.011003737140872065,0.011003737140872065,0.011000169057777821,0.011000169057777821,0.007558660102583903,Reliable,-7334.854760506392,-10912.393123878044,-22842.567492719692,13582.301641476979,16705.329804731984,25066.854154869736
2026-08-30 10:45:00,0.011000065807797447,0.011000065807797447,0.010999886112867124,0.010999886112867124,0.0029717383505595495,Reliable,-50915.72180008623,-54492.50388580465,-66423.75589521135,144125.55578991456,147248.3828559505,155608.6398553313
2026-08-30 11:00:00,0.010999882951688727,0.010999882951688727,0.010999739482985958,0.010999739482985958,0.0008698079331114661,Reliable,-51091.56547000369,-54667.95563507851,-66599.76610063679,143653.4771906551,146776.20004153077,155135.8002582724
2026-08-30 11:15:00,0.010999704694381968,0.010999704694381968,0.010999208678613502,0.010999208678613502,0.0012094806554374228,Reliable,-51327.85710782261,-54902.828528122125,-66836.6605809633,140808.46040559403,143930.80598879379,152288.02859694997
2026-08-30 11:30:00,0.010999207960127582,0.010999207960127582,0.010999114815414776,0.010999114815414776,0.0007485147724441976,Reliable,-51083.881078018916,-54658.60162197127,-66592.79114961336,139489.81058479229,142612.08945404727,150968.89161895303
2026-08-30 11:45:00,0.010999054121614685,0.010999054121614685,0.010998456449932676,0.010998456449932676,0.002423773471905256,Reliable,-51633.38919073983,-55206.35009034937,-67143.04692546111,136858.26681183162,139980.07773507576,148333.93082025886
2026-08-30 12:00:00,0.010998427343040155,0.010998427343040155,0.010998353167133124,0.010998353167133124,0.0009355052855864355,Reliable,-51343.48665713227,-54916.1715121511,-66853.26167890173,135405.5368342265,138527.27434595063,146880.66477856252
2026-08-30 12:15:00,0.010998349894107529,0.010998349894107529,0.010989216870116177,0.010989216870116177,0.011156457380170525,Moderate,-7381.662318582833,-10929.93304183736,-22901.807552820217,10288.620209781338,13403.86244469198,21716.318477395675
2026-08-30 12:30:00,0.010989100934451454,0.01098911561910873,0.010986013674858727,0.010986013674858727,0.006700567867434337,Reliable,-10420.555996301382,-13960.269211005405,-25944.33474835641,14493.180273532917,17606.14461839626,25904.244979306353
2026-08-30 12:45:00,0.010985982398897481,0.010985982398897481,0.010859810535482052,0.010859810535482052,0.07967734084631525,Thin,-57044.83473510159,-60419.31044945773,-72877.33300317031,49357.641944635,52162.93272675763,60175.4049029348
2026-08-30 13:00:00,0.010859808804356238,0.010859808804356238,0.010847002028582414,0.010847012930314896,0.00719724334852638,Reliable,-61550.87276165878,-64919.74867342668,-77425.27251453261,33910.840517156896,36663.97900887053,44668.912311460015
2026-08-30 13:15:00,0.010847006395438374,0.010847011110099747,0.010835190583926322,0.010835190583926322,0.004981688949223573,Reliable,-10687.788293843734,-13888.368124815754,-26437.273740428744,5295.429286767534,8000.362479009762,15998.327465229644
2026-08-30 13:30:00,0.010834301409825917,0.010834301409825917,0.010820767004240086,0.010820767004240086,0.027758401369078978,Moderate,-57620.48056475886,-60769.59526981793,-73368.65748806043,10079.525827759328,12725.535809799947,20715.0699360267
2026-08-30 13:45:00,0.010820762271793231,0.010820762271793231,0.010820593125708001,0.010820593125708001,0.0023369384981911877,Reliable,-57625.531538177194,-60774.74859063367,-73374.02919839977,10067.899303729133,12713.193910080188,20702.631174287777
2026-08-30 14:00:00,0.01082043601505381,0.01082043601505381,0.010819473389077364,0.010819473389077364,0.0036288103633899116,Reliable,-62484.607231894246,-65636.90093261158,-78196.27187498279,9906.304267693578,12564.318585099423,20572.647179230164
2026-08-30 14:15:00,0.010819281630505785,0.010819283557056823,0.010819209913483528,0.010819209913483528,0.0022074774950306963,Reliable,-43305.84099737349,-46458.30667289144,-59018.02491744341,7738.826039426743,10395.756080507026,18403.921753364182
2026-08-30 14:30:00,0.010819193729454295,0.010819308062291828,0.010818211052556311,0.010818211052556311,0.0025721028608263197,Reliable,-37845.01844170868,-40998.13606247411,-53559.17089025238,6788.042539574499,9440.861866518046,17448.409871381595
2026-08-30 14:45:00,0.010818051626535992,0.010818051626535992,0.010815658006005651,0.010815658006005651,0.003726990907355709,Reliable,-62714.94769428174,-65854.54342415689,-78363.22727182241,7462.300204184218,10104.611856057312,18110.580997890705
2026-08-30 15:00:00,0.010815597199620716,0.010815597199620716,0.010813607308812171,0.010813607308812171,0.005674430818514708,Reliable,-23960.28338706371,-27115.809193941415,-39645.58597358301,4517.134910844366,7166.720831824522,15188.80060956087
2026-08-30 15:15:00,0.01081360275591753,0.01081360275591753,0.010809625222993134,0.010809625222993134,0.005581875631420987,Reliable,-63091.841060303836,-66249.96480613833,-78785.21826498683,3929.0186249242342,6562.208392842874,14581.603582524234
2026-08-30 15:30:00,0.010809619907866712,0.010809619907866712,0.010772850314359726,0.010772850314359726,0.05703111968654254,Thin,-51444.909075155105,-54627.347652859055,-67181.58226197457,96036.69083100418,98534.01868874348,106543.72410996872
2026-08-30 15:45:00,0.010772450566924984,0.010772450566924984,0.010670283913413979,0.010670283913413979,0.05023700017086563,Thin,-31523.47834530637,-34908.73853159703,-47611.146724108585,68339.31278417086,70412.47977228543,78347.01714459813
2026-08-30 16:00:00,0.010670252670584426,0.010670252670584426,0.010506979899373162,0.010506979899373162,0.06783121888993815,Thin,-6047.349286597929,-9427.866427663179,-21825.97190667986,3119.2984205677544,5130.7746821995,12944.881630332005
2026-08-30 16:15:00,0.01050694363049993,0.010506978609235051,0.010505731953887853,0.010505796661151234,0.004958607212983157,Reliable,-50516.25732995511,-53898.17715468486,-66293.50560155434,11210.727380077778,13221.501199560045,21034.73215290813
2026-08-30 16:30:00,0.01050578457174511,0.01050578457174511,0.010427746360162894,0.010427746360162894,0.08094756001737943,Thin,-4778.458330421103,-8109.34332087984,-20352.71637405641,2594.4633229366127,4552.039694113911,12320.610853936976
2026-08-30 16:45:00,0.01041742848954949,0.01041742848954949,0.010386665358304993,0.010386665358304993,0.08113851149275617,Thin,-64084.746425977544,-67393.62119654764,-79576.63794791978,2888.9670192638973,4835.43416459171,12580.67026041117
2026-08-30 17:00:00,0.010386329672125121,0.010386329672125121,0.010301753891171772,0.010369162050173887,0.12471116843371033,Very Thin,-32009.429932679108,-35287.39964828717,-47465.68886572438,154161.14584095764,156102.87302515717,163838.15277498076
2026-08-30 17:15:00,0.010369076517473612,0.010407164897606729,0.01036615226025341,0.010399094995939313,0.029532417138257293,Moderate,-18512.731404443333,-21841.368305620956,-34029.56181882997,4328.28810032069,6278.118813228054,14030.420123654945
2026-08-30 17:30:00,0.010397107303129921,0.010397107303129921,0.010390438573472048,0.010390438573472048,0.023844496692970063,Moderate,-53714.39017162174,-56857.272085698125,-69028.1004392062,4781.034817883774,6728.52324055124,14475.904541843078
2026-08-30 17:45:00,0.01039011302065814,0.010413604502640911,0.010387106007071248,0.010390578426750683,0.04385657417478961,Thin,-12484.456249184717,-15627.333372215227,-27798.444253703397,2799.9574907996926,4747.483763292699,12494.944568603403
2026-08-30 18:00:00,0.01038996541022864,0.01038996541022864,0.010385337134564096,0.010385492728246098,0.021176953905748166,Moderate,-50817.86576674463,-53960.91691005876,-66121.68473262877,2537.7863481331156,4483.936065746688,12228.50540079193
2026-08-30 18:15:00,0.010385423655457679,0.010385423655457679,0.010096088245794681,0.010305254405192685,0.12597302952474262,Very Thin,-4543.779831633952,-7969.712228870299,-19965.947346838275,2295.4466515435806,4219.833347110799,11918.68918967274
2026-08-30 18:30:00,0.010305202832929978,0.010313793084599707,0.01030295165601337,0.010308672901114863,0.04955507414170825,Thin,-6478.697332017038,-9873.997726822627,-21877.237028370382,3019.414952919678,4944.730570652949,12645.537625521958
2026-08-30 18:45:00,0.010308675811762947,0.01036794149154585,0.010308675811762947,0.010367929488115261,0.060143208104523324,Thin,-22003.962950307072,-25147.53065838729,-37271.72652891646,91058.66318745066,93000.13836471434,100735.05570014511
2026-08-30 19:00:00,0.010367926351165666,0.010369462832243492,0.010367275067241336,0.010367275067241336,0.0055477704092715885,Reliable,-7487.070696768625,-10630.66116515367,-22753.514508813416,18004.840414189635,19946.13828116205,27680.68316890125
2026-08-30 19:15:00,0.010367272452408254,0.010367272452408254,0.010290466030215323,0.010290466030215323,0.1118801973424044,Very Thin,-56344.19050196994,-58893.40434877882,-67157.97816805165,7143.783721265392,9063.351469803925,16754.980690225395
2026-08-30 19:30:00,0.010290172709208692,0.010290172709208692,0.010283082956367685,0.010283082956367685,0.02864246779985337,Moderate,-61017.07078702011,-63632.27292798078,-71883.53890815646,2935.1291427897927,4851.32959929207,12540.099508776542
2026-08-30 19:45:00,0.010283076737331823,0.010283076737331823,0.010281939105797907,0.010281939105797907,0.0026088670036801265,Reliable,-62363.02135183204,-64987.51181142683,-73230.63773285403,2275.9613288058285,4192.024821486894,11881.944122188086
2026-08-30 20:00:00,0.01028193633795488,0.010282335580644435,0.01028193633795488,0.010282037167873204,0.003413888089247719,Reliable,-38601.21664951016,-41224.82945464888,-49468.13245067791,2305.541015161122,4221.649244498358,11911.606539033392
2026-08-30 20:15:00,0.010281960385279912,0.010295563132124355,0.010281932367422648,0.010295563132124355,0.004084703804658973,Reliable,-23219.619371912,-25722.055728143743,-33990.00164823988,5412.33171294104,7334.550849955286,15029.804696922934
2026-08-30 20:30:00,0.010293635872515096,0.010293635872515096,0.010293045283624189,0.010293045283624189,0.016869354157096485,Moderate,-49089.461733178076,-51307.393130947494,-59570.682550458725,7959.8403976858435,9880.969256803772,17575.190459057307
2026-08-30 20:45:00,0.010293014703131582,0.010293014703131582,0.010292288973806829,0.010292288973806829,0.0025034691753964113,Reliable,-58280.36449252332,-60372.13320336934,-68673.49175413609,8598.064845224377,10546.902108074708,18339.944887929036
2026-08-30 21:00:00,0.010295383292058678,0.010295383292058678,0.01029534270001466,0.01029534270001466,0.0027227935363638876,Reliable,-58362.88784744422,-60410.281342040216,-68717.02318332068,10752.514695387192,12702.731315310166,20497.292041604553
2026-08-30 21:15:00,0.010295340905970653,0.010295354844761592,0.01029532891562613,0.01029532891562613,0.002078323981683328,Reliable,-58373.20253762714,-60420.39262718263,-68721.15246791225,10744.08723707266,12694.300090096129,20488.851505952287
2026-08-30 21:30:00,0.01029528904937278,0.01029528904937278,0.01029528904937278,0.01029528904937278,0.0015240679977079896,Reliable,-58398.073962591916,-60445.23643722081,-68745.92436465125,10718.968155409393,12669.170114052968,20463.694602869742
2026-08-30 21:45:00,0.010296074550827077,0.010323893249180456,0.010296074550827077,0.010323893249180456,0.0446442460926427,Thin,-3101.4167665630957,-5168.402848514361,-13520.708627748063,2696.8845029861354,4654.897809374959,12468.729176629642
2026-08-30 22:00:00,0.010323830732512944,0.010483131341642775,0.010323830732512944,0.01048292774416577,0.07548468369634065,Thin,-2261.04807902775,-4417.381624674693,-13046.18907515881,5672.792280210309,7695.211940984768,15612.496992745611
2026-08-30 22:15:00,0.010483130600546906,0.010586891136530894,0.010483130600546906,0.010586887286953858,0.1215571727035493,Very Thin,-16140.565317856306,-18271.377292827325,-27117.778946503226,170192.52786905254,172743.17151939447,180736.01759680515
2026-08-30 22:30:00,0.010586883465860692,0.010586883465860692,0.01058565977203878,0.01058565977203878,0.0059825927722370505,Reliable,-3008.2612586690448,-5139.4390267986055,-13983.154130649764,11524.945944814606,14061.127055913172,22053.06085493472
2026-08-30 22:45:00,0.01058563727731092,0.010680017591694848,0.010585635677645418,0.01068001154986994,0.1062706175206504,Very Thin,-25849.132017027325,-27953.460400215496,-37002.838650042526,95854.47726101989,99208.12887268477,107270.03056059378
2026-08-30 23:00:00,0.010680005508050159,0.010680005508050159,0.010547329711584933,0.010547329711584933,0.12110621290443273,Very Thin,-2714.7122620007653,-4857.294280796052,-13617.168419909285,4071.7361106602148,6155.891092111474,14119.311663791268
2026-08-30 23:15:00,0.010547318621718007,0.010547318621718007,0.010547308005451266,0.010547308005451266,0.0013872463791661626,Reliable,-53148.695026279944,-55291.28349339677,-64051.110180463926,65329.43625185639,67413.33502054264,75376.73943065047
2026-08-30 23:30:00,0.010547246751300768,0.010547246751300768,0.010544670282430103,0.010544670282430103,0.003706509519954475,Reliable,-6259.225308484081,-8402.648063623825,-17156.708617345772,7901.946626771342,9964.645002260795,17926.085339053032
2026-08-30 23:45:00,0.01054466387451678,0.010642447644340249,0.010544657473017199,0.010642439686171621,0.09820752262286425,Thin,-50991.846807299065,-53108.02867190456,-62075.773242720956,42066.989271450446,45271.27410081682,53305.35102378061
2026-08-31 00:00:00,0.010642431728011924,0.010732148397601459,0.010642431728011924,0.010732138439614456,0.05554519885595721,Thin,-28069.042812773183,-30154.73385871035,-39318.38396668594,12643.856484706062,16066.987925925889,24175.58889848921
2026-08-31 00:15:00,0.010732127929237443,0.010732127929237443,0.010732059078800144,0.010732059078800144,0.001458147254950637,Reliable,-50749.95260360138,-52835.67489337048,-61999.14818888651,21660.64276122272,25083.694834794394,33192.19851231045
2026-08-31 00:30:00,0.010732048364487339,0.010732048364487339,0.010724742340236416,0.010724742340236416,0.01968537466360701,Moderate,-3731.259057546194,-5819.861157752669,-14967.034809198805,2736.710670582991,6152.444114404077,14251.976045318663
2026-08-31 00:45:00,0.010724547638371081,0.010724547638371081,0.010724118184152852,0.010724118184152852,0.006567917436029003,Reliable,-12608.882925867132,-14697.730621031033,-23843.51398631533,5245.798721316971,8660.907732177253,16759.67418451389
2026-08-31 01:00:00,0.010724057227418968,0.010724057227418968,0.010724057227418968,0.010724057227418968,0.0015785316944136873,Reliable,-51468.31520329883,-53557.1868833431,-62702.834470942034,15611.450643611395,19026.498669723267,27125.190362203455
2026-08-31 01:15:00,0.010724367041515926,0.01079669439115331,0.010724367041515926,0.01079669439115331,0.06897685096752101,Thin,-2319.220324101852,-4398.344738780479,-13705.955874515235,2730.9558069901896,6185.62511359685,14373.251809242063
2026-08-31 01:30:00,0.010803619155162984,0.010879994146702812,0.010803619155162984,0.010879962449692865,0.08600327880977243,Thin,-45548.55181886521,-47669.45571226096,-57129.07011108541,83901.34939099784,86746.68260090517,95656.51889475195
2026-08-31 01:45:00,0.010880305326067234,0.011135063912230759,0.010880305326067234,0.011133657760280838,0.11584383484041427,Very Thin,-5492.4548400999965,-8148.380578213164,-17634.166413883908,78629.8198105116,80794.79862176967,90470.99956189728
2026-08-31 02:00:00,0.011133647127292595,0.01130238672808395,0.011133647127292595,0.011251801214538296,0.11427920483208523,Very Thin,-3696.427824489425,-6416.6254280642515,-15946.270855902572,2275.7257567157235,4523.1955243172115,14288.26918429267
2026-08-31 02:15:00,0.011251772805275064,0.011251772805275064,0.011251766448170232,0.011251766448170232,0.002029844528971414,Reliable,-49982.599800582466,-52702.818542959554,-62232.44706418399,2947.7353648471926,5195.179241781206,14960.226753478872
2026-08-31 02:30:00,0.011251760091070803,0.011251760091070803,0.011017534162568452,0.011017534162568452,0.11433266371105888,Very Thin,-11423.75435990482,-13801.3887900742,-23321.077296508334,96035.21253491838,98144.56876720751,107713.71031901686
2026-08-31 02:45:00,0.011017504954182425,0.011017504954182425,0.010983822465644357,0.011000515811954424,0.05630948012273862,Thin,-5839.75790748896,-8172.799777318368,-17697.196053753236,13532.212635778382,15644.92738022418,25186.96708493504
2026-08-31 03:00:00,0.011000478823388228,0.011000478823388228,0.010905743974966183,0.01092803230911463,0.11660691344451839,Very Thin,-3346.962091197329,-5498.451100595634,-15037.273221837355,2286.318661454058,4477.364616598667,13865.484964658743
2026-08-31 03:15:00,0.010928027488505097,0.010928027488505097,0.010472439974558694,0.01047246008520795,0.13000930562640356,Very Thin,-22388.050189584235,-24410.720177603038,-33007.17527981923,107370.10852086927,109368.52010354548,117279.29516848935
2026-08-31 03:30:00,0.010472458073625422,0.010472458073625422,0.01047242625749182,0.01047242625749182,0.000888968806298629,Reliable,-24215.839789952843,-26238.50244513082,-34834.88388703032,116425.68660970723,118424.08902668729,126334.84304841793
2026-08-31 03:45:00,0.010472413338675775,0.010472413338675775,0.010472404175460233,0.010472404175460233,0.0007110831283688058,Reliable,-33453.88943982009,-35476.5473082724,-44072.8806662849,163187.56936177137,165185.96579556703,173096.70608070612
2026-08-31 04:00:00,0.010472401763014734,0.010472401763014734,0.010472377226406204,0.010472377226406204,0.0007410231335763574,Reliable,-33503.17347132283,-35525.825498024955,-44122.10017419387,163138.2264874874,165136.61561935768,173047.33914025206
2026-08-31 04:15:00,0.010472373659194402,0.010472375451396466,0.010472366008798563,0.010472366008798563,0.0006300650145224296,Reliable,-33523.68710926296,-35546.336704322945,-44142.5869540492,163117.68258554835,165116.06867797207,173026.7852207035
2026-08-31 04:30:00,0.01047236459994929,0.010472429604787994,0.01047236459994929,0.010472411845072974,0.0012691401519895785,Reliable,-13096.351559575438,-15119.01109057088,-23715.36114925291,59057.637267663515,61056.035779561586,68966.78083574602
2026-08-31 04:45:00,0.010472465428704709,0.010472478323159893,0.010472465428704709,0.010472478323159893,0.0005170537711637557,Reliable,-33443.12808073358,-35465.80202219724,-44062.29683783439,163231.09469481232,165229.51121909675,173140.29762931244
2026-08-31 05:00:00,0.010472486462081603,0.010515834932063867,0.010472486462081603,0.010515834932063867,0.06638454517736676,Thin,-2860.0372168650697,-4892.110638890362,-13583.165549869631,3554.240567242448,5562.184697677994,13502.121869920253
2026-08-31 05:15:00,0.010515791992232564,0.010515791992232564,0.010515751719653509,0.010515751719653509,0.0016629170014415885,Reliable,-54489.484288877524,-56521.539668875295,-65212.41283713831,20680.15062180748,22688.086807738255,30627.957767262567
2026-08-31 05:30:00,0.010515792643744583,0.010515792643744583,0.010515587745366076,0.010515587745366076,0.002372447889415685,Reliable,-54579.573944069794,-56614.138699896735,-65301.96051400124,20566.7806735691,22577.442318585567,30528.525720769252
2026-08-31 05:45:00,0.010515573169160141,0.010515573169160141,0.01051554441298869,0.01051554441298869,0.001987842139521634,Reliable,-54609.76588199117,-56644.880176014834,-65332.607379628855,20541.863472427453,22553.927546213068,30504.97644476665
2026-08-31 06:00:00,0.010515529444641337,0.010515529444641337,0.01051526583086572,0.010515311197011712,0.0025602943196631144,Reliable,-54746.66743094392,-56779.190596157045,-65457.07294707948,20379.21380550912,22388.510133481017,30328.03056158228
2026-08-31 06:15:00,0.010515264795941878,0.010515264795941878,0.010515236709652471,0.010515236709652471,0.0021324027638306873,Reliable,-54790.159915140546,-56822.668322676276,-65500.388074813396,20327.804778687758,22337.0925988735,30276.553755379493
2026-08-31 06:30:00,0.010515211620717219,0.010515211620717219,0.01051511383164256,0.01051511383164256,0.0018449852997316275,Reliable,-54862.64438953147,-56895.1284520798,-65572.57997404941,20243.26493081629,22252.538716073846,30191.902094783432
2026-08-31 06:45:00,0.01051508873911926,0.01051508873911926,0.010514332013590404,0.010514332013590404,0.0026766660676908584,Reliable,-55036.82577646529,-57069.15494278221,-65744.89985848659,19617.72082422361,21626.90530956284,29565.646558318396
2026-08-31 07:00:00,0.010514306764153025,0.010514306764153025,0.010514015596438097,0.010514015596438097,0.002151184656008898,Reliable,-55223.64966114631,-57255.916137949884,-65930.97036772965,19402.265482193692,21411.413825154763,29349.90327909919
2026-08-31 07:15:00,0.010513945601423333,0.010513945601423333,0.010492928777305096,0.010492928777305096,0.08708686055049264,Thin,-45809.77161791292,-47837.860362893574,-56466.900164750594,4698.149330879824,6703.086706405748,14626.588508255027
2026-08-31 07:30:00,0.010492829965027909,0.010498106295443487,0.010489680257977991,0.010496375260028685,0.008686335299805226,Reliable,-12883.791003754306,-14912.562560727634,-23549.121109965647,4018.3556271465977,6024.290506861756,13949.933993096753
2026-08-31 07:45:00,0.010495538196131192,0.010504212917809801,0.010495202469318142,0.010503691725491399,0.018456812687416634,Moderate,-50964.74911325514,-52994.97020647036,-61647.492694083514,9887.825608757516,11895.794421173456,19826.066384019334
2026-08-31 08:00:00,0.010503606142105607,0.01050375798063769,0.010503597708747507,0.01050375798063769,0.0018143169996649889,Reliable,-46505.87992886457,-48536.11414858857,-57188.78121541501,9140.430984141758,11148.407368237382,19078.732081061295
2026-08-31 08:15:00,0.010503655154953951,0.010503655154953951,0.010503589113567142,0.010503589113567142,0.002145287899374293,Reliable,-56096.84692174894,-58127.04768543113,-66779.34625814883,10520.511713837821,12528.468799651566,20458.659066224624
2026-08-31 08:30:00,0.010503588386928872,0.010503588386928872,0.010502651388594055,0.010502651388594055,0.004947830223229199,Reliable,-32337.357183956632,-34367.372165143825,-43017.62451025033,6507.477976744875,8515.228915211019,16444.77155767267
2026-08-31 08:45:00,0.010502584979190068,0.010502584979190068,0.010501889949718691,0.010501889949718691,0.002817697499417404,Reliable,-46778.16247399448,-48808.026598716715,-57456.61743531631,8138.674910086738,10146.205547747417,18075.27519490706
2026-08-31 09:00:00,0.01050187891286091,0.01050187891286091,0.01050174625808401,0.01050174625808401,0.0015975248586217016,Reliable,-56541.184325869915,-58571.0199823837,-67219.29727881808,9338.433154023865,11345.922217677813,19274.902603657396
2026-08-31 09:15:00,0.010501741899222821,0.010501890100712936,0.010501741899222821,0.010501847238499753,0.0023322189526492564,Reliable,-56546.898367609814,-58576.754030378426,-67225.25166946715,9406.432840960708,11413.951121101478,19342.994236134557
2026-08-31 09:30:00,0.010501821672844431,0.010501821672844431,0.01050096552571519,0.01050096552571519,0.0025398086933622332,Reliable,-56768.14557320404,-58797.82655098545,-67444.40028546589,8850.954934898744,10858.218105882328,18786.71349058559
2026-08-31 09:45:00,0.010500937133525241,0.010500937133525241,0.01049958715613733,0.01049958715613733,0.0026077690148857084,Reliable,-57094.20330237883,-59123.61119785942,-67767.17741925096,7992.706855259006,9999.571196115008,17927.21027538511
2026-08-31 10:00:00,0.010499543482383387,0.010499543482383387,0.010499375069085295,0.010499375069085295,0.0024131825973733537,Reliable,-57194.96507674768,-59224.33095362343,-67867.43442572416,7867.191848274285,9873.994819588637,17801.502135814026
2026-08-31 10:15:00,0.010499424170279069,0.010499424170279069,0.01049914790625007,0.01049914790625007,0.0016185360925431436,Reliable,-57325.63459588306,-59354.95546735711,-67997.56329978877,7735.146638080462,9741.883876834781,17669.250062427316
2026-08-31 10:30:00,0.010499130903451613,0.010499136897346814,0.010498463055603742,0.010498463055603742,0.0025157438278978314,Reliable,-57450.212458991846,-59479.39764822686,-68120.51124610669,7312.195303275554,9318.734367166346,17245.67506280561
2026-08-31 10:45:00,0.010498460840469636,0.010498643931707977,0.010498460840469636,0.010498610411116218,0.0020536522348537645,Reliable,-57402.814565677574,-59432.02894889776,-68073.4640503702,7400.9106978249165,9407.492402446926,17334.524649569626
2026-08-31 11:00:00,0.010498372110889586,0.010498372110889586,0.010497931375868082,0.010497931375868082,0.0056851871653123675,Reliable,-38165.9294554198,-40195.009308628105,-48834.962887307316,5315.105091277353,7321.490298831715,15248.100658301064
2026-08-31 11:15:00,0.010497907473680478,0.010497907473680478,0.010497486478371388,0.010497486478371388,0.0016317595393009476,Reliable,-57823.64705298318,-59852.63876345281,-68491.62167853687,6732.158685668993,8738.415146750143,16664.74908200555
2026-08-31 11:30:00,0.010497422578567023,0.010497422578567023,0.010399385000913048,0.010399385000913048,0.11625823360749192,Very Thin,-28080.21976606203,-30066.956849929302,-38492.56734294121,6167.311705473732,8145.8887837701095,16010.546494620387
2026-08-31 11:45:00,0.010397973811393936,0.010397973811393936,0.010346989855976504,0.010346989855976504,0.046553205781142366,Thin,-49632.563588049954,-51586.46917943427,-59898.62132265681,83123.91383633026,85088.22656202216,92917.62785737128
2026-08-31 12:00:00,0.010346987811773827,0.010346996526841599,0.010346876583095929,0.010346876583095929,0.0009699702407669266,Reliable,-49730.80801193514,-51686.97655314357,-60005.02580137334,82909.36160059093,84876.16092784892,92713.49885208278
2026-08-31 12:15:00,0.010346863308796,0.010346863308796,0.01034676226354475,0.01034676226354475,0.0007723443955061527,Reliable,-49872.478312994775,-51828.57180546516,-60146.359618513,82767.13253654203,84733.90068727988,92571.16052472198
2026-08-31 12:30:00,0.010346734139832479,0.010346734139832479,0.010336895524842085,0.010336895524842085,0.011293624119607371,Moderate,-50689.18681289619,-52636.467909539475,-60925.45102298725,57455.137686737806,59416.69812819345,67239.29675402776
2026-08-31 12:45:00,0.01033689300548215,0.01033689300548215,0.010299284990255848,0.010299284990255848,0.04217564706798269,Thin,-47437.03198246914,-49429.429117953085,-57632.15146411518,11195.314039963463,13146.60787740626,20943.831102975404
2026-08-31 13:00:00,0.01029927552983867,0.010299328341242612,0.010299264075296514,0.010299328341242612,0.0018025495300391103,Reliable,-48307.76579200682,-50300.11038110251,-58502.93209489236,11400.616770580044,13351.92245238775,21149.174953021928
2026-08-31 13:15:00,0.010299319649686833,0.010299319649686833,0.010297541202295127,0.010297541202295127,0.006058007750075744,Reliable,-57868.30369863126,-59862.81439960483,-68061.53980865936,11975.206776628282,13926.024155321125,21722.069744012893
2026-08-31 13:30:00,0.010297557530741663,0.010297557530741663,0.010297547599024421,0.010297547599024421,0.001498881273990582,Reliable,-57864.25403005334,-59858.7569782236,-68057.49704882047,11979.304856942217,13930.123983500172,21726.17389229406
2026-08-31 13:45:00,0.01029754694938852,0.01029754694938852,0.010296326898945723,0.010296326898945723,0.0026003716482256634,Reliable,-58014.26387688716,-60010.246256732564,-68206.18849102041,11095.630701414955,13046.11626969296,20841.341740838798
2026-08-31 14:00:00,0.01029631895428041,0.01029631895428041,0.010296240129141314,0.010296240129141314,0.002291954518633732,Reliable,-58060.86354869461,-60056.951085631976,-68252.69444823655,11039.3984128401,12989.860270375373,20785.027136982993
2026-08-31 14:30:00,0.010296542939575009,0.01030740049180934,0.010296542939575009,0.010305931566668876,0.020910717727059977,Moderate,-32645.88486877051,-34630.22409130764,-42848.18308225589,11283.257039954584,13236.366565299331,21038.077526755715
2026-08-31 14:45:00,0.010305929408594617,0.010306352747060628,0.010305674279777664,0.010306245254997421,0.006162638214660363,Reliable,-57226.2298090658,-59210.18866013434,-67428.86683098295,19059.298900412337,21012.49410353892,28814.416830054615
2026-08-31 15:00:00,0.010306216525484213,0.010306216525484213,0.010306167033370011,0.010306167033370011,0.001572339427072178,Reliable,-57276.50660097414,-59260.5603024707,-67479.0591372502,19003.0998238281,20956.27366238152,28758.143583257213
2026-08-31 15:15:00,0.01030607028344182,0.01030607028344182,0.010284048715387156,0.010284048715387156,0.034095589518506775,Thin,-7916.107826089506,-9927.030317064242,-18094.779433978452,2087.5268093202,4032.5947013018026,11821.586543422978
2026-08-31 15:30:00,0.010283871349212229,0.010283871349212229,0.010283837847930077,0.010283837847930077,0.0023224930021022994,Reliable,-56457.227228681804,-58468.40642941467,-66635.67760867495,3000.845631405042,4945.8170457190845,12734.705203422493
2026-08-31 15:45:00,0.010283741175224561,0.01028692786589321,0.010283589614751525,0.01028692786589321,0.0037628408030446984,Reliable,-31971.98041558589,-33975.9455981165,-42137.63898040924,3496.4642537416876,5439.131303125553,13222.628959857246
2026-08-31 16:15:00,0.01028689898210759,0.01028689898210759,0.01028346337413107,0.01028346337413107,0.0021704057335335536,Reliable,-38747.47030423482,-40755.654033710525,-48909.415587356125,6312.4246294046525,8253.507301060115,16035.349454228653
2026-08-31 16:30:00,0.01028343232819686,0.01028343232819686,0.010283427706913581,0.010283427706913581,0.0025361666998780174,Reliable,-56910.54420634156,-58918.77136180549,-67072.45209782003,6570.635623354038,8511.701982327259,16293.527090505166
2026-08-31 16:45:00,0.010283413992487802,0.010283413992487802,0.010283335010733025,0.010283335010733025,0.0026216943492024304,Reliable,-56952.98721360891,-58961.327229255185,-67087.78955659278,6520.174590268254,8461.198553782493,16242.979363285809
2026-08-31 17:00:00,0.010283317648509366,0.010283317648509366,0.010281477537609185,0.01028152160582756,0.009293201400935654,Reliable,-3684.4569750973133,-5697.056688482212,-13825.33874937171,177227.6179042493,179170.02257940875,186957.4572404672
2026-08-31 17:15:00,0.01028148931005839,0.010281515127636158,0.010281474597409612,0.010281515127636158,0.0008447092902759135,Reliable,-3695.5568947641254,-5708.164494051912,-13836.431943643815,177216.50402309923,179158.905734433,186946.33724607818
2026-08-31 17:30:00,0.010281505547183342,0.010281505547183342,0.010281494836649566,0.010281494836649566,0.0005677718443129809,Reliable,-3724.0029403056783,-5734.583296987971,-13856.880979778623,176166.79639970837,178106.9787029656,185887.88006842637
2026-08-31 17:45:00,0.010281493042148282,0.010281493042148282,0.010203280906377852,0.010203280906377852,0.02202148203505938,Moderate,-10434.707168557103,-12482.42343704646,-20427.934060879998,4227.566825299701,6137.410603637079,13880.859439531312
2026-08-31 18:00:00,0.010203269650271131,0.010203269650271131,0.010202878724699844,0.010202878724699844,0.002137958364137127,Reliable,-59900.80496881651,-61948.24591560148,-69892.84862885743,18829.03762971098,20738.769097533965,28482.02497955388
2026-08-31 18:15:00,0.010202879184057951,0.010202879184057951,0.01019904245424809,0.01019904245424809,0.002887209516291289,Reliable,-37106.84213541562,-39147.69547826799,-46579.84722871226,10056.511498959611,11965.1715647636,19706.58673603977
2026-08-31 18:30:00,0.010198305062925222,0.010198305062925222,0.010197064342974975,0.010197064342974975,0.009874651041715098,Reliable,-60269.78024444827,-62456.84254507971,-70421.86298546781,13979.665072950404,15926.790495313244,23667.256398370726
2026-08-31 18:45:00,0.010196931056846638,0.010196931056846638,0.010193562445110676,0.010193562445110676,0.009776870657442016,Reliable,-60353.16781425576,-62539.75435379915,-70496.8655985267,11232.455031771113,13176.502742404407,20915.287907341506
2026-08-31 19:00:00,0.010193409236634457,0.010193409236634457,0.010192740568121663,0.010192740568121663,0.00244124301549391,Reliable,-37767.444736941914,-39953.91961101017,-47909.1747379429,7268.05831923559,9211.383630539163,16949.774293262184
2026-08-31 19:15:00,0.010192635638718273,0.010192635638718273,0.010189787470148483,0.010189787470148483,0.005403772084526448,Reliable,-37651.76445599423,-39837.838081739406,-47786.42436938924,5962.862201681652,7903.591609251638,15640.564649160926
2026-08-31 19:30:00,0.010189223272970076,0.010189223272970076,0.010188300237512896,0.010188300237512896,0.004554997677571504,Reliable,-60992.82919656697,-63178.51734164078,-71089.50909857941,7527.818003076315,9482.296556589134,17235.451167842686
2026-08-31 19:45:00,0.010188264263357583,0.010188264263357583,0.010188110570934614,0.010188110570934614,0.0018184682320508295,Reliable,-61018.1432463436,-63203.805620187326,-71114.36960080014,7400.798415680468,9355.110078709282,17108.162906701706
2026-08-31 20:00:00,0.010187868703792588,0.010187868703792588,0.010186395279300839,0.010186395279300839,0.005644752287014087,Reliable,-37373.39399765672,-39558.82329737634,-47465.51870680268,4563.742024036157,6516.544305517632,14268.676591052865
2026-08-31 20:15:00,0.010186248602608201,0.010186248602608201,0.01018584063996239,0.01018584063996239,0.0021960795112327515,Reliable,-61038.21018422021,-63224.612809277445,-71133.90437087594,5894.1251260986,7847.568856821569,15604.077560938918
2026-08-31 20:30:00,0.010185693934088512,0.010185693934088512,0.010184573123317128,0.010184573123317128,0.0024712773763160283,Reliable,-61080.18942483858,-63266.41974425013,-71172.85256982203,5083.848270294679,7036.176459553875,14792.004568657401
2026-08-31 20:45:00,0.010184562695337348,0.010184562695337348,0.01018356809967573,0.01018356809967573,0.0023764693219269226,Reliable,-61322.57937543338,-63508.67306796744,-71412.83926280042,4463.831270306088,6415.274888864584,14170.56331887255
2026-08-31 21:00:00,0.01018353459870691,0.010200123722794784,0.010183424216146758,0.010199853317442043,0.02016342058237386,Moderate,-60586.52197568455,-62774.82906444693,-70715.73235379776,16427.25107743184,18393.022744207214,26157.05275710598
2026-08-31 21:15:00,0.010199874163741327,0.010199939207440759,0.010199840542214551,0.01019990509010138,0.0020700507193097684,Reliable,-60539.61678141203,-62727.9309051943,-70668.9510168351,16461.260275410776,18427.077474522168,26191.135266828416
2026-08-31 21:30:00,0.010199926148895278,0.010222194884681991,0.010199903793568825,0.01022187195980757,0.02010687537056528,Moderate,-38330.29011031896,-40521.58822490309,-48512.19292760259,27192.855925595206,29177.981842832676,36953.81993888016
2026-08-31 21:45:00,0.010221847937473967,0.010221847937473967,0.010221609328216481,0.010221609328216481,0.001609976687316772,Reliable,-57910.99341801591,-60102.25586755692,-68092.26754055785,40637.31923819562,42622.21442679145,50397.911754639696
2026-08-31 22:00:00,0.010221593533211414,0.010221593533211414,0.010220522873787519,0.010220522873787519,0.0024612695759000935,Reliable,-57680.48269890329,-59871.597606468,-67859.15608699454,38823.67780611919,40807.61848491966,48582.733463632125
2026-08-31 22:15:00,0.010220506551266816,0.010220506551266816,0.010211181198594066,0.010211181198594066,0.010492871402094695,Moderate,-56128.686204910606,-58203.660226226355,-66170.12890963459,26323.303210105714,28299.034620592654,36069.141101403045
2026-08-31 22:30:00,0.010211162155148034,0.010211162155148034,0.010209615168709617,0.010209615168709617,0.00292935909193206,Reliable,-57935.465088052064,-59932.38800263733,-67895.32182925267,25423.74082683019,27398.095675625293,35167.362312239784
2026-08-31 22:45:00,0.010209497330689406,0.010209497330689406,0.010208040493127912,0.010208040493127912,0.004497406412002647,Reliable,-58948.76087546683,-60945.49959545526,-68904.87922902386,24122.33539279142,26095.305973754676,33863.72806463535
2026-08-31 23:00:00,0.010207923389878436,0.010207923389878436,0.01020720990552119,0.01020720990552119,0.00405233169754835,Reliable,-36604.05266702454,-38600.69422680501,-46558.199217166664,14937.891193950318,16910.131577883363,24678.108173483062
2026-08-31 23:15:00,0.010207609894771033,0.010305934854625628,0.010207609894771033,0.010305934854625628,0.014429713788285836,Moderate,-2831.1380168972087,-4838.87365531082,-13020.144207182062,7132.5625151168115,9198.176673763595,17020.94479613837
2026-08-31 23:30:00,0.010306238320819543,0.010368438027147113,0.010306238320819543,0.010367353750194942,0.04924018956337748,Thin,-21934.859958141293,-23949.331943569032,-32271.30308623347,102005.43160253616,104120.86483090773,111987.64806247641
2026-08-31 23:45:00,0.010367353738320774,0.010376066158269668,0.010367337502203453,0.010376066158269668,0.07177685408628295,Thin,-7916.556866537828,-9931.930339794053,-18273.882191578192,66873.49818164391,68995.98639273884,76869.0026960337
2026-09-01 00:00:00,0.010376697533118217,0.010484990189611484,0.010376697533118217,0.010484990189611484,0.09753272203239678,Thin,-9541.729966627669,-11569.669996513154,-20160.2104119621,165810.50542294316,169997.36981020347,177997.31132890613
2026-09-01 00:15:00,0.010484988585229239,0.010524132754581344,0.010484359648319813,0.010524132745858847,0.07089508023587288,Thin,-5881.914715063678,-7912.938036825037,-16593.309028077852,4981.083016422832,10958.448549026782,19009.365871141646
2026-09-01 00:30:00,0.010524118608614566,0.010524943902843437,0.010524094256893747,0.010524943894030758,0.002751846417534188,Reliable,-36031.34766342687,-38061.69517661656,-46741.969403135205,20294.60699557491,26308.221817859856,34357.823375334054
2026-09-01 00:45:00,0.010524943883471805,0.010524943883471805,0.01052494187460574,0.01052494187460574,0.0017733861556254117,Reliable,-50381.13169028074,-52411.47909446533,-61091.74862714355,27567.794472369034,33581.31712101702,41630.916025741804
2026-09-01 01:00:00,0.010524941858176954,0.010524941858176954,0.01052494160710493,0.01052494160710493,0.0013570950665075187,Reliable,-50381.31560259393,-52411.662992339276,-61091.931903253324,27567.621443225584,33581.131882198286,41630.73043552968
2026-09-01 01:15:00,0.0105248936428899,0.0105248936428899,0.010410278785573974,0.010410278785573974,0.12062177371538893,Very Thin,-50450.13025207509,-52469.12711970665,-60888.77577052903,22277.224727320106,24420.613456736588,32324.85601813116
2026-09-01 01:30:00,0.010410080324575816,0.010410080324575816,0.010353999163494864,0.010353999163494864,0.06272537304501676,Thin,-45441.59656170317,-47525.42593360384,-55816.78076245304,107202.34038704787,109407.0377551107,117286.0133163259
2026-09-01 01:45:00,0.010353994516033508,0.010353994516033508,0.010353968726731727,0.010353968726731727,0.0007118628558307361,Reliable,-46098.61601825569,-48182.4534341449,-56473.73849926919,108582.25979612493,110786.93234944144,118665.8748638206
2026-09-01 02:00:00,0.010353964143967222,0.010353964143967222,0.010353937350999383,0.010353937350999383,0.0006822597344515957,Reliable,-42280.193520590605,-44364.03922860225,-52655.25237787188,99618.01960306894,101822.66657607007,109701.57502407282
2026-09-01 02:15:00,0.010354588692717508,0.010412701343602586,0.010354588692717508,0.010412701343602586,0.11546599765422753,Very Thin,-2187.54769621882,-4255.927665967957,-12681.043899010754,7022.560695246578,9266.85597953444,17217.614896989566
2026-09-01 02:30:00,0.010412661501257707,0.010412661501257707,0.010412549800996906,0.010412549800996906,0.0029619938407225766,Reliable,-41497.91208588082,-43566.331253936216,-51991.10545156301,21035.568453973447,23279.829273961233,31230.34261746057
2026-09-01 02:45:00,0.010412543846145162,0.010412543846145162,0.010412543846145162,0.010412543846145162,0.0022225805107536356,Reliable,-50383.676649937624,-52452.097358276274,-60876.858115687784,24198.020325618683,26442.279791330086,34392.78348498857
2026-09-01 03:00:00,0.010412533613400235,0.010412533613400235,0.010412487807233759,0.010412487807233759,0.0019365021659939253,Reliable,-50415.55378983806,-52483.98899317588,-60908.62326980332,24161.673838326195,26405.92055942345,34356.33344185685
2026-09-01 03:15:00,0.010412472714601098,0.010412472714601098,0.010412351093827384,0.010412351093827384,0.0022226957865138174,Reliable,-50485.27346276644,-52553.744028042005,-60978.06974108292,24070.186927283008,26314.402556276,34264.59389319642
2026-09-01 03:30:00,0.010412346240039578,0.010412346240039578,0.010412272055687542,0.010412272055687542,0.003037355145432974,Reliable,-41618.88114572962,-43687.37215461976,-52111.519478346025,20885.887621311067,23130.085274928566,31080.148529048576
2026-09-01 03:45:00,0.010412155838935231,0.010412155838935231,0.010404142258415868,0.010404142258415868,0.02447716955493098,Moderate,-11858.030337863343,-13928.62342687224,-22334.424095190938,9173.323292077854,11415.671648977275,19352.205177225384
2026-09-01 04:00:00,0.010404140086230591,0.010404190105439401,0.010404009033056294,0.010404009033056294,0.002452818627610198,Reliable,-50610.65840858961,-52681.28593290166,-61086.78598752725,17704.07440758806,19946.392453506705,27882.703636084367
2026-09-01 04:15:00,0.010403997747197908,0.010403997747197908,0.010403895067189124,0.010403895067189124,0.0016644747317132059,Reliable,-50674.97701464594,-52745.63399587179,-61150.87689548045,17639.19256013088,19881.484676768974,27817.605655561543
2026-09-01 04:30:00,0.010403877238330316,0.010403877238330316,0.010403697153630828,0.010403723836900585,0.002722737165101363,Reliable,-50748.61978248464,-52819.32102130083,-61224.17755492909,17536.72991233198,19778.98307073872,27714.818272105073
2026-09-01 05:00:00,0.010403685810116501,0.010403685810116501,0.01036019638291138,0.01036019638291138,0.10416055684970109,Very Thin,-2181.894303335221,-4264.085407664929,-12569.646195070105,7013.253088945744,9223.002219897136,17108.70542514557
2026-09-01 05:15:00,0.010360294199135013,0.010360844204586153,0.010360294199135013,0.010360842263213136,0.0021485423333805977,Reliable,-44624.27529611874,-46706.29560894043,-55013.33711436345,143781.97336712174,145992.2489108182,153878.6531619473
2026-09-01 05:30:00,0.01036084112239204,0.01036084112239204,0.010360840671504723,0.010360840671504723,0.0005513676098024334,Reliable,-44627.04160964787,-46709.06234338002,-55016.10019968265,143779.20007308805,145989.47431951223,153875.87684300967
2026-09-01 05:45:00,0.010360840667287326,0.010360840667287326,0.010342394826324163,0.010342486557419291,0.018495404109418946,Moderate,-3746.267304500175,-5833.137802002479,-14098.109492674796,8246.160862214318,10441.46953002629,18307.94176624076
2026-09-01 06:00:00,0.01034248654079076,0.01034248654079076,0.01034248654079076,0.01034248654079076,0.0008577825137374706,Reliable,-49874.15393580625,-51961.02443769896,-60225.99609027115,73882.9138806186,76078.22253486598,83944.69475301595
2026-09-01 06:15:00,0.010342486528027012,0.010342486528027012,0.01034238010509274,0.01034238010509274,0.0011738221988208952,Reliable,-43473.26821231868,-45560.16681593799,-53824.89459718555,64526.312013105344,66721.5338430976,74587.89043375375
2026-09-01 06:30:00,0.010342374355061702,0.010342374355061702,0.010342357724387796,0.010342357724387796,0.0013522449751068866,Reliable,-50081.86565837169,-52093.74941537151,-60358.42591682097,73867.26032718319,75962.43623806284,83811.32214544807
2026-09-01 06:45:00,0.010342348959666414,0.010342348959666414,0.010342323050593322,0.010342323050593322,0.0012045777785346435,Reliable,-43599.60281486454,-45611.48297964031,-53876.08003481748,64609.58966634529,66704.73745984337,74553.5985255439
2026-09-01 07:00:00,0.010342318534418228,0.010342318534418228,0.010342201631659989,0.010342201631659989,0.0013486250411292255,Reliable,-43685.61628170938,-45697.48386737547,-53961.80272231283,64447.74846271987,66542.79779582695,74391.57187184894
2026-09-01 07:15:00,0.010342196642650294,0.010342196642650294,0.010342175507325226,0.010342175507325226,0.001240759422425808,Reliable,-50251.80745347538,-52263.67233262866,-60527.93133051476,73615.23973579603,75710.26788422196,83559.02324359467
2026-09-01 07:30:00,0.01034217324785633,0.01034217324785633,0.010340512024112757,0.010340512024112757,0.0047576855775786075,Reliable,-50263.63446695558,-52275.32700104881,-60535.77466547317,69319.1671635492,71412.84630916944,79260.40982561691
2026-09-01 07:45:00,0.01034050732739442,0.01034050732739442,0.010338260087001517,0.010338260087001517,0.003011296598452474,Reliable,-27629.754068969138,-29641.213271892248,-37896.50166929706,36696.99193576371,38788.84469861705,46634.79460731637
2026-09-01 08:00:00,0.010338229434751278,0.010338229434751278,0.010337962346656904,0.010337962346656904,0.0012034120094402967,Reliable,-50584.548845046695,-52595.97719637003,-60850.58348758226,63679.524537321515,65771.1358097006,73616.87236175449
2026-09-01 08:15:00,0.010337847643360662,0.010337847643360662,0.010337734112950065,0.010337734112950065,0.001306992690936548,Reliable,-52057.96767823514,-54558.17092945134,-63912.707475873656,64302.87645084204,66241.87643355632,73456.69946460443
2026-09-01 08:30:00,0.010337734037661769,0.010337734037661769,0.010307710947396827,0.010307710947396827,0.04151562198685172,Thin,-38432.42047224581,-40928.450139708235,-50270.2803572946,17827.691666410097,19742.54388792405,26936.753282275142
2026-09-01 08:45:00,0.010307698770022656,0.010307698770022656,0.010307677067829339,0.010307677067829339,0.0018297413762170755,Reliable,-55021.11984948689,-57517.144789467166,-66858.96065672289,23349.895724010377,25264.72067619217,32458.90679219039
2026-09-01 09:00:00,0.010307665490969854,0.010307665490969854,0.010307619953379735,0.010307619953379735,0.0025260319259668763,Reliable,-44862.06450677419,-47358.081477113774,-56699.87315240474,19913.342155628143,21828.121136847192,29022.26800992277
2026-09-01 09:15:00,0.010307546790623543,0.010307546790623543,0.010307439199027072,0.010307439199027072,0.001739768190987645,Reliable,-55155.02511274029,-57651.0168608575,-66992.73197353263,23178.778845404806,25093.412338054663,32287.435015413535
2026-09-01 09:30:00,0.010307409457733459,0.010307409457733459,0.010294375825563784,0.010294375825563784,0.011610304323217413,Moderate,-41820.50608154634,-44314.67455299983,-53650.8543498598,11208.033459618355,13111.988133458508,20297.192898928875
2026-09-01 09:45:00,0.010294365479240546,0.010294365479240546,0.010236264200775618,0.010236264200775618,0.02195301471625215,Moderate,-53053.50680390686,-55539.92165580918,-64852.5418750557,63632.77861362436,65479.15506968837,72635.05773948164
2026-09-01 10:00:00,0.010236249150009565,0.010236249150009565,0.010236249150009565,0.010236249150009565,0.0008925191968809365,Reliable,-53069.753972890685,-55556.16681435615,-64868.78100140503,63616.41396787307,65462.77549018172,72618.67056004664
2026-09-01 10:15:00,0.01023623981849868,0.01023623981849868,0.01023611374374756,0.01023611374374756,0.001454864817161905,Reliable,-33728.03199518285,-36214.42674942556,-45526.98666673532,39317.452192355166,41163.679360610695,48319.506056436454
2026-09-01 10:30:00,0.010236104204242452,0.010236104204242452,0.010236038479006074,0.010236038479006074,0.0014465662836515847,Reliable,-53258.34258339283,-55744.72728392115,-65057.257035531606,63339.37377282974,65185.52626082343,72341.31495116268
2026-09-01 10:45:00,0.010236031733420603,0.010236031733420603,0.010235951845628574,0.010235951845628574,0.0009504893074152144,Reliable,-53352.0021601615,-55838.3752883383,-65150.870317587556,63245.513546927694,65091.58007396848,72247.32501797161
2026-09-01 11:00:00,0.010235945982123518,0.010235945982123518,0.010233994225785782,0.010233994225785782,0.0035368705139888325,Reliable,-45613.80034123889,-48099.9119629206,-57411.622335084605,50355.91822270358,52200.042227420214,59354.79860357261
2026-09-01 11:15:00,0.010233995870601769,0.010233995870601769,0.010233986012380035,0.010233986012380035,0.0013391954249830195,Reliable,-53346.12311336774,-55832.23363782755,-65143.94071767724,59153.67753709746,60998.360336571306,68153.11256488122
2026-09-01 11:30:00,0.01023398362082483,0.01023398362082483,0.010231416741740973,0.010231416741740973,0.001491680888999358,Reliable,-30964.67861912931,-33450.442374936894,-42761.11948945391,30620.50853197286,32462.93012185117,39616.3847640756
2026-09-01 11:45:00,0.01023139901401499,0.01023139901401499,0.010231311943026466,0.010231311943026466,0.0027041883029728098,Reliable,-53464.85943527224,-55950.609032794244,-65261.24413227531,53603.0792613176,55445.409021085936,62598.81073224255
2026-09-01 12:00:00,0.010231307709342689,0.010231307709342689,0.010231214311598347,0.010231214311598347,0.0015178354365390945,Reliable,-53552.39817869339,-56038.13458617664,-65348.730543825186,53496.32955608075,55338.57376566681,62491.92616551909
2026-09-01 12:15:00,0.010231204358600497,0.010231204358600497,0.010231058556668273,0.010231058556668273,0.0015178395802213362,Reliable,-53697.58310585817,-56183.29847069407,-65493.83198347789,53331.79721153486,55173.90493899202,62327.17867025919
2026-09-01 12:30:00,0.01023105217696648,0.01023105217696648,0.010231009847439422,0.010231009847439422,0.000985357541441001,Reliable,-52823.620951418256,-55309.329735562234,-64619.84371984381,52347.58733774846,54189.652382945336,61342.90151206823
2026-09-01 12:45:00,0.01023100935714913,0.01023100935714913,0.010230878371056898,0.010230878371056898,0.0011353574941881605,Reliable,-53839.07645867089,-56324.76748009033,-65635.2287525707,53114.882558046746,54956.83239440086,62110.01511690538
2026-09-01 13:00:00,0.010230873790428687,0.010230873790428687,0.010228498021618924,0.010228498021618924,0.0015765758674699537,Reliable,-53598.31727611992,-56083.68669176851,-65393.19355491261,48983.12235984978,50822.98623876393,57974.96661102888
2026-09-01 13:15:00,0.010228411011322823,0.010228411011322823,0.010199678641083789,0.010199678641083789,0.0035455719718149314,Reliable,-58548.76886751561,-61030.242162208386,-70328.18259068466,15815.06588619141,17629.655364260198,24767.067518914766
2026-09-01 13:30:00,0.010199673461200135,0.010199673461200135,0.01019921329742812,0.01019921329742812,0.002073579364712641,Reliable,-59006.401682553966,-61487.81203094017,-70785.56552727714,15527.018957512399,17341.200039627474,24478.376793998534
2026-09-01 13:45:00,0.010199073656496312,0.010199073656496312,0.010198835893145505,0.010198835893145505,0.0014374696225276878,Reliable,-59170.61749463519,-61651.97679129371,-70949.57867744118,15243.78136760877,17057.631224479926,24194.617059926288
2026-09-01 14:00:00,0.010198810550826904,0.010198810550826904,0.010198810550826904,0.010198810550826904,0.0029046545502176002,Reliable,-47967.02725372958,-50448.38312228881,-59745.974827836755,12617.605831165256,14431.433446374336,21568.406461680053
2026-09-01 14:15:00,0.01019878407767441,0.01019878407767441,0.010088739888815604,0.010088739888815604,0.1332934111146845,Very Thin,-39341.79127330295,-41698.773232081716,-50887.89340599453,5632.034344779295,7375.329923844666,14456.469440418954
2026-09-01 14:30:00,0.010088580406566672,0.010088580406566672,0.010084739068979711,0.010084739068979711,0.0176548719530914,Moderate,-59331.58144039318,-61677.94374089183,-70862.65359452195,5686.18893299694,7428.387511727404,14507.491884647816
2026-09-01 14:45:00,0.010084727407492297,0.010084727407492297,0.010084595261142736,0.010084595261142736,0.0027147745407043455,Reliable,-59392.297120845855,-61738.277737831246,-70922.82906712819,5667.795857712302,7409.9550011622105,14488.986214158826
2026-09-01 15:00:00,0.010084584020645349,0.010084584020645349,0.010084346561376275,0.010084346561376275,0.0024510988139256895,Reliable,-48517.68506606161,-50863.00560943836,-60047.28278887797,4825.516617130285,6567.607560955652,13646.51225071545
2026-09-01 15:15:00,0.01008437916575896,0.010085572253804015,0.01008437916575896,0.010085228546366126,0.004051241919370607,Reliable,-56152.83765110389,-58500.49910280513,-67685.74852569462,5816.950991715114,7559.283793833041,14638.637176591
2026-09-01 15:30:00,0.010085236132048613,0.010127575572871467,0.010085219103563527,0.010127559296721335,0.04290183311638054,Thin,-36169.40433853347,-38629.97663289973,-47861.44772554503,31126.16871261277,32880.097062229645,39980.96238455134
2026-09-01 15:45:00,0.010127543008776803,0.010168372605324506,0.010127543008776803,0.010168372605324506,0.016013607287692543,Moderate,-26507.030136188074,-28984.266152182958,-38260.25528782787,168628.4358522246,170415.52965517578,177537.0932450747
2026-09-01 16:00:00,0.010168691507622606,0.010171335795866758,0.010168691507622606,0.010171282488490656,0.0013646419914419283,Reliable,-20072.561642459495,-22549.210322975985,-31817.449102839804,161908.2095971635,163697.8608944653,170820.89862946724
2026-09-01 16:15:00,0.010171337157537005,0.010171722778115257,0.010171337157537005,0.010171722778115257,0.00107715337880967,Reliable,-18871.94527855871,-21348.648221520234,-30617.367112056952,157352.5682988354,159142.60653452482,166265.8673016242
2026-09-01 16:30:00,0.01017172124558387,0.010194509534859418,0.01017172124558387,0.010194509534859418,0.02539464441090198,Moderate,-5308.748652652411,-7788.258332612517,-17073.18458333986,5231.821475744637,7041.873907930888,14176.670899831286
2026-09-01 16:45:00,0.01019618922598635,0.01020145034621368,0.01019618922598635,0.010201386594378279,0.009935250030955857,Reliable,-51830.90175079636,-54311.25790463562,-63598.94329235805,16892.47071525154,18708.559051320655,25846.835150867493
2026-09-01 17:00:00,0.010201382579070337,0.010201382579070337,0.010201382579070337,0.010201382579070337,0.0015595334036981878,Reliable,-51833.36543680288,-54313.72109649272,-63601.40487358275,16889.975622377573,18706.06043485789,25844.334503400747
2026-09-01 17:15:00,0.010201410020289124,0.010208619111042554,0.010201410020289124,0.010208551175683781,0.012270413768431566,Moderate,-50483.53002386558,-52967.63317648742,-62268.70330960127,22555.591111085487,24381.05186533138,31535.72270237223
2026-09-01 17:30:00,0.01020854866477942,0.01020854866477942,0.010208535293597972,0.010208535293597972,0.0019890183721629428,Reliable,-50750.93931244821,-53235.04050895915,-62536.104266062815,22646.96278592586,24472.409605510784,31627.072402033013
2026-09-01 17:45:00,0.010208521922442797,0.010208521922442797,0.010208499184721003,0.010208499184721003,0.001870199227384628,Reliable,-50772.11170488043,-53256.208454050146,-62557.25771488768,22621.86360778167,24447.27874603675,31601.92326193322
2026-09-01 18:00:00,0.010208495463413942,0.010208495463413942,0.01020846619433014,0.01020846619433014,0.0016841196440165796,Reliable,-36519.5060152509,-39003.5987011603,-48304.63471765036,16958.990851970415,18784.37704495465,25939.004858974444
2026-09-01 18:15:00,0.010208441349856658,0.010208441349856658,0.010202806819122535,0.010202806819122535,0.002865159811227391,Reliable,-43531.08129648958,-46011.61222628036,-55299.86727358837,15583.478480244506,17400.813075238228,24539.807521040788
2026-09-01 18:30:00,0.010202744617306943,0.010202744617306943,0.010202744617306943,0.010202744617306943,0.0018351952354889178,Reliable,-43563.420041364894,-46043.94331671326,-55332.17341560132,15550.703817509964,17367.98383171393,24506.94681703488
2026-09-01 18:45:00,0.010202744478170548,0.010202744478170548,0.01020271926211746,0.01020271926211746,0.001505400294365944,Reliable,-52789.43285870891,-55269.9530138872,-64558.172943077916,18242.0230600589,20059.28082556765,27198.23098669406
2026-09-01 19:00:00,0.010203645775589475,0.010203645775589475,0.010181901942238907,0.010181901942238907,0.0059489576341489325,Reliable,-37601.7715343966,-40079.728664849215,-49359.547828046394,3509.0169996531727,5307.998625366618,12436.414381216948
2026-09-01 19:15:00,0.010181897205283697,0.010181897205283697,0.010181840422926192,0.010181840422926192,0.0018364035464464301,Reliable,-54889.67843745445,-57367.627989873676,-66647.38006416084,3873.6028867975433,5672.5304752161255,12800.915083856444
2026-09-01 19:30:00,0.010181734859479053,0.010181734859479053,0.010162368977157504,0.010162368977157504,0.07723747841455517,Thin,-40912.4026644614,-43387.95257399615,-52646.47204659559,170763.46545517372,172545.28151676996,179663.8030054923
2026-09-01 19:45:00,0.010162340226006069,0.010162340226006069,0.010162340226006069,0.010162340226006069,0.0004896326668986095,Reliable,-40969.785721690605,-43445.33208630248,-52703.82020973317,170705.90185315485,172487.6926360943,179606.19955414583
2026-09-01 20:00:00,0.01016233603964329,0.01016233603964329,0.01016228685668278,0.01016228685668278,0.0008057800003690385,Reliable,-41079.130285889485,-43554.670070225504,-52813.10000178277,170612.79339693347,172394.5372562728,179513.01712746292
2026-09-01 20:15:00,0.010162278738958445,0.01016836962849635,0.010161885779518785,0.01016836962849635,0.0008946425240240474,Reliable,-17908.488441302125,-20384.778104461635,-29649.84062000425,99529.37535563875,101316.46654207035,108438.0286238019
2026-09-01 20:30:00,0.010168301018184023,0.010168865759778238,0.01016826972080214,0.010168865759778238,0.036346690212067184,Thin,-6046.413906483841,-8522.764722622676,-17788.36822836147,4369.808094934185,6157.3353567530685,13279.148793251661
2026-09-01 20:45:00,0.010168949404731417,0.010168949404731417,0.009997787162385835,0.009997787162385835,0.10556303314361518,Very Thin,-30239.56487246275,-33585.342716628664,-42665.75520634452,7912.533052438669,9637.164071854215,16671.278777596435
2026-09-01 21:00:00,0.00999610072999222,0.00999610072999222,0.009992590290410178,0.009992590290410178,0.006339872232152866,Reliable,-47830.70796863064,-51354.180706032486,-60429.01121647081,9067.330183643993,10791.51291127874,17822.35109287291
2026-09-01 21:15:00,0.009992622691092757,0.009992622691092757,0.009694384834297992,0.009694384834297992,0.15514800334462894,Very Thin,-43511.68315426261,-46625.89238491254,-58601.88553866557,7161.291832865689,8851.761691173237,15712.518938219726
2026-09-01 21:30:00,0.009694353677599903,0.009694353677599903,0.009604530320539014,0.009604530320539014,0.15606139566388277,Very Thin,-26131.1385425217,-28102.852862855023,-40657.24280392352,7220.905029590279,8900.22038709116,15707.2406415019
2026-09-01 21:45:00,0.009604469083099643,0.009604469083099643,0.009604469083099643,0.009604469083099643,0.0030816155201787154,Reliable,-27537.72865662823,-29505.36528405792,-42048.127710133806,7511.984593587211,9187.73243862123,15987.916355265228
2026-09-01 22:00:00,0.00960444137228184,0.00960444137228184,0.009531919461140981,0.009558224814652697,0.15692864158037034,Very Thin,-1858.4516094797973,-3635.5424504341977,-12624.011269310087,2209.7496600553236,3881.4583833883685,10654.544904347507
2026-09-01 22:15:00,0.009557145515468511,0.009557145515468511,0.0095559049654865,0.0095559049654865,0.016741825768134544,Moderate,-39680.89581027289,-41451.392799704736,-50437.13222461524,81313.68405922188,82985.18990244364,89756.91535457184
2026-09-01 22:30:00,0.009555904209499875,0.009555904209499875,0.009555904209499875,0.009555904209499875,0.0007338014715947416,Reliable,-45414.7621883946,-47185.25702916066,-56170.995564634264,93311.402984102,94982.90876120569,101754.63376976525
2026-09-01 22:45:00,0.00955590601382791,0.009687400468331381,0.009555890511428756,0.0096716797955925,0.15599846254669392,Very Thin,-1654.649984701254,-4448.272745864909,-12864.363300063893,1774.0280264692283,3457.6127354374335,10297.063553114938
2026-09-01 23:00:00,0.009671685921596444,0.009671689997539454,0.009671685921596444,0.009671689997539454,0.0008610204769611496,Reliable,-15357.351739462109,-18151.096936013302,-26567.099588183708,103338.18617149725,105021.77236696522,111861.22913461029
2026-09-01 23:30:00,0.009671688785848521,0.009671688785848521,0.009671688785848521,0.009671688785848521,0.0005260730004996717,Reliable,-24132.53350797387,-26926.26416280251,-35342.2772551487,168260.38948749594,169943.97550641152,176783.4315673758
2026-09-01 23:45:00,0.00967166296835457,0.00967166296835457,0.00967166296835457,0.00967166296835457,0.0005018430930197049,Reliable,-25274.450958852074,-28067.87177346566,-36484.107314422305,176277.88750558073,177961.46976269307,184800.91076640174
2026-09-02 00:00:00,0.00967163134320937,0.009672567345268567,0.00967159602939785,0.009672567345268567,0.0009240396537523177,Reliable,-22214.86200141995,-25018.147221870306,-33424.841736546485,168357.15584772924,170041.05670577395,176881.02514739652
2026-09-02 00:15:00,0.009672605024692249,0.009772957368207002,0.009672605024692249,0.009704450964808944,0.053777398938165646,Thin,-49182.74978142104,-51870.620161782615,-60114.782811261764,15056.832689739307,16745.547006998135,23604.094429800767
2026-09-02 00:30:00,0.009704355210449548,0.009704355210449548,0.009704355210449548,0.009704355210449548,0.001622120115952752,Reliable,-49258.448884534235,-51946.28806880746,-60190.15766775788,15001.146983360548,16689.84685646406,23548.338527742108
2026-09-02 00:45:00,0.00970425035049792,0.009704315613457297,0.00970425035049792,0.009704315613457297,0.0019822937724602195,Reliable,-50113.307685677304,-52801.133969539194,-61044.882384552315,15208.149488282526,16896.843388320136,23755.312004769145
2026-09-02 01:00:00,0.009704301228127763,0.009704301228127763,0.009704270952824015,0.009704270952824015,0.001896154873693501,Reliable,-50139.97608774732,-52827.787821505284,-61071.39955586196,15179.122955305207,16867.810118429978,23726.25273175499
2026-09-02 01:15:00,0.009704239673748475,0.009704239673748475,0.009704239673748475,0.009704239673748475,0.0015946640968909076,Reliable,-50159.803458081406,-52847.60500135093,-61091.12100848157,15159.11465215111,16847.797096918748,23706.221498337403
2026-09-02 01:30:00,0.009704090193662121,0.009704090193662121,0.009660891265866861,0.009660891265866861,0.06980637758213501,Thin,-43724.92484639526,-46070.57268178096,-54510.478425561116,140752.33698212833,142434.4731222809,149267.63010897124
2026-09-02 01:45:00,0.0096608968810281,0.009775248314450658,0.0096608968810281,0.009775241427779115,0.0700898077387784,Thin,-9185.266766563775,-11891.355809195054,-20352.453240084913,132833.75089738623,134533.1242383543,141432.8133416163
2026-09-02 02:00:00,0.009775137937206056,0.009775137937206056,0.009774861943835762,0.009774861943835762,0.00238871755981136,Reliable,-3451.493313495088,-6157.504094041292,-14617.437099414748,29770.822567882162,31470.1388724797,38369.60782686171
2026-09-02 02:15:00,0.00977493197283775,0.009775196225749938,0.00977493197283775,0.009775184619026763,0.019077589919981763,Moderate,-9239.506727620943,-11945.584054449842,-20406.507169788405,132293.59912337913,133992.96392607212,140892.62007331525
2026-09-02 02:30:00,0.009775184374417179,0.009946847596407406,0.009775184374417179,0.00994453289044444,0.1545258791167737,Very Thin,-38058.89971966296,-39981.83267314756,-48855.29337810402,71529.10455894262,73301.31068599342,80302.08752578753
2026-09-02 02:45:00,0.009944552064322721,0.009944552064322721,0.009944500285823273,0.009944500285823273,0.0014116483154312577,Reliable,-37280.65234610878,-39203.49717864077,-48076.922865533015,69896.78313054841,71668.85974584302,78669.61580558462
2026-09-02 03:00:00,0.009944499292061326,0.009944499292061326,0.009944493410302409,0.009944493410302409,0.001179725449646507,Reliable,-41419.66701629484,-43342.49326628028,-52215.91156871654,78014.02026919475,79786.06957358573,86786.82125131575
2026-09-02 03:15:00,0.009944489170559805,0.009944585482673822,0.009944489170559805,0.009944585482673822,0.0013231983882088017,Reliable,-37191.743579633956,-39114.81867513423,-47988.335865296365,69981.39746048395,71753.81249342473,78754.62285199348
2026-09-02 03:30:00,0.009944226836440782,0.009944226836440782,0.0099270603970999,0.0099270603970999,0.07503272610824249,Thin,-2465.5253874177347,-4355.457013112336,-13210.153277849007,2417.1780679703406,4137.061894198493,11126.698023219751
2026-09-02 03:45:00,0.009923148538145176,0.009923148538145176,0.009604011518152919,0.009604664824465505,0.15451499037788138,Very Thin,-47893.42908386959,-50219.66311993887,-58461.223326645726,12159.662811024964,13835.427732041937,20635.7262069244
2026-09-02 04:00:00,0.009604232135398443,0.009604232135398443,0.00944543022622567,0.009445430229340149,0.13113748277819381,Very Thin,-30825.315760642872,-33014.147642452954,-41133.76028828411,32534.48247104799,34196.29818125096,40903.01510229498
2026-09-02 04:15:00,0.00944282969596309,0.00944282969596309,0.009238451508402887,0.009248895212857924,0.16087608603489004,Very Thin,-3011.048974331026,-4659.381244853541,-12534.099350790793,2617.0529526552123,4248.921216471931,10851.608313028357
2026-09-02 04:30:00,0.009256173624875574,0.009410409904185582,0.009251276299097368,0.009410409904185582,0.16025796440710188,Very Thin,-14959.91010434518,-16903.03342788228,-25124.499687436535,3861.0510956941175,5519.7832316643135,12205.813271427014
2026-09-02 04:45:00,0.009410838087016381,0.009411618722054772,0.009410838087016381,0.009411411417363328,0.0032260027640244045,Reliable,-46629.6561094667,-48560.664456921404,-56209.67638799495,9795.32541801469,11454.145817828437,18140.76799629612
2026-09-02 05:00:00,0.009411405706190397,0.009411405706190397,0.009411165328540033,0.009411165328540033,0.002548874862626027,Reliable,-37661.91814087788,-39592.7445618104,-47240.96680764954,8039.22137006136,9698.020082382609,16384.49676521814
2026-09-02 05:15:00,0.009411074749554405,0.009411074749554405,0.00940706045868784,0.00940706045868784,0.005970390335407805,Reliable,-3325.902129576625,-5254.495527785725,-12888.745275300222,1843.5411893164858,3501.8589134456765,10186.027574009096
2026-09-02 05:30:00,0.009406753047755201,0.009406753047755201,0.009406379176874743,0.009406379234774777,0.004129457429253681,Reliable,-43672.531593178894,-45601.041610976434,-53232.68560464032,6304.273979174379,7962.493558081654,14646.29745460696
2026-09-02 05:45:00,0.009406347328113554,0.009406347328113554,0.009406347328113554,0.009406347328113554,0.0019425891832571818,Reliable,-47301.362437354015,-49229.868549791594,-56861.39049890856,6687.729573540283,8345.944555507198,15029.73136716077
2026-09-02 06:00:00,0.009406382031168075,0.00941666257647671,0.009406382031168075,0.009416343993550663,0.005974978362923045,Reliable,-37182.55143860258,-39117.206662748766,-46782.048579742754,10857.133110647434,12516.388152292724,19205.9262274732
2026-09-02 06:15:00,0.009416763174352322,0.009427900960445306,0.009416207845242648,0.009427900960445306,0.017766992170276334,Moderate,-3848.3791419070476,-5791.581655064381,-13345.268518995692,2733.7898742574876,4394.062830891756,11090.429827623002
2026-09-02 06:30:00,0.009427900583447548,0.009427900583447548,0.009427857676320943,0.009427857676320943,0.0016564016247196279,Reliable,-45761.41070022603,-47704.58119430144,-55258.129751259716,23185.932787494316,24846.201932912063,31542.54336120308
2026-09-02 06:45:00,0.009427699222060982,0.009465551739280625,0.009427515406412526,0.009465551739280625,0.05899414468187329,Thin,-4289.22311622534,-6186.276826977808,-13860.360196916898,8550.744704318065,10214.329547909985,16932.91511540961
2026-09-02 07:00:00,0.00946554544229684,0.00946554544229684,0.009458725993154518,0.009458725993154518,0.016115710135965515,Moderate,-41346.97523996252,-43266.215173467805,-50918.458435169574,76820.1941901909,78483.17910807568,85197.73993320033
2026-09-02 07:15:00,0.009458713785097677,0.009491021086723115,0.009449416727335482,0.009490878483326843,0.054229817797326094,Thin,-2859.4620156656893,-4673.776924019909,-12427.68950169811,178822.13161834772,180487.5708472234,187219.54745737254
2026-09-02 07:30:00,0.009490878327771854,0.009490878327771854,0.009490852129077888,0.009490852129077888,0.0010199331096084397,Reliable,-2909.085332891101,-4723.486040654393,-12477.314199897728,178790.98711928132,180456.4240358615,187188.38513211434
2026-09-02 07:45:00,0.009490848981964128,0.009539314319102812,0.009490839987784161,0.009539314319102812,0.10422345808124467,Very Thin,-3110.7294589791077,-4771.4971738822915,-12676.670451025791,3558.364660283191,5228.04818982135,11988.501109079087
2026-09-02 08:00:00,0.009539428560138648,0.009539428560138648,0.009539414782890492,0.009539414782890492,0.00143036005606354,Reliable,-43677.58969942866,-45338.04148842868,-53243.52585393678,44809.515065818116,46479.20738751285,53239.71929603355
2026-09-02 08:15:00,0.009539397516479465,0.009539397516479465,0.009528682780121844,0.009528682780121844,0.004535985168050027,Reliable,-2300.053901375467,-3994.2444157093532,-11866.50367970399,2650.5509226603967,4319.303764014945,11073.51241207041
2026-09-02 08:30:00,0.009527506485508933,0.009527506485508933,0.009464700327766749,0.009464700327766749,0.08213116918803376,Thin,-2063.2486965812313,-3962.7274781414267,-11632.828777820885,2376.8940687585673,4040.0348680218744,10756.5906120941
2026-09-02 08:45:00,0.009464689389380604,0.009464689389380604,0.00946454255273371,0.00946454255273371,0.001189504175219458,Reliable,-40544.13309990266,-42444.12478351374,-50113.72121679579,99578.01822650312,101241.14516356376,107957.60790188563
2026-09-02 09:00:00,0.009464507159381186,0.009464507159381186,0.009464495538464958,0.009464495538464958,0.0007981270667585694,Reliable,-36754.84494172933,-38654.989460525416,-46324.43545283986,89812.98739565263,91476.110201991,98192.54522603567
2026-09-02 09:15:00,0.009464488620242092,0.009464488620242092,0.009464474909464253,0.009464474909464253,0.0008060778562490433,Reliable,-40642.653276240766,-42542.86485619177,-50212.24483785109,99483.00924061977,101146.13023446953,107862.55309797489
2026-09-02 09:30:00,0.009464469117865543,0.009464469117865543,0.009176915562280426,0.009267115984421478,0.16083097538570695,Very Thin,-42541.91664979538,-44264.23076312726,-51407.379976314645,63943.09689733401,65578.22167333696,72188.2555990711
2026-09-02 09:45:00,0.009267464313303104,0.009361871302049183,0.009267464313303104,0.009361839167072098,0.16018910363897243,Very Thin,-41822.934484329075,-43745.64752537516,-51058.85063256089,67359.39210347566,69010.81976730993,75669.22622698532
2026-09-02 10:00:00,0.009361825854265347,0.009444505318009333,0.009361825854265347,0.009444505318009333,0.09487049262490502,Thin,-1995.5989984767066,-3950.745926899252,-11556.250517972227,2030.1887666554153,3691.554280963771,10396.199096203838
2026-09-02 10:15:00,0.009444489054525365,0.009444489054525365,0.009444459607876043,0.009444459607876043,0.0013437039617991697,Reliable,-46065.51285669471,-48020.625950793474,-55625.98438980412,46760.076992766866,48421.438486677725,55126.05632784342
2026-09-02 10:30:00,0.00944459772336006,0.009454403492796913,0.00944459772336006,0.00945435985382894,0.0404048645436782,Thin,-24397.457315967633,-26330.54176237985,-33967.561093442455,36988.891651699625,38651.12368664367,45361.58225341394
2026-09-02 10:45:00,0.009454350332944129,0.009454350332944129,0.009454309309901127,0.009454309309901127,0.0015094979533215591,Reliable,-42631.064728731726,-44564.31339069546,-52201.171051268946,65171.56489239101,66833.79248410201,73544.22123986509
2026-09-02 11:00:00,0.009454303991075424,0.009454303991075424,0.009454254498747525,0.009454254498747525,0.000949777153886,Reliable,-42691.276974633336,-44624.703715696836,-52261.38605694033,65110.88314237567,66773.10591571545,73483.50234355469
2026-09-02 11:15:00,0.009454251582733816,0.009454251582733816,0.009291417639984053,0.009291417639984053,0.16056852159082183,Very Thin,-2350.8996026670857,-4172.446291322031,-11311.269078793084,1626.8515806161708,3266.8009403780566,9888.634451844893
2026-09-02 11:30:00,0.009290668573834928,0.009320434894393352,0.009286518564935089,0.009320009404327353,0.16041500560776806,Very Thin,-4476.012028244838,-6393.593802037596,-13548.161696195684,2086.3038430823453,3731.68464367138,10367.617831218071
2026-09-02 11:45:00,0.009320157151640505,0.009321694103704554,0.009320157151640505,0.009321674567566753,0.003212959365459156,Reliable,-43648.81185743953,-45566.59804574572,-52727.475498072556,11650.699901712798,13296.321675444528,19933.150443855535
2026-09-02 12:00:00,0.009321851867040126,0.009360054748542183,0.009321851867040126,0.009359860032394878,0.09500666141057397,Thin,-42359.73492924214,-44282.20536415075,-51587.8964358967,62524.83220090069,64281.98664251565,71353.0938070865
2026-09-02 12:15:00,0.00935985822825733,0.00935985822825733,0.009353758022691177,0.009356398948770786,0.02864804414685662,Moderate,-44249.25445974953,-46171.300586717414,-53463.85623013126,56409.32173999512,58165.95670928399,65233.70657526655
2026-09-02 12:30:00,0.009356393346961927,0.009411250347169818,0.009356393346961927,0.009411250347169818,0.06280049968481802,Thin,-3162.3887595584106,-5092.936203194441,-12592.182506704796,2006.631658903981,3771.372890724496,10892.37161211355
2026-09-02 12:45:00,0.00941124013771471,0.00941124013771471,0.009409924063055486,0.009409924063055486,0.012391155828632122,Moderate,-43883.87285602183,-45439.137637560016,-52934.149032702066,8660.201231242461,10424.81811025959,17544.459755678385
2026-09-02 13:00:00,0.009409912487233678,0.009409912487233678,0.009409897866614813,0.009409897866614813,0.001972243230340509,Reliable,-44765.90311519957,-46321.14957397429,-53816.07732449376,8784.774918399662,10549.389341142263,17669.004180964035
2026-09-02 13:15:00,0.009409859551980707,0.009409859551980707,0.009394367527689542,0.009394367527689542,0.008231541218073124,Reliable,-7925.851478817786,-9478.866001270966,-16915.624492287025,183969.72014833306,185732.04855958142,192836.5945813806
2026-09-02 13:30:00,0.009394364620687075,0.009394364620687075,0.009394303012620724,0.009394303012620724,0.0007172538896517144,Reliable,-8100.872389633224,-9653.881579475637,-17090.394849109358,185387.7655076458,187150.0842545367,194254.56781654357
2026-09-02 13:45:00,0.009394254374577698,0.009394254374577698,0.009387813164517016,0.009387813164517016,0.017491418513778667,Moderate,-21311.637209371132,-22864.109875375,-30108.884673287488,180139.4407655007,181900.78716350268,188998.9865302057
2026-09-02 14:00:00,0.009387808058551423,0.009387808058551423,0.009387791155365862,0.009387794292488726,0.0007559564445691613,Reliable,-21351.51437172484,-22903.98547728414,-30148.688898349257,180100.1855647236,181861.52913471247,188959.71022424437
2026-09-02 14:15:00,0.009387792001786183,0.009387792001786183,0.009387654039826266,0.009387654039826266,0.0008423677803329532,Reliable,-13665.747662264126,-15218.207170902297,-22462.380137109634,107785.79882225995,109547.12137500309,116645.16663214173
2026-09-02 14:30:00,0.009387638602026951,0.009387638602026951,0.009385974054282082,0.009385987975259562,0.0014248730206008566,Reliable,-25430.653960296175,-26982.97570221776,-34220.84762439739,178303.2670887052,180064.33996509804,187160.7715885238
2026-09-02 14:45:00,0.009385985231057796,0.009385985231057796,0.009385975584958312,0.009385975584958312,0.0008265053979854553,Reliable,-25455.876225500837,-27006.965686809093,-34244.163867816,178276.80049132401,180037.87151082396,187134.2911333333
2026-09-02 15:00:00,0.00938597268854743,0.00939170189262624,0.009385940500780014,0.009391696552189258,0.0009199612555153003,Reliable,-7722.013332165442,-9273.575433750962,-16532.442697987946,98505.26692452916,100267.19519588536,107369.15515288846
2026-09-02 15:15:00,0.009391694628908221,0.009472502939038677,0.009381458679657291,0.009382837265811869,0.11202397570099767,Very Thin,-31434.75252725228,-32985.58265373255,-40210.89617968189,167545.06598587392,169305.6666365262,176399.04631140214
2026-09-02 15:30:00,0.009382835536600805,0.009382835536600805,0.00938280500303063,0.00938280500303063,0.0008091975306370625,Reliable,-31765.45818343289,-33316.2856436548,-40541.47700031232,168953.76719470505,170714.36300942814,177807.7114301691
2026-09-02 15:45:00,0.009382803342136361,0.009382803342136361,0.009382747277424516,0.009382747277424516,0.0006643700393792473,Reliable,-30188.637549026982,-31739.460238682284,-38964.4330065301,159365.87861473518,161126.46577683746,168219.75827654058
2026-09-02 16:00:00,0.00938274565316271,0.00938274565316271,0.00938271292332687,0.00938271292332687,0.0005259284343139159,Reliable,-31931.09650977892,-33481.916360331685,-40706.75904021432,168774.06805229673,170534.6500649735,177627.90928444557
2026-09-02 16:15:00,0.009382711823718585,0.009382711823718585,0.009382700520921525,0.009382700520921525,0.0007165010456570809,Reliable,-31676.554315223977,-33227.37314081184,-40452.16885680419,167189.7174039163,168950.29755756177,176043.5447622974
2026-09-02 16:30:00,0.009382677762361588,0.009382677762361588,0.009382409290839755,0.009382409290839755,0.0018399307837296819,Reliable,-32631.376076546916,-34182.17083397885,-41405.86376312659,168472.226684116,170232.76318411555,177325.72825962765
2026-09-02 16:45:00,0.009382404538939697,0.009382404538939697,0.009323727852393757,0.009323727852393757,0.02645008073748203,Moderate,-25653.548565866953,-27212.333710705407,-34214.09951837921,8333.8183436217,10085.544982277737,17121.572789784812
2026-09-02 17:00:00,0.009323427637054986,0.009323427637054986,0.009276126390782034,0.009276126390782034,0.0261812235930736,Moderate,-38844.20679621459,-40419.88629241872,-47242.038579512846,87945.81436192874,89688.26601507993,96680.0836307367
2026-09-02 17:15:00,0.009276145250865972,0.009276145250865972,0.009251690265994063,0.009251690265994063,0.07146015041736845,Thin,-3263.5189946866944,-4864.1400609724415,-11594.231828074902,2137.506743875397,3874.9639971631964,10844.266184776186
2026-09-02 17:30:00,0.00925167568183295,0.00925167568183295,0.009242765959667049,0.009242765959667049,0.026402997647309467,Moderate,-50879.929448750285,-52501.310459149354,-59197.805264234266,27100.017294683035,28835.648901416134,35796.72082818486
2026-09-02 17:45:00,0.00924275661361191,0.00924275661361191,0.00924275661361191,0.00924275661361191,0.0017465280845463393,Reliable,-39759.83907844148,-41382.957017304965,-48079.41664454872,21243.461006438796,22986.580428643265,29947.643734119607
2026-09-02 18:00:00,0.009242686225177882,0.009242686225177882,0.00923939220994271,0.00923939220994271,0.005351963484305643,Reliable,-50988.599262259835,-52619.87628879338,-59303.673489622786,23527.08303361963,25269.177861576958,32227.13738105526
2026-09-02 18:15:00,0.009239382469383543,0.009239382469383543,0.009239257476129923,0.009239257476129923,0.002792826692804118,Reliable,-50998.264052363214,-52629.8677915831,-59313.15794072966,23383.055991616457,25125.109783903805,32082.94499472205
2026-09-02 18:30:00,0.009239215546414136,0.009239215546414136,0.009239143512071646,0.009239143512071646,0.0027524650307455103,Reliable,-51066.54476505588,-52698.42485090363,-59380.5606672145,23288.159022712163,25030.1781049081,31987.908169034363
2026-09-02 18:45:00,0.009239134741326593,0.009240811383174731,0.009239134741326593,0.009240778280561478,0.0030396504784825362,Reliable,-40627.1836636502,-42255.09949349414,-48943.342179276246,20132.78433354587,21875.301297527927,28834.539586515646
2026-09-02 19:00:00,0.009240793695050336,0.009282117655538822,0.009240793695050336,0.009282111674183718,0.029986486959291434,Moderate,-39268.540997774086,-40842.099750603644,-47684.892587892995,125335.8742579124,127090.96503514382,134088.29296363026
2026-09-02 19:15:00,0.009282107693678576,0.009282107693678576,0.009282099222526397,0.009282099222526397,0.0008421066980479398,Reliable,-39292.201468848914,-40865.76463467806,-47708.51087209815,125321.40042131286,127076.48741491167,134073.80388170396
2026-09-02 19:30:00,0.009282096104720194,0.009282096104720194,0.009282091758465246,0.009282091758465246,0.0005775632652833095,Reliable,-41955.30349851425,-43528.869309683876,-50371.58761314195,134201.9972978796,135945.66718888056,142942.9767850347
2026-09-02 19:45:00,0.009282080729626614,0.009282080729626614,0.00928207996390517,0.00928207996390517,0.0005775699005910572,Reliable,-41977.166781236665,-43550.736772517084,-50393.41093530527,134167.87168316916,135911.5391658902,142908.8379051938
2026-09-02 20:00:00,0.009282077009243347,0.009282077009243347,0.009282073891279627,0.009282073891279627,0.0005775700822473695,Reliable,-41988.42344996965,-43561.99559344809,-50404.64702968644,134156.5871648906,135900.2534076681,142897.5465571388
2026-09-02 20:15:00,0.009282065307325914,0.009282065307325914,0.009282036765851003,0.009282036765851003,0.0006148805647858468,Reliable,-42057.56439842915,-43631.14969950134,-50473.66219549062,134088.670272777,135832.32893506228,142829.58791065193
2026-09-02 20:30:00,0.009282028756793901,0.009282028756793901,0.00928202696662198,0.00928202696662198,0.001002470504445685,Reliable,-39395.074133357484,-40968.66290736015,-47811.13873021217,125168.33737233774,126911.99403375523,133909.24398916322
2026-09-02 20:45:00,0.009281975797701784,0.009281975797701784,0.009281527734599223,0.009281527734599223,0.0010490530661602104,Reliable,-21276.532175480315,-22850.29787799131,-29690.905369888093,63726.30060762975,65469.85533133856,72466.64573781015
2026-09-02 21:00:00,0.009281526435925225,0.009281526435925225,0.009281506615479489,0.009281506615479489,0.0008579532940632628,Reliable,-42229.91718911224,-43803.69037611294,-50644.218832492836,131090.97750299663,132834.52791435213,139831.2988801537
2026-09-02 21:15:00,0.009281503449521535,0.009281503449521535,0.009263416404519236,0.009266354635384383,0.0027960921083631796,Reliable,-45498.85991431042,-47077.99962518911,-53861.842422574104,66837.2549094982,68577.71014369553,75560.52763350525
2026-09-02 21:30:00,0.009266349717009409,0.00926801185624448,0.009266349717009409,0.00926801185624448,0.004111601064415327,Reliable,-11073.190714701454,-12651.743787685233,-19441.784664999203,16320.031713450098,18060.825600331562,25045.16978210627
2026-09-02 21:45:00,0.009268007076754682,0.009268007076754682,0.009268007076754682,0.009268007076754682,0.0008881087434597923,Reliable,-44794.115972937514,-46372.670737919645,-53162.69373908775,70755.28070372963,72496.07361396706,79480.41339289867
2026-09-02 22:00:00,0.009268002297268586,0.009268002297268586,0.00926794651057613,0.00926794651057613,0.0008881113787658768,Reliable,-44866.97525414125,-46445.551460241826,-53235.34793340188,70682.12466387986,72422.90519796315,79407.1891835231
2026-09-02 22:15:00,0.009267944975022762,0.009267944975022762,0.009267944975022762,0.009267944975022762,0.000888111719707485,Reliable,-44868.82247556203,-46447.39922526471,-53237.18995519667,70680.26991311427,72421.05013342052,79405.3327044312
2026-09-02 22:30:00,0.009268710889227719,0.00930990863783079,0.009268710889227719,0.00930975459344069,0.043025541568952844,Thin,-48094.62372790209,-49658.3747647027,-56604.681996423235,5799.942327830463,7549.2563688544005,14572.010554386008
2026-09-02 22:45:00,0.009309742352934292,0.009309742352934292,0.009309603548462497,0.009309603548462497,0.0026800578745933556,Reliable,-48172.688349792894,-49736.4930358214,-56682.23431454145,5718.904196054481,7468.187441600987,14490.802796967731
2026-09-02 23:00:00,0.009309590056167395,0.009309590056167395,0.009309590056167395,0.009309590056167395,0.0024857358398773233,Reliable,-38591.68012526542,-40155.489603551905,-47101.18032794062,5040.040174798141,6789.320669485205,13811.923623606612
2026-09-02 23:15:00,0.009309542313016202,0.009309542313016202,0.009309542313016202,0.009309542313016202,0.0019797804489196658,Reliable,-48203.67097727849,-49767.49741316501,-56713.009248796305,5686.006112565893,7435.276873185213,14457.835944816681
2026-09-02 23:30:00,0.009309520438075756,0.009309520438075756,0.009309520438075756,0.009309520438075756,0.004041828276584836,Reliable,-38617.34210296689,-40181.17630845932,-47126.60618102451,5010.194153251037,6759.460453910236,13781.999419440113
2026-09-02 23:45:00,0.009309443924792387,0.009309443924792387,0.009309433176330801,0.009309433176330801,0.0019800463037046743,Reliable,-48255.48391510262,-49819.34911434535,-56764.45202723723,5627.146922011361,7376.395431305863,14398.85419096471
2026-09-03 00:00:00,0.009309348276024667,0.009309348276024667,0.009306937199119994,0.009306937199119994,0.023628283972444864,Moderate,-33907.527608375036,-35486.1466323722,-42397.42782115619,3704.130796009844,5467.80678980454,12504.459174470492
2026-09-03 00:15:00,0.009306780620041496,0.009306780620041496,0.009303691277420418,0.009303691277420418,0.020485185689071286,Moderate,-5166.407275483429,-6746.176392335655,-13645.710753487521,2476.689911408154,4239.7013574419725,11273.170350472776
2026-09-03 00:30:00,0.009303653362976377,0.009303653362976377,0.009235117155244495,0.009235117155244495,0.07191547584819498,Thin,-6724.982624397979,-8328.979278908573,-14980.729434464418,3404.952672229411,5153.8975302115105,12119.983166657415
2026-09-03 00:45:00,0.00922941919195765,0.00922941919195765,0.009074420696014492,0.009120053062430286,0.1507787874416075,Very Thin,-3709.1040523949664,-5522.868218027753,-11765.01912802685,1736.5474184988448,3464.5224554637816,10316.977493833914
2026-09-03 01:00:00,0.009116043733067342,0.009116043733067342,0.009033189130702921,0.009034386448974332,0.16614998538832393,Very Thin,-33308.051616153345,-36235.14014486891,-44366.98205141199,3943.5533709499045,5565.311621586474,11712.521854367165
2026-09-03 01:15:00,0.009034371615291376,0.009034371615291376,0.00903208434723115,0.00903208434723115,0.004954710668454567,Reliable,-42078.778845163106,-44767.488082094605,-52897.76335488438,3440.4744232359753,5059.273054125882,11204.414287622643
2026-09-03 01:30:00,0.009032083812405979,0.009032083812405979,0.007737727163719323,0.008856614256412099,0.2026578193774367,Very Thin,-2190.3954281618703,-4858.774604695112,-13105.679766022808,1613.5766490457167,3123.656424738313,9122.853689079542
2026-09-03 01:45:00,0.008852821885308124,0.0089045057949945,0.007665927465474772,0.008776956778517413,0.18404207367405565,Very Thin,-4374.478604360616,-6880.66954428547,-15317.401241642261,2069.3272092425054,3569.1500500576426,9506.620715175486
2026-09-03 02:00:00,0.008773421135831062,0.008773421135831062,0.008601526433613763,0.008708761255191978,0.17574928716477084,Very Thin,-2152.291564527299,-3899.012554218737,-12367.882962601343,1483.56992203417,2977.2729335942163,8861.67595757918
2026-09-03 02:15:00,0.008708740136488927,0.008708740136488927,0.008517230250352384,0.008656800724176699,0.17937890617868013,Very Thin,-22720.672868725123,-24378.660564715068,-32769.36812737463,81391.87630909683,82881.09927935028,88724.91880149706
2026-09-03 02:30:00,0.008656800221569587,0.00867570133462248,0.00865679964705981,0.008675640200318266,0.11135164786525449,Very Thin,-37314.085747354846,-38974.98601492048,-47422.56266059779,1921.003354296834,3411.8522154301295,9270.401347238703
2026-09-03 02:45:00,0.008675617526683872,0.008675617526683872,0.008675454288397588,0.008675454288397588,0.003185086237895218,Reliable,-37828.28270660135,-39248.079465411334,-47486.341144629754,2462.058767048909,3952.8915921775865,9811.29544726946
2026-09-03 03:00:00,0.008675452621813101,0.008900785715137126,0.007794577724005724,0.00866819586555664,0.20293836933123088,Very Thin,-2718.923699272221,-4137.699267031798,-12345.90242853204,3463.0372630486327,4953.2438718389685,10805.974577310617
2026-09-03 03:15:00,0.007923184067921115,0.00865859529702889,0.006678004711810261,0.007539965752435441,0.20702238297833833,Very Thin,-1636.876727468778,-3480.533426260241,-8478.829615627452,1278.1794221627279,2572.810226640915,7930.081419296693
2026-09-03 03:30:00,0.007639062977278686,0.008201378948165245,0.007638979914171863,0.008201378948165245,0.1838795815081078,Very Thin,-1397.3675908166758,-2746.5343559584776,-9670.938354709837,1466.6094069406731,3539.182037653825,9751.654686653677
2026-09-03 03:45:00,0.008192883545399715,0.008194760272212132,0.00799537009797265,0.008194760272212132,0.18488165669327156,Very Thin,-1747.3443430428558,-3168.210121733525,-10327.356351232722,1686.399244526999,3835.506742711388,10336.082983891167
2026-09-03 04:00:00,0.008195252996178438,0.008374234214713056,0.008195252996178438,0.008199807579689869,0.17320701254898727,Very Thin,-32511.80848356819,-33933.4297619691,-41113.12266707096,19888.24109739574,22038.045908698212,28557.450089606016
2026-09-03 04:15:00,0.008199786432553645,0.008199786432553645,0.008188437894519916,0.008188437894519916,0.05449647418434664,Thin,-33180.36377571799,-34600.28314548098,-41733.6991300327,11199.162269756749,13347.395993862036,19824.37972649557
2026-09-03 04:45:00,0.008188426388024774,0.008188426388024774,0.008188095131832848,0.008188095131832848,0.0035806284207115183,Reliable,-24428.189072915204,-25848.05713221647,-32980.07839493965,8382.993453185834,10531.179796685168,17006.884219966585
2026-09-03 05:00:00,0.008188087216873153,0.008188087216873153,0.008176114824673444,0.008176114824673444,0.13210084849259957,Very Thin,-33461.55308954713,-34879.81154087989,-41962.91473228185,4475.110438198862,6621.610202807354,13052.613023629277
2026-09-03 05:15:00,0.008175927913112816,0.00817932807767949,0.008175911638998279,0.008176774047257003,0.022029332428759128,Moderate,-9571.291484466456,-10989.610476946998,-18075.432714487197,2416.3945422072443,4562.99055118211,10996.450544488303
2026-09-03 05:30:00,0.008176765687937721,0.008176788622011856,0.008176638551790466,0.008176788622011856,0.004404721993433514,Reliable,-24278.57936117118,-25696.899692131734,-32782.78204605258,3754.532067383783,5181.440778274077,11077.941872202702
2026-09-03 05:45:00,0.008176787053349158,0.008190751227595808,0.008105485630488,0.008190751227595808,0.17420463158441857,Very Thin,-27916.027630345183,-29347.57818786446,-36517.83497992882,10833.85627034117,12261.843701067348,18163.44980299421
2026-09-03 06:00:00,0.008190649928316434,0.008191387219626037,0.008190636041036032,0.008191046456835094,0.0033059321970021482,Reliable,-32993.97131863038,-34425.56663573894,-41597.008754015515,12836.139069073768,14264.154317223749,20165.868752996594
2026-09-03 06:15:00,0.008191017846473027,0.00849897805706417,0.008187719601225248,0.00841020197028971,0.16978386961351793,Very Thin,-1505.8985835155258,-3456.4871125843497,-10991.600972348999,1538.189787747632,3078.118247690994,9060.168595151967
2026-09-03 06:30:00,0.008408343719678451,0.008408343719678451,0.008306967889809619,0.008308659144145044,0.16916140835921759,Very Thin,-1778.3445136343903,-3502.5997906585453,-10872.633932621555,2154.567028383594,3638.317200849538,9583.035196353458
2026-09-03 06:45:00,0.00831830967305197,0.00831830967305197,0.00831806413614979,0.00831806413614979,0.0027417898408604886,Reliable,-15391.859280826238,-17172.40428352681,-24525.50359064934,58160.46307894916,59649.47258784885,65597.61621519293
2026-09-03 07:00:00,0.008318048507664676,0.008329087942161499,0.008318048507664676,0.008327996814051062,0.08090503676941715,Thin,-1528.2790878128387,-3368.3053874206657,-10703.504195207937,1906.6166319057982,3401.177335645534,9352.936694752418
2026-09-03 07:15:00,0.008332027237688387,0.008439524149382096,0.008331212432677636,0.00843390282416927,0.1079487706405966,Very Thin,-19891.52787018146,-21845.862071810767,-29460.358508842914,5761.701627000423,7312.452361624775,13305.425126157532
2026-09-03 07:30:00,0.00843503178487115,0.008439841946077789,0.008434084387184265,0.008439014149564062,0.08265138026601127,Thin,-1976.8686680363269,-3932.23066598001,-11562.910710936949,1695.6366661033242,3246.8572419863594,9244.045618117938
2026-09-03 07:45:00,0.008438970073000356,0.008438970073000356,0.008206231643850367,0.008206231643850367,0.10645565048414439,Very Thin,-1827.368582194927,-3265.990509153204,-10498.422670672813,1788.8534402759724,3218.2988089149817,9125.582791816121
2026-09-03 08:00:00,0.008206071038208359,0.008240859499827294,0.008206071038208359,0.008240335676226146,0.12874948141011386,Very Thin,-10088.920664887206,-11532.128078828307,-18901.696692822763,56178.42133773406,57624.37011026331,63544.14384774709
2026-09-03 08:15:00,0.008240526517007265,0.00849292218957069,0.008240526517007265,0.008473129037091088,0.17067626940883757,Very Thin,-25557.0923851954,-27460.286999727155,-35199.071998823376,46122.05205822885,47680.88592519428,53706.95445008092
2026-09-03 08:30:00,0.008473122541736482,0.008473122541736482,0.008429179104786645,0.008429179104786645,0.060767652099187164,Thin,-32672.94279708488,-34626.32710086168,-42225.87029434731,6221.0025242985175,7775.211149453717,13764.28786155622
2026-09-03 08:45:00,0.008429169329678982,0.008429169329678982,0.008344067540816761,0.008344067540816761,0.10377747294229975,Very Thin,-4109.304474164709,-6045.641787063583,-13348.464957796854,1872.305721786128,3378.207594666011,9335.81251820289
2026-09-03 09:00:00,0.008343901136369116,0.008343901136369116,0.008284052810081722,0.008284052810081722,0.004482398392190512,Reliable,-23254.998620837727,-24832.93192261777,-32247.205047573076,15643.742104929608,17115.003469835447,23050.749782316725
2026-09-03 09:15:00,0.008284052825782227,0.008285908889511999,0.008250445734824407,0.008250445734824407,0.04488454695137578,Thin,-2295.702675545504,-3739.677880497377,-11149.94277706252,61903.03379261428,63354.84233201496,69278.31365860494
2026-09-03 09:30:00,0.008250443536849138,0.008250443536849138,0.008250175152444295,0.008250175152444295,0.012914897025073518,Moderate,-1724.412084897636,-3180.143762721653,-10572.292406350567,14586.169583091609,16050.506230915791,22026.369574425196
2026-09-03 09:45:00,0.008251466219711241,0.008346731054062672,0.008251462167384012,0.00834667560843694,0.05869869941725095,Thin,-10345.797660776805,-12297.11400429578,-19248.049543128403,3267.76917758881,4787.922623375238,10799.2825534203
2026-09-03 10:00:00,0.008348888014519131,0.008348888014519131,0.008348540046002424,0.008348540046002424,0.012240942977060998,Moderate,-29182.451438413373,-31134.14746385492,-38091.39523654534,7382.117810909126,8903.404489624074,14915.753589736076
2026-09-03 10:15:00,0.008348538680163255,0.008397619990261573,0.008348466600678414,0.008396339916929268,0.11077812942055738,Very Thin,-20779.120114742327,-22739.576508336784,-29859.080279976202,56458.04076561545,58015.868481933365,64046.048622186405
2026-09-03 10:30:00,0.00839633249141998,0.00839633249141998,0.00839629739634179,0.00839629739634179,0.0011583623773124385,Reliable,-25944.26763579007,-27904.717831004273,-35024.07711246572,70951.33825475247,72509.11905290789,78539.28335406704
2026-09-03 10:45:00,0.00839629370867067,0.008396542679727923,0.008388109306986222,0.008388109306986222,0.01703667646725804,Moderate,-20880.834142336433,-22840.090553974813,-29931.63082209196,36414.3995267065,37963.14318960832,43990.256645934234
2026-09-03 11:00:00,0.008388230719280656,0.008388230719280656,0.008274596970706309,0.008274596970706309,0.12737360017442798,Very Thin,-32835.608064796026,-34369.51926432734,-41453.46939051079,13668.652243958702,15147.218332414994,21132.373371898164
2026-09-03 11:15:00,0.008274561498728216,0.008274561498728216,0.008274468978392542,0.008274468978392542,0.0028270967860757334,Reliable,-32894.569161818814,-34427.72499559272,-41511.9247260747,13598.713396881298,15077.205333243193,21062.313235308582
2026-09-03 11:30:00,0.008274461263098616,0.008299812606495609,0.008256004678716464,0.008299812606495609,0.06671529820464396,Thin,-1865.1291994840499,-3548.275016844122,-10582.996752809551,1853.577372983178,3346.7409213272176,9341.175355693269
2026-09-03 11:45:00,0.00829975620999636,0.008300151991797101,0.008299524230157037,0.008300151991797101,0.0019110810264114874,Reliable,-22983.61917214467,-24668.794903820926,-31702.8533260514,31939.405283823115,33432.76515269984,39427.32438519931
2026-09-03 12:00:00,0.008300150408477496,0.008300150408477496,0.008300069688337606,0.008300069688337606,0.0019110533957767961,Reliable,-29101.36537058981,-30786.048829266143,-37820.26811179591,40494.22694554828,41987.539205604524,47982.0681738629
2026-09-03 12:15:00,0.008303749006448655,0.00847737897782767,0.008303749006448655,0.008401271519661888,0.1329484320773159,Very Thin,-14709.85319659063,-16671.028423750166,-23807.29224917608,54265.28990387034,55828.55845470219,61860.575365281176
2026-09-03 12:30:00,0.008401046687002242,0.008401407564272515,0.008400544917129715,0.008400544917129715,0.0017389577683698753,Reliable,-18179.15634065177,-20127.060970299568,-27212.550883622614,64628.83622961518,66191.31416808025,72223.09187319037
2026-09-03 12:45:00,0.00840052042013221,0.008400551730763824,0.00840050403817914,0.00840050403817914,0.0015499723888224182,Reliable,-22734.65387327896,-24694.658730047588,-31791.583048617947,81470.97870608192,83046.450952122,89096.29975486423
2026-09-03 13:00:00,0.008400497747862674,0.008400497747862674,0.008400469792653525,0.008400469792653525,0.001396944485987639,Reliable,-16175.25661682733,-18135.256484404414,-25232.066499427416,56773.48724319034,58348.92168473086,64398.755699185625
2026-09-03 13:15:00,0.008400309335973414,0.008400309335973414,0.008390857966732126,0.008390857966732126,0.003802448588004047,Reliable,-5089.297286681418,-7047.896576375114,-14112.63144930486,9441.247036990128,11006.067693680723,17051.749829307362
2026-09-03 13:30:00,0.008381481404857477,0.008381481404857477,0.008322134586135102,0.008322134586135102,0.0738885997985613,Thin,-16731.95683619448,-18551.35335049857,-25510.444752321626,87223.64912822327,88742.70579594809,94758.79312020428
2026-09-03 13:45:00,0.008322228079796412,0.008322485531027336,0.008322224498012913,0.00832224938014786,0.0009077922053639664,Reliable,-21366.4106717618,-23270.421107251117,-30476.670690628624,113949.60378369442,115559.13117256286,121704.11915006305
2026-09-03 14:00:00,0.008322231925336434,0.008322231925336434,0.00832160089820564,0.00832160089820564,0.0009077677070396639,Reliable,-8696.120076415806,-10596.286041558713,-17804.093982035807,37970.39134730388,39579.54008236191,45723.98308416376
2026-09-03 14:15:00,0.008321596959486135,0.008328694460132945,0.008321497252185861,0.008328694460132945,0.009193068337904634,Reliable,-2149.9115501757583,-4101.950567004445,-11328.700492689582,2666.549494392027,4279.839415553031,10430.242599786694
2026-09-03 14:30:00,0.008328703282643466,0.0085750141070469,0.008328703282643466,0.0085750141070469,0.006504979502711848,Reliable,-2139.575295476958,-3722.2354422737194,-11537.24693726538,1798.8287398093396,4052.513756389888,10478.789016652509
2026-09-03 14:45:00,0.00858300431510312,0.008659194925120916,0.00857812979491033,0.00857812979491033,0.1548227626110601,Very Thin,-2140.0343299770802,-3722.9819764275226,-11546.199496183872,1793.1428823569645,4053.4148410041544,10483.755193402014
2026-09-03 15:00:00,0.008576179954470796,0.008588596691753847,0.008559782264311585,0.008559782264311585,0.15504011269911722,Very Thin,-2137.330354006444,-3718.584232256622,-11493.492503584128,1826.6403993813483,4048.1062138604807,10454.497585098195
2026-09-03 15:15:00,0.008559726365377177,0.008559884116854986,0.008559726365377177,0.00855987672590433,0.017918983126919086,Moderate,-18721.017164361627,-20302.279767561984,-28077.43667058191,35313.756927756585,37535.42264070759,43941.93737809877
2026-09-03 15:30:00,0.008559872592919638,0.008559872592919638,0.008559858971761475,0.008559858971761475,0.0011325248839140877,Reliable,-32933.04289719882,-34514.303860540516,-42289.414032937806,63953.88719978235,66175.5153417167,72582.0068923783
2026-09-03 15:45:00,0.008559852430456425,0.008593184946675374,0.008559844830425432,0.008593184946675374,0.03493251609881645,Thin,-5761.512003693579,-7345.848127023037,-15210.546959068019,2275.140018578524,4567.223552110076,11017.196228819274
2026-09-03 16:00:00,0.008600231195415977,0.008662359405202033,0.008592020077396532,0.008662359405202033,0.0870736601968769,Thin,-1720.565796662152,-3307.5147956405135,-11401.268136487131,2123.0305250288216,4474.280164535739,11047.047372658553
2026-09-03 16:15:00,0.008662285953656628,0.008662285953656628,0.008657155900454381,0.008657155900454381,0.05060391356491373,Thin,-8593.531143639198,-10180.309116010092,-18256.78521315005,28690.060793899756,31042.960520518027,37606.26450521984
2026-09-03 16:30:00,0.008657136100030811,0.008657136100030811,0.00865705277637874,0.00865707541109368,0.0020349255670226727,Reliable,-8122.539092170575,-9709.314417204276,-17785.523294102928,26106.467776572645,28459.3930311238,35022.55061353528
2026-09-03 16:45:00,0.008657057723294819,0.008657058492743628,0.008656993355290906,0.008656993355290906,0.000931738447901953,Reliable,-23801.052787002165,-25387.843540770464,-33463.82653933842,87507.10884608496,89855.2987142625,96418.36321999655
2026-09-03 17:00:00,0.008656989028157753,0.008656989028157753,0.008654757856275713,0.008654757856275713,0.007955319772587632,Reliable,-24685.80896431432,-26272.526164927232,-34341.08799327051,78337.85356261702,80686.75248790665,87245.75035502673
2026-09-03 17:15:00,0.008654751419514401,0.008864129303133352,0.00865404910608364,0.008862720639180376,0.15246539774847126,Very Thin,-26791.61424359776,-29228.552530426183,-38002.57037426198,6379.436949248087,8421.709634596875,15902.653922557873
2026-09-03 17:30:00,0.008862694718388265,0.008862694718388265,0.00886219932927874,0.00886219932927874,0.004597616606577315,Reliable,-21010.246967539177,-23444.459617684024,-32220.234420015913,5238.809283449768,7278.095092083471,14758.316834163023
2026-09-03 17:45:00,0.008861432310878522,0.008861432310878522,0.00881864104174989,0.00881864104174989,0.0687093823504874,Thin,-23776.343109839803,-26056.090893758614,-34905.41443697781,42409.77295734443,44276.03584551952,51618.95165523727
2026-09-03 18:00:00,0.008818551030182675,0.008818551030182675,0.008818551030182675,0.008818551030182675,0.0012926208859753707,Reliable,-28986.6066444083,-31266.041774329722,-40115.51082106909,51745.60647024687,53611.51483408652,60954.14309266447
2026-09-03 18:15:00,0.00881854567350359,0.008818551303511266,0.008809563873339225,0.008809563873339225,0.045441046770544766,Thin,-2528.6308554568304,-4777.915199499715,-13644.730551392851,2746.525183558645,4578.1672896702385,11895.25189442168
2026-09-03 18:30:00,0.008809386096085486,0.008809462827861153,0.008809100102745023,0.00880927465747629,0.0033477241849259043,Reliable,-40320.59616626245,-42568.87638959875,-51436.16020451064,46791.68085310918,48617.61441061275,55933.773172984285
2026-09-03 18:45:00,0.008809111055943411,0.008809111055943411,0.008806603833373016,0.008806603833373016,0.00458564851146448,Reliable,-9101.7232946805,-11340.834348571005,-20212.443693446592,9363.01275398812,11193.547134960847,18501.155294784156
2026-09-03 19:00:00,0.008815270806776875,0.00882017798583837,0.008815270806776875,0.00882017798583837,0.006460321172957873,Reliable,-30285.909315293356,-32583.75424659238,-41405.21677247625,58078.99038918667,59898.702082785254,67266.64218150501
2026-09-03 19:15:00,0.008820337642368802,0.00882093599799755,0.008820337642368802,0.008820627812489986,0.0011452758860489355,Reliable,-39233.02426073544,-41532.45779340121,-50353.20596389463,77522.25360639785,79341.2169537883,86710.698952149
2026-09-03 19:30:00,0.008820686410596336,0.008820686410596336,0.008816036366910935,0.008816036366910935,0.0035854631754217436,Reliable,-12283.387254782887,-14566.869354745486,-23395.593893542067,18615.75802666655,20442.642890973624,27797.182639311566
2026-09-03 19:45:00,0.008815926654130902,0.008815926654130902,0.008811012671856015,0.008811012671856015,0.0030349533141862846,Reliable,-43570.040475512906,-45835.03098259711,-54669.74480696672,55033.303672313494,56867.734916214205,64202.84750757452
2026-09-03 20:00:00,0.00881003503550452,0.00881003503550452,0.008781899955034865,0.008781899955034865,0.042639641569452415,Thin,-3140.6818515520354,-5306.201251578495,-14191.252930619728,2203.7466792053583,4088.302621732285,11328.701383914316
2026-09-03 20:15:00,0.008780250758881059,0.008780250758881059,0.008729769064689105,0.008729769064689105,0.101564937303664,Very Thin,-3397.8068534686295,-5385.869046074729,-14169.11508903531,2837.878329493447,4961.872224419528,11882.775439504498
2026-09-03 20:30:00,0.008729854191330122,0.008729854191330122,0.008593718294640527,0.008593718294640527,0.1525547240215145,Very Thin,-22814.024155047227,-24951.71916601225,-33551.90502700496,3192.3190832183827,5507.615439680052,11967.269777882682
2026-09-03 20:45:00,0.008593672653611613,0.008593672653611613,0.00859322214458313,0.00859324780949093,0.00348546231855984,Reliable,-50110.05279551069,-52253.414001239005,-60860.758569548656,4754.634934034729,7071.410690542504,13540.52854736356
2026-09-03 21:00:00,0.008593247960287296,0.008593247960287296,0.008593242730076833,0.008593242730076833,0.0019345402443693427,Reliable,-50112.99723841946,-52256.39508276083,-60863.72693804946,4751.6271960411,7068.392499122206,13537.50317640279
2026-09-03 21:15:00,0.008592016800672442,0.008592016800672442,0.008575271827438476,0.008575271827438476,0.11473078658253906,Very Thin,-2223.6791839480848,-4496.633768096018,-13059.001239879815,3081.4149910417746,5361.176841449523,11804.873097727625
2026-09-03 21:30:00,0.00857527423836695,0.00857527423836695,0.008575173702864222,0.008575173702864222,0.0005915682044266513,Reliable,-27560.5409312922,-29834.896068009682,-38399.56225276698,143676.0975502281,145956.40424571402,152403.05278788134
2026-09-03 22:00:00,0.008575163177964897,0.008575163177964897,0.00857516057196867,0.00857516057196867,0.0006107645417817497,Reliable,-26874.466861216868,-29148.223076243074,-37710.31226755003,139709.37656147976,141988.90920772878,148432.4480438051
2026-09-03 22:15:00,0.008574932401774612,0.008574932401774612,0.008413275385618346,0.008413275385618346,0.12094518338098448,Very Thin,-7666.168713622004,-9942.675383160087,-18209.436150591446,98555.35927419932,100251.53247412958,106483.5149429257
2026-09-03 22:45:00,0.008413275763221595,0.008413275763221595,0.008413268464564591,0.008413268464564591,0.0007366883542447855,Reliable,-13980.587228284721,-16257.033938546258,-24523.825893064328,199486.09050175035,201182.25525409105,207414.23188566623
2026-09-03 23:00:00,0.008413268132116285,0.008413268132116285,0.008413251661935595,0.008413251661935595,0.0007056257058237758,Reliable,-13334.200261908543,-15610.501405782854,-23877.369074868926,188465.90922017425,190162.05346381525,196394.01592403284
2026-09-03 23:15:00,0.0084131867303038,0.0084131867303038,0.008413015191640689,0.008413022313109243,0.0008918579365700729,Reliable,-14919.39990650757,-17193.714144433034,-25461.615276354794,199565.1999356316,201261.0642420906,207492.83326781628
2026-09-03 23:30:00,0.008413016082163688,0.008413016082163688,0.008325028750740555,0.008325044583125447,0.08533212780059944,Thin,-20694.400624237143,-22352.34841567524,-30866.92239728609,148605.23403308896,150222.18911797088,156379.7015561123
2026-09-03 23:45:00,0.008325035034190994,0.00832503973398724,0.008324997340590251,0.00832503973398724,0.0007647711365837307,Reliable,-24074.062501341916,-25732.00424830269,-34246.56209297912,174126.9480347739,175743.8997423913,181901.40810276152
2026-09-04 00:00:00,0.008324994548662762,0.008324994548662762,0.008282675281572758,0.008282675281572758,0.07837914323517914,Thin,-3328.963217885107,-4934.323223677718,-13308.025450170775,2902.0268389174257,4490.884804876986,10612.722310285119
2026-09-04 00:15:00,0.008282147400819485,0.008282147400819485,0.008281619570529832,0.008281651687016823,0.0438327242959252,Thin,-42823.464143860154,-44427.56458618771,-52797.86660033057,25522.63682077408,27110.89551633026,33231.870028127654
2026-09-04 00:30:00,0.008281832251297777,0.008281832251297777,0.008281832251297777,0.008281832251297777,0.0012897380629266486,Reliable,-50761.57305173461,-52365.89567900229,-60736.797487297416,30071.994078146457,31660.35848898069,37781.485238580935
2026-09-04 01:00:00,0.008281832991935462,0.008281832991935462,0.008281832991935462,0.008281832991935462,0.0012808123546630412,Reliable,-50760.88506020168,-52365.20859883068,-60736.112867367876,30072.686776145958,31661.05162060022,37782.17899464533
2026-09-04 01:15:00,0.00828183027362493,0.00828183027362493,0.00828183027362493,0.00828183027362493,0.0012807638017373613,Reliable,-50770.70516829814,-52382.058266307955,-60777.79988557043,30077.622971314293,31673.561287278913,37826.032500448666
2026-09-04 01:30:00,0.0082818136083146,0.008282073164673505,0.0082818136083146,0.008282073164673505,0.003118094087368739,Reliable,-42755.62062627067,-44367.27270883197,-52763.81338556227,25735.452266668617,27331.53289775024,33484.20935488717
2026-09-04 01:45:00,0.008282068085948169,0.00829396536759521,0.00828206259543955,0.00829396536759521,0.0023852580377453857,Reliable,-7318.112341505294,-8944.40753566036,-17380.0808196879,7522.66366658019,9125.70964590863,15288.431386616092
2026-09-04 02:00:00,0.008294286628987324,0.008296265356393476,0.008292147714495355,0.008292147714495355,0.002423976410346551,Reliable,-36822.8234540888,-38446.87996287568,-46876.57080220134,35514.97663291251,37116.95832327275,43278.145168077215
2026-09-04 02:15:00,0.00829225789425633,0.008536095532272197,0.00829225789425633,0.008536095532272197,0.12320145773119517,Very Thin,-1756.1398298180766,-4230.112598666578,-12711.19205022161,1942.8723327613793,4107.999639251643,10528.02405735953
2026-09-04 02:30:00,0.008536114507749932,0.008536596380941347,0.008535586314015622,0.008535586314015622,0.0030070192276580253,Reliable,-48390.014169244496,-50863.89441648032,-59343.71851298738,31131.13413418827,33293.39977238728,39712.70106627975
2026-09-04 03:00:00,0.008535663115551451,0.008537278684897674,0.008535663115551451,0.008537278684897674,0.0026103831972505986,Reliable,-24140.727068218825,-26614.91480178739,-35098.911117670934,17116.492201060388,19021.594005429233,25443.298496666946
2026-09-04 03:30:00,0.0085377254415127,0.008537906171942305,0.0085377254415127,0.00853789133529893,0.0020978124547809786,Reliable,-39323.852251418546,-41798.15129277404,-50283.65804286571,28206.074889930238,30111.266433876237,36533.840841071746
2026-09-04 03:45:00,0.008538332061601301,0.008614858966336889,0.008538332061601301,0.00861482769837071,0.06167172007840518,Thin,-40670.98561772302,-42664.8075598643,-51341.20193439938,18906.66790539543,20961.833381708137,27501.458143148735
2026-09-04 04:00:00,0.008614570881258225,0.008614570881258225,0.008493743527116161,0.008493743527116161,0.1518095320118343,Very Thin,-1703.3837923529309,-4169.6558536917055,-12546.40320659508,1971.0662514579192,3784.9086337311624,10146.924025459668
2026-09-04 04:15:00,0.008494144811561506,0.008494144811561506,0.008494144811561506,0.008494144811561506,0.0009179074241747465,Reliable,-12737.790171416771,-15204.13525039025,-23581.870418745166,98997.65287580492,100812.35068297746,107174.8932048685
2026-09-04 04:30:00,0.008494143310281095,0.008701525318553689,0.0084941421071605,0.008692358934378313,0.12249974484736037,Very Thin,-31064.63251638108,-33071.544532090425,-42069.299781428344,9330.466534097211,11522.60637751186,18628.607960046393
2026-09-04 04:45:00,0.008692174078902154,0.008692174078902154,0.008625337389099926,0.008630104380323725,0.1401129128749108,Very Thin,-2310.465949407651,-4296.11532691105,-13196.33971512493,2019.7236720889066,4232.558973068892,11172.571832634969
2026-09-04 05:00:00,0.008629951437714207,0.008629951437714207,0.008602845190861104,0.008602845190861104,0.08512112076703908,Thin,-2682.034698975189,-4659.495021929385,-13506.367538353257,2058.963210472708,4229.765907294474,11100.804186762489
2026-09-04 05:15:00,0.0086030079296779,0.00875835697309998,0.0086030079296779,0.00875830311536735,0.0635478729069919,Thin,-7363.989712849084,-9595.567834869602,-18501.72974676364,131273.5820547907,133355.84779571104,140716.84661064405
2026-09-04 05:30:00,0.008758300039132211,0.008931147600526514,0.008758300039132211,0.008889958813843274,0.12090474609054816,Very Thin,-2080.5615277347706,-4767.821394418449,-13353.812105911255,2535.2144025403013,4501.414060602845,12322.536316969203
2026-09-04 05:45:00,0.008889915884437792,0.008889915884437792,0.008751245213750074,0.008751245213750074,0.12151473527733403,Very Thin,-2120.306679286657,-4329.917160262449,-13245.910877699975,2373.694810424045,4464.308519858288,11792.42564821968
2026-09-04 06:00:00,0.008751233446805803,0.008751233446805803,0.00871564159918235,0.00871564159918235,0.08206237387719062,Thin,-27363.98934305466,-29452.763456889155,-38418.24895631322,24631.11729163747,26780.630368888196,33971.75568217014
2026-09-04 06:15:00,0.008715424458635487,0.008715424458635487,0.008715424458635487,0.008715424458635487,0.0024963635887227387,Reliable,-22839.54565160894,-24927.583506065257,-33893.37030966701,20393.971424475894,22543.844949562423,29734.133914870003
2026-09-04 06:30:00,0.008715428431858472,0.008715428431858472,0.008698179162571484,0.008698179162571484,0.04681668643556453,Thin,-7266.215879679354,-9297.073570665387,-18288.24647210626,3898.7868819320274,6078.6654228037,13204.124694092969
2026-09-04 06:45:00,0.008698268616666416,0.00906080241231589,0.008698268616666416,0.008944945369382649,0.12065243298311312,Very Thin,-2248.586193161682,-4968.626810650074,-13417.612703322924,2334.502154499439,4582.598279812317,12512.035291998558
2026-09-04 07:00:00,0.008943816997405051,0.008943816997405051,0.008740203210253107,0.008740203210253107,0.1212646104550978,Very Thin,-18150.80947046727,-20324.189020039892,-29256.78261170605,51188.82111262846,53299.04859772008,60586.587412764085
2026-09-04 07:15:00,0.0087401206403106,0.0087401206403106,0.008666699379247647,0.008666699379247647,0.002692379033140125,Reliable,-2660.296838256554,-4645.655925682632,-13619.495410342593,1918.8551279023661,4125.158550015166,11154.868108318751
2026-09-04 07:30:00,0.008666444093968717,0.00877289899368579,0.00859662721007418,0.008769176091712115,0.08950981851335493,Thin,-17992.658233444443,-20264.482722851662,-29150.758467927655,3923.8975802242444,5986.27501935581,13385.33044741134
2026-09-04 07:45:00,0.008768678635784581,0.008768678635784581,0.008713497623039718,0.008713497623039718,0.08182015880943587,Thin,-8823.297435561037,-10906.06973703026,-19875.91792692288,2154.0393490240717,4308.476675307908,11493.061874789826
2026-09-04 08:00:00,0.008713405908033888,0.008713405908033888,0.008653535307177879,0.008653535307177879,0.1283788075613381,Very Thin,-18345.35732451777,-20329.98119734385,-29278.293464612878,51429.44616359706,53639.79718284465,60636.4316702893
2026-09-04 08:15:00,0.008653528651352181,0.008659514662394563,0.008653528651352181,0.008659514662394563,0.10084725750682044,Very Thin,-7506.581901566707,-9491.539936918984,-18451.44599782045,25915.173031181337,28123.685178627937,35135.34606645116
2026-09-04 08:30:00,0.008659467368610882,0.008691639425554381,0.008659467368610882,0.008691596149303567,0.02285001433651026,Moderate,-18401.44860044376,-20410.009373893532,-29410.33639497949,5938.917401921551,8129.73602864613,15229.768864409938
2026-09-04 08:45:00,0.00869156751898091,0.00869156751898091,0.008656041326876963,0.008656041326876963,0.1284310088312104,Very Thin,-2801.4462667469093,-4786.210234696835,-13739.381372941527,3194.2746385523646,5403.854887197517,12406.787751541611
2026-09-04 09:00:00,0.00865603223642399,0.00865603223642399,0.008656022333452792,0.008656022333452792,0.000815441725985333,Reliable,-28297.859077329766,-30282.62198371852,-39235.756294762425,96699.47679401617,98909.06288400461,105911.94801562309
2026-09-04 09:15:00,0.00865600936392346,0.00865600936392346,0.008655884818450314,0.008655884818450314,0.0009786745711142686,Reliable,-30860.928001825683,-32845.683222257896,-41798.5508998667,105123.58129427214,107333.20967658034,114335.74921514039
2026-09-04 09:30:00,0.008655954331055545,0.008655954331055545,0.008655542397917661,0.008655542397917661,0.0031292657267791395,Reliable,-24300.65270670788,-26285.388787828208,-35237.59253662372,79467.93972699111,81677.67342115002,88679.35240051721
2026-09-04 09:45:00,0.008655541535130061,0.008655541535130061,0.008654263453663307,0.008654321994582763,0.004577726142948868,Reliable,-26773.9712759996,-28758.63913413393,-37708.47665837492,81578.04859081551,83788.15763844564,90786.76940478607
2026-09-04 10:00:00,0.008654311512023512,0.008654311512023512,0.008654265396802321,0.008654265396802321,0.0009267046343070185,Reliable,-31824.862652930904,-33809.527346774135,-42759.25513618487,97771.88910847853,99982.0155642527,106980.48507938145
2026-09-04 10:15:00,0.008654260937061287,0.008654261379878039,0.008654248228534365,0.008654248228534365,0.0010870352458441257,Reliable,-27172.224833373315,-29156.88856735986,-38106.583070039545,82498.85993718076,84708.991673521,91707.41803833353
2026-09-04 10:30:00,0.00865424271364294,0.00896322298074965,0.00865424271364294,0.008853322056645291,0.12115244982945436,Very Thin,-2082.962163804991,-4644.195591973337,-13321.826660300056,2519.8833260267015,4471.839553003449,12197.517102805481
2026-09-04 10:45:00,0.008852590868595191,0.008852590868595191,0.008808027081022497,0.00881013463006806,0.12124651534327131,Very Thin,-16722.868422593805,-19134.224007668705,-27919.115439136884,20447.507707877994,22441.81155607437,29999.95182042727
2026-09-04 11:00:00,0.008810132452587875,0.008810132452587875,0.008713707382981337,0.008713707382981337,0.08202466692278065,Thin,-2288.8507690588876,-4372.334246495522,-13341.890204586423,2155.2695661904345,4309.358674118336,11494.753140525687
2026-09-04 11:15:00,0.008713050373139025,0.008713050373139025,0.00869403562720759,0.008697882506265978,0.08212918910753415,Thin,-48820.30501738284,-50850.15775299478,-59841.74330485887,19131.131955634784,21311.503410436624,28435.81713918354
2026-09-04 11:30:00,0.008697804109187923,0.008697804109187923,0.008697717444509501,0.008697717444509501,0.002868712540601126,Reliable,-39560.58606462171,-41589.87964256045,-50581.694790852096,15596.484324459414,17777.13004384736,24900.806375815573
2026-09-04 11:45:00,0.008697714558564967,0.008724041271379877,0.008683661266127483,0.008724041271379877,0.006771370796169888,Reliable,-2414.8270345735255,-4533.356661436763,-13488.508160890855,2442.579594144887,4579.533727715982,11804.78492619073
2026-09-04 12:00:00,0.008725148641820465,0.008726256223147122,0.008597154219996288,0.008597154219996288,0.0992327973148196,Thin,-2366.7962646738183,-4348.1647292889065,-13187.33472323362,1959.2983125084925,4117.573924148714,10973.432611963493
2026-09-04 12:15:00,0.008592301171238124,0.008592301171238124,0.008567286749353689,0.008567286749353689,0.11223259222302533,Very Thin,-24513.125163044544,-26491.04888591419,-35274.17664579052,70332.6674520182,72429.1944799779,79225.27732685002
2026-09-04 12:30:00,0.008567286168360852,0.008567286168360852,0.008496672439320212,0.008496672439320212,0.14102853603881016,Very Thin,-2264.5099126936893,-4282.261802674025,-12933.067946873507,2629.413742964787,4580.138536012955,11236.365853635301
2026-09-04 12:45:00,0.008495831594166023,0.008495831594166023,0.008487006350543228,0.008487006350543228,0.08183167385905672,Thin,-26565.963909103768,-28591.610277424043,-37224.32291385077,108570.11209708144,110500.15463860115,117137.99686779043
2026-09-04 13:00:00,0.008486859284777935,0.008486859284777935,0.008420502731986365,0.008420502731986365,0.1415273769970838,Very Thin,-8186.199973699158,-10352.97315974792,-18861.328650964795,2340.7946542631084,4183.577732872415,10698.632073641327
2026-09-04 13:15:00,0.008420488391424084,0.008420488391424084,0.008420341664418175,0.008420341664418175,0.008209028691472841,Reliable,-40303.40171408511,-42470.63500117126,-50978.68957961872,3166.0562438721963,5008.643360162471,11523.46459864649
2026-09-04 13:30:00,0.008420281458712429,0.008420281458712429,0.008420281458712429,0.008420281458712429,0.0024913108705273412,Reliable,-40331.06552334113,-42498.470791103515,-51006.41289122149,3137.8788530413703,4980.392719779555,11495.12682601264
2026-09-04 13:45:00,0.00842027739425763,0.00842027739425763,0.008420182402748947,0.008420185923038247,0.0023175391220410014,Reliable,-49552.26650687102,-51723.64105338728,-60242.035541101024,3318.516826774431,5164.895786250953,11691.277730403219
2026-09-04 14:00:00,0.008420182384040853,0.008420182384040853,0.008420178845045687,0.008420178845045687,0.0020178129440451054,Reliable,-49556.30268003241,-51727.69744347358,-60246.07882711921,3314.4125100587394,5160.782856323271,11687.154428820197
2026-09-04 14:15:00,0.008420175306052755,0.008420175306052755,0.008420086211220165,0.008420086211220165,0.002317499911443699,Reliable,-49601.51235909865,-51769.47535669247,-60277.03052627268,3256.6796454926216,5098.955961658983,11613.407495296799
2026-09-04 14:30:00,0.00841995816980194,0.00841995816980194,0.008419938777420727,0.008419938777420727,0.0024764073322152136,Reliable,-49308.321471648014,-51476.70561327357,-59983.9354492124,3163.2478183208364,5005.344755283411,11519.582912684027
2026-09-04 14:45:00,0.008419935210408446,0.008419935210408446,0.0084199135056526,0.0084199135056526,0.0020339154327437825,Reliable,-49322.616391072515,-51491.072720994496,-59998.24679133872,3148.7103191208457,4990.776508365399,11504.978090554227
2026-09-04 15:00:00,0.00841990922525741,0.008420024768420638,0.00841990922525741,0.008420024768420638,0.0020339149897428354,Reliable,-49259.68073115075,-51427.819240333054,-59935.238827452195,3212.713687812177,5054.9152481738265,11569.277857833946
2026-09-04 15:15:00,0.008420020667550094,0.008420020667550094,0.008411868414146565,0.008411868414146565,0.03882074804723219,Thin,-1939.122026930674,-4130.55299265546,-12619.976781290115,2156.6476810180625,3988.9232016092546,10491.478528309637
2026-09-04 15:30:00,0.008371395783792365,0.008371395783792365,0.008361761778974727,0.008361761778974727,0.046349684297545,Thin,-32739.36260627168,-35002.609155482365,-43381.58411035042,17084.166550581867,18864.541942564672,25294.43607156289
2026-09-04 15:45:00,0.008361256313239765,0.008361256313239765,0.008314105862812938,0.008316403750045257,0.07244747764166859,Thin,-31225.32250824831,-33402.351954571066,-41699.0200973488,107543.04966624935,109292.13040856783,115656.26137617441
2026-09-04 16:00:00,0.008316372575710329,0.008316372575710329,0.008315333599580888,0.008315333599580888,0.0026144106669443662,Reliable,-9193.138946252644,-11082.223511545675,-19377.06848069386,26166.765343482133,27915.104010700834,34277.68393704749
2026-09-04 16:15:00,0.008315295698289394,0.008315295698289394,0.008263840615734748,0.008296295956966739,0.0643718497263471,Thin,-2532.0445331067017,-4448.371018426601,-12923.929801629876,2542.3356786861327,4352.296994119501,10784.080919035094
2026-09-04 16:30:00,0.008298458979909872,0.008314783368015001,0.008298458979909872,0.008314494037551452,0.05325302466205843,Thin,-25289.411335463632,-27246.278985791378,-35747.35684178761,75668.86531783032,77491.63727932004,83956.50863419674
2026-09-04 16:45:00,0.008314491170363224,0.008314491170363224,0.008314491170363224,0.008314491170363224,0.0008460906481213559,Reliable,-30151.372792219827,-32108.2340668242,-40609.30795604615,91052.3061988523,92875.07615904712,99339.94236980907
2026-09-04 17:00:00,0.00831448828291368,0.00831448828291368,0.00831448828291368,0.00831448828291368,0.0008460907950627039,Reliable,-30155.441828548483,-32112.29668237567,-40613.36657679185,91048.22635942402,92870.99430418122,99335.85533447606
2026-09-04 17:15:00,0.008314485728069138,0.008314485728069138,0.008314477606275086,0.008314477606275086,0.0009387671717551616,Reliable,-27373.041720972968,-29329.872833331614,-37830.92795654835,82181.80751111127,84004.56800357971,90469.40987856216
2026-09-04 17:30:00,0.008314473550464992,0.008314473550464992,0.008314442564239594,0.008314442564239594,0.0010095830930209714,Reliable,-30217.989811174375,-32174.648714085717,-40675.30947478114,90977.90355976092,92800.53803724599,99264.89679790773
2026-09-04 17:45:00,0.008314432009781313,0.008314432009781313,0.00830971056546485,0.00830971056546485,0.03505029690656751,Thin,-33469.916568906316,-35416.05439146524,-43910.16874661266,76226.18624305997,78045.51733840388,84501.3851533793
2026-09-04 18:00:00,0.008309623664034748,0.008309623664034748,0.008307416539965983,0.008307416539965983,0.00144768345306594,Reliable,-36603.0052188397,-38544.04349157205,-47034.98439015233,73754.16689285739,75571.89620319156,82023.64682283868
2026-09-04 18:15:00,0.008307412511171682,0.008307412511171682,0.008307412511171682,0.008307412511171682,0.0009317633175374151,Reliable,-36612.84018581673,-38553.86950321442,-47044.80482863395,73758.719340817,75576.44583788313,82028.18922636386
2026-09-04 18:30:00,0.008307413297483402,0.008307414566463566,0.008307287749615547,0.008307287749615547,0.001339785513209013,Reliable,-25074.782065905925,-27015.5340602315,-35506.2967991519,49481.94374226644,51299.58311920923,57751.102575912184
2026-09-04 18:45:00,0.008307286161811832,0.008307286161811832,0.008307270379178666,0.008307270379178666,0.001033242266231449,Reliable,-32583.904697135535,-34524.618080172266,-43015.356790059726,64903.46620772929,66721.09345496543,73172.58173371927
2026-09-04 19:00:00,0.008307266358976488,0.008307289929147879,0.008307266358976488,0.008307288345353759,0.0009298081819130832,Reliable,-36845.52540128405,-38786.27871982685,-47277.04228284941,73751.73133249454,75569.37112543869,82020.8916514231
2026-09-04 19:15:00,0.008307219276973959,0.00831367501373514,0.00830678315365533,0.00831367501373514,0.0056764609710978405,Reliable,-30797.37622749893,-32752.328384052096,-41251.92725663093,88385.34299652065,90207.44171513295,96670.42337217933
2026-09-04 19:30:00,0.008313686812193877,0.008314098852932298,0.008313678731769632,0.008314088266359269,0.0016001329127115712,Reliable,-27451.240828021506,-29407.111895692477,-37907.28249199233,80403.53565369041,82225.92283034885,88689.64593403917
2026-09-04 19:45:00,0.008314087607780655,0.008314087607780655,0.008311273082432676,0.008311273082432676,0.005847284285972765,Reliable,-22753.442862217093,-24703.054473682492,-33199.33041332675,55620.50798316823,57440.929966941825,63899.60177915722
2026-09-04 20:00:00,0.00831126796310544,0.00831126796310544,0.00831126796310544,0.00831126796310544,0.0011829532929843456,Reliable,-33045.29058335869,-34994.890813054895,-43491.15967054012,82234.0321637379,84054.45057356426,90513.11319937896
2026-09-04 20:15:00,0.008311264380744476,0.008311264380744476,0.008311261608079785,0.008311261608079785,0.0011530259326933746,Reliable,-33052.66758655898,-35002.25368716959,-43498.51375301158,82222.5928292983,84043.00680249982,90501.65802450509
2026-09-04 20:30:00,0.008311249140495051,0.008311249140495051,0.008311090532010203,0.008311090532010203,0.0012737127341374554,Reliable,-12520.748697296494,-14469.954447453365,-22965.9778442788,28840.66286442793,30660.957403904184,37119.3016359122
2026-09-04 20:45:00,0.008311073423361253,0.008311073423361253,0.008311020242411982,0.008311020242411982,0.001022104451267003,Reliable,-29956.723119124974,-31905.77259665395,-40401.6987540548,73182.16583851048,75002.4113061935,81460.62940507093
2026-09-04 21:00:00,0.00831096356997438,0.00831096356997438,0.00831096356997438,0.00831096356997438,0.0008898924656897123,Reliable,-33488.586112209545,-35437.50959214118,-43933.35734832955,81917.13545457779,83737.3413569648,90195.45775801699
2026-09-04 21:15:00,0.008310903365370466,0.008310903365370466,0.00831056681665664,0.00831056681665664,0.0017890335735203156,Reliable,-16292.88401775759,-18240.925422434233,-26736.22430810085,37382.816942339676,39202.74585158432,45660.15027514595
2026-09-04 21:30:00,0.00831038970240406,0.00831038970240406,0.008310048867993627,0.008310048867993627,0.0024990376065167296,Reliable,-16595.862130502992,-18536.842207225123,-27009.745004688913,37064.909859313266,38878.11173490061,45308.24613194956
2026-09-04 21:45:00,0.008310037513000202,0.008310037513000202,0.008264252576505432,0.008264252576505432,0.0861284538477273,Thin,-3640.77194028593,-5479.933924187757,-13889.56528812728,2205.2376687463156,3989.9676046129116,10337.605884912979
2026-09-04 22:30:00,0.008264245017214124,0.008264245017214124,0.008264245017214124,0.008264245017214124,0.0017687315883996302,Reliable,-49107.92931948373,-50947.074506325596,-59356.69543026434,10500.139571068088,12284.865071183163,18632.489509738953
2026-09-04 22:45:00,0.00826424226985359,0.00826424226985359,0.00826424226985359,0.00826424226985359,0.0021794057528434774,Reliable,-40116.65149638766,-41955.79057848177,-50365.407708090795,8857.979979116375,10642.703867094555,16990.323274983795
2026-09-04 23:15:00,0.008264227541901774,0.008264227541901774,0.008264050723063056,0.008264050723063056,0.0024751101085271677,Reliable,-40207.55291267152,-42046.26637219473,-50455.61896041886,8750.94053701764,10535.552025673194,16882.820691939225
2026-09-04 23:45:00,0.00826401997975987,0.00826401997975987,0.00826401997975987,0.00826401997975987,0.0017701578421127628,Reliable,-49220.67438547737,-51059.31953289509,-59468.62966224231,10341.30672117504,12125.900169592607,18473.112541370254
2026-09-05 00:30:00,0.008263946806903826,0.008263946806903826,0.008263946806903826,0.008263946806903826,0.00177016568251398,Reliable,-49269.62576055646,-51108.10831719169,-59517.317389255,10291.902952492968,12076.45346278249,18423.531846308488
2026-09-05 00:45:00,0.00826431884110998,0.008265633483606174,0.00826431884110998,0.008265633483606174,0.0038369024361384566,Reliable,-21972.853454275315,-23815.083987197024,-32226.62251809487,6028.989341086299,7814.529551784029,14164.696291356864
2026-09-05 01:00:00,0.008265614252763183,0.008265614252763183,0.008265614252763183,0.008265614252763183,0.0017493687835752336,Reliable,-48705.171763763596,-50547.359561753154,-58958.87153269933,11531.219443214763,13316.748370295905,19666.87989938964
2026-09-05 01:15:00,0.008265616066387652,0.008265616066387652,0.008265616066387652,0.008265616066387652,0.0017493570628770438,Reliable,-48704.86838161326,-50547.95150728647,-58962.7356065032,11533.406204219207,13319.896201992684,19674.003624786907
2026-09-05 01:30:00,0.008265616060514307,0.008265616060514307,0.008265616060514307,0.008265616060514307,0.002160906946147456,Reliable,-39694.95783024386,-41538.04094286496,-49952.82503396875,9676.35034152222,11462.840335849209,17816.94774788828
2026-09-05 01:45:00,0.008265615251222325,0.008265615251222325,0.008265608776890752,0.008265608776890752,0.002160925405489089,Reliable,-39698.01319233034,-41540.18882180085,-49951.693229954355,9671.386080800397,11456.911794933922,17807.033298037826
2026-09-05 02:00:00,0.008265599553162493,0.008265599553162493,0.008265599553162493,0.008265599553162493,0.0021609266963653617,Reliable,-39703.05317128759,-41545.20830373777,-49956.69997289179,9666.299741399655,11451.820043542797,17801.924658553035
2026-09-05 02:15:00,0.008265605711016635,0.008265605711016635,0.008265586806708242,0.008265586806708242,0.0042043547880433515,Reliable,-25042.843666154073,-26885.68100349212,-35299.15703517391,6644.345090508219,8430.623217791403,14783.011346450043
2026-09-05 02:30:00,0.008264426346474412,0.008264426346474412,0.008230104667508276,0.008230205399966398,0.13158796971935677,Very Thin,-28682.84252953763,-30490.135483270147,-38808.61551068966,77014.2416548806,78779.73593989611,85067.14785751322
2026-09-05 02:45:00,0.00823016461044862,0.00823016461044862,0.008230157053360124,0.008230157053360124,0.0010813883399213963,Reliable,-34359.26046144307,-36166.51257915765,-44484.852866225476,92981.69305069494,94747.15890528381,101034.48194128898
2026-09-05 03:00:00,0.00823015741830184,0.00823015741830184,0.008218391915661417,0.008218391915661417,0.054035914524301544,Thin,-20051.67865503632,-21848.99597616344,-30133.3384159621,28029.733576462248,29788.278407505364,36053.9643525078
2026-09-05 03:15:00,0.008218389648890177,0.008218389648890177,0.008203867234947072,0.008212648885696705,0.09360618524494597,Thin,-2270.3843773333215,-4062.1457919421573,-12327.72173459118,2033.9025645494569,3788.466458894903,10041.465780287826
2026-09-05 03:30:00,0.008212680955200037,0.008229391605994103,0.008212680955200037,0.00822899221609322,0.0935422749160979,Thin,-34246.233313894074,-36051.79262178596,-44364.643442917,87174.76201358439,88970.0242130094,95272.03663490107
2026-09-05 03:45:00,0.008229416216970141,0.00824448160951103,0.008229416216970141,0.008241259242910835,0.09236843966625596,Thin,-2322.792005488829,-4138.714445496337,-12487.069075353063,3366.994816420128,5169.491238456969,11495.786213538247
2026-09-05 04:15:00,0.008241362419864735,0.008248995226425873,0.008241362419864735,0.008248995226425873,0.04063669215822063,Thin,-5514.801386781622,-7337.262085947897,-15708.015401488521,109275.72781182893,111082.78360040486,117424.38264704113
2026-09-05 04:30:00,0.008249012688899144,0.008279198977152728,0.008249012688899144,0.008278114379436664,0.0014451339390106899,Reliable,-30636.064647646082,-32506.039753669113,-40934.8175157236,15919.79134380072,17743.989985026466,24142.941951321456
2026-09-05 04:45:00,0.008278379900809218,0.008292815781022464,0.008278379900809218,0.008292781109363205,0.03944710279924035,Thin,-18676.98500448267,-20579.58773257647,-29028.62827467432,19003.35821327971,20836.179945861255,27263.591130392746
2026-09-05 05:00:00,0.00829276027980237,0.00829276027980237,0.008281848858330915,0.008281848858330915,0.013422668724167374,Moderate,-6089.718490899648,-7967.998861910851,-16401.935535625606,4684.846609367146,6479.896456072812,12859.42521873539
2026-09-05 05:30:00,0.00828093284267501,0.008296862644895198,0.008255580720392586,0.008296856514503417,0.09990193383449872,Thin,-37221.10506069047,-39132.771700748934,-47587.44344360122,45094.85755104475,46898.85019048949,53305.32127995189
2026-09-05 05:45:00,0.008296840767272252,0.008296840767272252,0.008296840767272252,0.008296840767272252,0.00142516151551364,Reliable,-37234.215992680816,-39145.84765482597,-47600.497638205146,45077.93602341665,46881.917665758905,53288.36049795714
2026-09-05 06:00:00,0.008296825107044077,0.008296825107044077,0.00829657926989066,0.00829657926989066,0.0012646812876947688,Reliable,-37479.478710723015,-39390.529536518545,-47844.81818445344,44830.32190564624,46634.1209293746,53040.094519567894
2026-09-05 06:15:00,0.008296573829875578,0.008296573829875578,0.008296571682965414,0.008296571682965414,0.0012646069018492855,Reliable,-37513.31998492889,-39424.35395881596,-47878.632123207404,44855.076416351505,46658.87014165205,53064.83011743413
2026-09-05 06:30:00,0.008296566246992605,0.008296566246992605,0.008283447931769447,0.008283447931769447,0.09973732737974383,Thin,-2819.2704147923178,-4675.766565645751,-12263.371928450471,2837.590860712503,4633.577992306848,11015.978634974164
2026-09-05 06:45:00,0.008283423512244736,0.008283423512244736,0.008283383876469683,0.008283383876469683,0.010831135551675164,Moderate,-49407.92020558529,-51264.34785228351,-58851.868003373005,32066.509757740925,33862.45934554179,40244.74495245948
2026-09-05 07:15:00,0.008283406779691591,0.008283406779691591,0.008283391150708265,0.008283391150708265,0.001573881306179592,Reliable,-49406.12772644984,-51265.171258577895,-58862.26862716103,32077.515928646397,33876.278941946024,40270.202117654335
2026-09-05 07:30:00,0.008283388356263535,0.008283388356263535,0.008276290086244992,0.008276290086244992,0.004301196451310263,Reliable,-30684.457615869618,-32535.907068642973,-40123.55454089763,14578.482843648453,16373.08171121873,22754.244477161832
2026-09-05 07:45:00,0.008275838838351915,0.008275838838351915,0.008264753773816547,0.008264753773816547,0.0997514021497358,Thin,-34324.23665892863,-36160.74917534636,-43723.490365852515,8423.844867461958,10208.868898690167,16557.42490235465
2026-09-05 08:00:00,0.008264752567276967,0.008264752567276967,0.008264752567276967,0.008264752567276967,0.0017444306997236314,Reliable,-49269.6012960505,-51106.11252328135,-58668.85210931176,11279.174180451191,13064.197503710067,19412.751298159157
2026-09-05 08:15:00,0.008264798130079609,0.008264798130079609,0.00826475000213322,0.00826475000213322,0.002446113422375218,Reliable,-40264.83835391344,-42101.34684028981,-49664.08301515083,9556.704247747175,11341.726065839248,17690.275163421546
2026-09-05 08:30:00,0.008264737342700236,0.008264737342700236,0.00826472746993673,0.00826472746993673,0.0019175788415996876,Reliable,-49287.85677431424,-51124.34118506745,-58687.047396258604,11262.209409357409,13047.218006069597,19395.725846390502
2026-09-05 08:45:00,0.008264713458674465,0.008264713458674465,0.008264590700875244,0.008264590700875244,0.002147005479584596,Reliable,-49305.097170700916,-51141.43544444431,-58703.95977825627,11109.252083690006,12894.180427044306,19242.437837092442
2026-09-05 09:00:00,0.008264582400028383,0.008264582400028383,0.008264432910443228,0.008264432910443228,0.001940241145747379,Reliable,-49401.193159881346,-51237.36283658294,-58799.67733909117,10999.285504343692,12784.121258594048,19132.089744724795
2026-09-05 09:15:00,0.0082644246305856,0.0082644246305856,0.0082644246305856,0.0082644246305856,0.001940242409871562,Reliable,-49406.23565821208,-51242.39648802778,-58804.69997991528,10993.516729921335,12778.34762564864,19126.300950778244
2026-09-05 09:30:00,0.008264417172552108,0.00826503371869486,0.008264376271943636,0.008265007170981283,0.001747584205384589,Reliable,-49177.70126589493,-51174.80459801971,-58866.69037873041,11562.423864606815,13520.275535268507,20068.14036718094
2026-09-05 09:45:00,0.008264999720977408,0.008272348487661244,0.008264999720977408,0.008272348487661244,0.047880856943848554,Thin,-2474.127029030749,-4479.14721415249,-12175.035525275456,2501.436861436374,4463.671896708889,11030.840994070333
2026-09-05 10:00:00,0.008272341659904406,0.008272341659904406,0.008272308208883375,0.008272308208883375,0.0016956461963248514,Reliable,-48310.74213224742,-50315.7188734259,-58011.58522773967,17928.99558197681,19891.2065728426,26458.26977903334
2026-09-05 10:15:00,0.008272301381095217,0.008272301381095217,0.008272283959964068,0.008272283959964068,0.0015928006060178745,Reliable,-48328.77487890701,-50333.72546569006,-58029.57860138951,17910.815766972206,19873.012282423206,26440.011739126083
2026-09-05 10:30:00,0.00827217002250051,0.00827217002250051,0.008272145665236773,0.008272145665236773,0.0018920068792637411,Reliable,-39493.463208824294,-41498.264634271065,-49194.04238223939,14829.957654878632,16792.071614758985,23358.70749809033
2026-09-05 10:45:00,0.008271904872456692,0.008271904872456692,0.008271491891764444,0.008271491891764444,0.003672341019884939,Reliable,-48422.42498502562,-50426.52127936027,-58121.942633896695,17158.861134482227,19120.58481242506,25685.501900540636
2026-09-05 11:00:00,0.008271485009098788,0.008271485009098788,0.008271485009098788,0.008271485009098788,0.0016099497157195941,Reliable,-48419.0288527771,-50423.11772388828,-58118.535326404264,17151.056131989608,19112.775701118226,25677.67469408386
2026-09-05 11:15:00,0.008271478124521484,0.00827147844631256,0.008271478124521484,0.00827147844631256,0.0016103258444119639,Reliable,-48432.314329451576,-50436.39612234418,-58131.81014721827,17148.885706846308,19110.601358120777,25675.48309692139
2026-09-05 11:30:00,0.008271471564901033,0.008271504913749807,0.008271444837367838,0.008271444837367838,0.001911337394638224,Reliable,-39526.52850791957,-41530.574052299635,-49225.96975555261,14282.254118742034,16243.949706113965,22808.74308381869
2026-09-05 11:45:00,0.008271437954745992,0.008271437954745992,0.008271402367187868,0.008271402367187868,0.0016099612400336527,Reliable,-48479.72029141341,-50483.720030186625,-58179.09258115613,17089.727681195607,19051.39791461733,25616.079633943456
2026-09-05 12:00:00,0.008271313753411717,0.008271313753411717,0.00827115465299148,0.00827115465299148,0.0018861685646246462,Reliable,-48655.84037790217,-50659.57294987948,-58354.810460573804,16904.090132200974,18865.612483308734,25429.642931363232
2026-09-05 12:15:00,0.008271148483310852,0.008271148483310852,0.008268443742547392,0.008268443742547392,0.003673723126851769,Reliable,-44743.756582632865,-46744.565563467644,-54438.325140171626,13369.60677244151,15329.51059876794,21886.413090380607
2026-09-05 12:30:00,0.008268442405998498,0.008268442405998498,0.008268416838899716,0.008268416838899716,0.0017931607339132238,Reliable,-49584.354712554516,-51585.13468091586,-59278.879589432945,14594.097980626642,16553.985743041812,23110.817489454384
2026-09-05 12:45:00,0.008268393631225024,0.008268393631225024,0.008268376894217078,0.008268376894217078,0.0020239671703766947,Reliable,-40621.94235776068,-42622.67925046772,-50316.40238064029,12256.69048146857,14216.554393246817,20773.281101847686
2026-09-05 13:00:00,0.00826837649398862,0.00826837649398862,0.00826837649398862,0.00826837649398862,0.0020239676290714215,Reliable,-40622.175766159286,-42622.91222726728,-50316.63513923007,12256.455020717622,14216.318693522519,20773.04434968862
2026-09-05 13:15:00,0.008268376100033772,0.008271338567840503,0.008268375968715496,0.008271338567840503,0.0025963113192305266,Reliable,-30630.099457274857,-32634.03038634353,-40329.368157523866,11387.583971970194,13349.216118181701,19913.73010206223
2026-09-05 13:30:00,0.00827129060134757,0.00827129060134757,0.00827129060134757,0.00827129060134757,0.0015722939577609285,Reliable,-49692.02037179693,-51695.89956755324,-59391.21119005681,17362.771465563852,19324.374976434305,25888.762850745094
2026-09-05 13:45:00,0.00827128420909342,0.00827128420909342,0.00827128420909342,0.00827128420909342,0.0015722945654035314,Reliable,-49696.83678604569,-51700.70908757148,-59396.0172253679,17357.91522262267,19319.514917398446,25883.88598569121
2026-09-05 14:00:00,0.008271275612645677,0.008271275612645677,0.008271267719389182,0.008271267719389182,0.0015722961011668257,Reliable,-49709.261367919986,-51713.11588483353,-59408.41503334118,17345.38785798643,19306.977708611015,25871.305423424426
2026-09-05 14:15:00,0.00827126619035067,0.00827126619035067,0.008271232062648315,0.008271232062648315,0.0016885780590515376,Reliable,-49734.86135455842,-51738.677414715894,-59433.95712508862,17317.901753421866,19279.470317375984,25843.704286043718
2026-09-05 14:30:00,0.008271193823257512,0.008271193823257512,0.008271175579728795,0.008271175579728795,0.0017384016300495465,Reliable,-49776.06872208848,-51779.8238640264,-59475.07278289233,17274.570259889097,19236.10510408603,25800.19057149933
2026-09-05 14:45:00,0.008271170257064022,0.008271170257064022,0.008271170257064022,0.008271170257064022,0.001572390475610419,Reliable,-49780.078959383834,-51783.82836070502,-59479.07437793118,17270.526779579115,19232.0584461907,25796.1299195704
2026-09-05 15:00:00,0.008271164934404386,0.008271164934404386,0.008269334195530206,0.008269334195530206,0.004098807560081588,Reliable,-50299.11771671973,-52300.88696879896,-59995.13202148554,15637.722216652048,17598.157709208826,24157.40165013094
2026-09-05 15:15:00,0.008269328780669232,0.008269328780669232,0.008269280910980904,0.008269280910980904,0.0017689674601101713,Reliable,-50336.298896099834,-52338.010684589324,-60032.2266869984,15597.331975676365,17557.735654224995,24116.839486780023
2026-09-05 15:30:00,0.008269280911171403,0.008269280911171403,0.008269202622392818,0.008269202622392818,0.001600435764541941,Reliable,-50394.23713891726,-52395.86449900328,-60090.03781902824,15538.89938961267,17499.256325086302,24058.154301909904
2026-09-05 15:45:00,0.008269201978988915,0.008269304836666765,0.008269200063573637,0.008269304836666765,0.001600436342247047,Reliable,-50318.59239581737,-52320.32998643652,-60014.55903293175,15615.189434916445,17575.60739851863,24134.774142213875
2026-09-05 16:00:00,0.008269297981174572,0.008269297997647465,0.008269249197186176,0.008269249197186176,0.001600430205865333,Reliable,-50359.76903324807,-52361.4466207378,-60055.64533302769,15573.661648443636,17534.04639194395,24093.06683485845
2026-09-05 16:15:00,0.008269248770184045,0.00826924877024622,0.008269245777732437,0.008269245777732437,0.0017352639835947147,Reliable,-50362.084198767014,-52363.758098629936,-60057.95494665832,15571.050521220122,17531.433223098145,24090.444674741713
2026-09-05 16:30:00,0.008269196977518834,0.008269196977518834,0.00826919132314293,0.00826919132314293,0.0016004442105004735,Reliable,-50402.383618329564,-52403.998793042854,-60098.165952784984,15530.407141693744,17490.75733080588,24049.625596764752
2026-09-05 16:45:00,0.008269184805927046,0.008269184805927046,0.008269160655247978,0.008269160655247978,0.0021752824639517552,Reliable,-37047.52646491574,-39049.108566693554,-46743.2590064694,11870.183041860048,13830.5149202905,20389.30254630925
2026-09-05 17:00:00,0.008269185597159246,0.008269185597159246,0.00826916424902921,0.00826916424902921,0.0021243332569684135,Reliable,-41715.110771151245,-43716.69674853967,-51410.84914762625,13142.084650747971,15102.418674895893,21661.215750619
2026-09-05 17:15:00,0.008269127223783819,0.008269127223783819,0.008269127223783819,0.008269127223783819,0.0019459772397967257,Reliable,-41737.582868613295,-43739.12891721569,-51433.26113031775,13119.417443823802,15079.729361507498,21638.42908072676
2026-09-05 17:30:00,0.00826906792395706,0.00826906792395706,0.00826906792395706,0.00826906792395706,0.0016009276175099618,Reliable,-50479.24424161816,-52480.726340212415,-60174.8262232694,15434.399193290059,17394.67570504186,23953.21949712101
2026-09-05 17:45:00,0.008269075846495211,0.008269075846495211,0.0082690491758257,0.0082690491758257,0.0016009290214758388,Reliable,-50493.114625419206,-52494.57650572574,-60188.66616735422,15420.410149377547,17380.67546722432,23939.169961530402
2026-09-05 18:00:00,0.008269063484579092,0.008269063484579092,0.008269063484579092,0.008269063484579092,0.0017694675486463751,Reliable,-50483.5581334908,-52485.03544458656,-60179.13290730787,15431.364692622796,17391.638553766235,23950.17067260988
2026-09-05 18:15:00,0.008269033289639103,0.008269033289639103,0.008268997866803619,0.008268997866803619,0.0017357754593853247,Reliable,-50529.68194961152,-52531.088497530676,-60225.15018558255,15381.751323791083,17341.986006609488,23900.34558475586
2026-09-05 18:30:00,0.008268991009450475,0.008268991009450475,0.00826895734227058,0.00826895734227058,0.0017526290615523133,Reliable,-45876.77648917903,-47878.139334953026,-55572.178929066904,14096.814615106308,16057.025101913634,22615.278121226296
2026-09-05 18:45:00,0.00826894380802691,0.00826894380802691,0.008268632458540658,0.008268632458540658,0.0017607115355600335,Reliable,-50591.16764684327,-52592.18013708658,-60286.042603508475,15054.460438435744,17014.476944545862,23571.875676067375
2026-09-05 19:00:00,0.00826862973895621,0.00826862973895621,0.008268566323486728,0.008268566323486728,0.0017437569782971175,Reliable,-45927.513771055856,-47928.45494172434,-55622.281350793164,13778.339081389802,15738.316099294261,22295.540925409394
2026-09-05 19:15:00,0.008268548633870864,0.008268548633870864,0.008268548633870864,0.008268548633870864,0.001607969759954253,Reliable,-50648.247191687864,-52649.169286037184,-60342.986050570726,14990.968046613672,16950.934502298584,23508.11281257304
2026-09-05 19:30:00,0.008268545920869765,0.008268545920869765,0.008268520507280362,0.008268520507280362,0.0017608998275118193,Reliable,-50657.11264633965,-52658.00440926468,-60351.80583891659,14966.99762884423,16926.947290516317,23484.05164023531
2026-09-05 19:45:00,0.008268502664842923,0.008268502664842923,0.008268496201474079,0.008268496201474079,0.002092443067246297,Reliable,-41907.57837772148,-43908.44392954877,-51602.23210743193,12677.921268676811,14637.856417652465,21194.896853695787
2026-09-05 20:30:00,0.008268467367842432,0.008268467367842432,0.008268466153257974,0.008268466153257974,0.0016080624850972392,Reliable,-50706.39894616795,-52707.23209439094,-60401.00388966674,14929.021779635865,16888.938987163696,23445.900409366754
2026-09-05 20:45:00,0.00826840434022294,0.00826840434022294,0.008268328014243516,0.008268328014243516,0.001743983721657605,Reliable,-50803.69178222951,-52804.37596372903,-60498.07244387341,14825.266057167137,16785.10078304236,23341.698957407672
2026-09-05 21:00:00,0.00826826938050612,0.00826826938050612,0.008267764704342338,0.008267764704342338,0.0028259254173159665,Reliable,-50894.81216236841,-52894.88889020835,-60588.27824209266,14327.47346764767,16286.971838748517,22842.088712235163
2026-09-05 21:30:00,0.008267759229199778,0.008267759229199778,0.008267668879451568,0.008267668879451568,0.001756447637760683,Reliable,-50963.927171405216,-52963.900566638054,-60657.237672065516,14256.520272748172,16215.9614252526,22770.82630898429
2026-09-05 21:45:00,0.008267706571065314,0.008267706571065314,0.008267698140672743,0.008267698140672743,0.001969032766393597,Reliable,-42125.60493176165,-44125.609880733056,-51818.96294023351,12127.572357904879,14087.03098279421,20641.97281462088
2026-09-05 22:00:00,0.008267678990366298,0.008267678990366298,0.008266977701811125,0.008266977701811125,0.002962971371311074,Reliable,-32163.980644028616,-34163.20872279325,-41856.16897216804,9295.213714659141,11254.242143962492,17807.289401523944
2026-09-05 22:15:00,0.008266910341694219,0.008267087823198516,0.008266910341694219,0.008267087823198516,0.0016283208689301886,Reliable,-51099.64591774958,-53098.99274191343,-60792.01303435714,13760.437292681114,15719.531479971218,22272.868334621668
2026-09-05 22:30:00,0.00826711205437507,0.008269333036189585,0.00826711205437507,0.008269318513956854,0.0022437880493618055,Reliable,-49898.66304847175,-51900.4153890764,-59594.651892310525,15512.703167183261,17473.129296929572,24032.3320041889
2026-09-05 22:45:00,0.008269315110349547,0.008269315110349547,0.008269313499913045,0.008269313499913045,0.001613944607306106,Reliable,-49902.34227395064,-51904.08920726413,-59598.32297688561,15508.992567243009,17469.41570331197,24028.60522646557
2026-09-05 23:15:00,0.008269293846695787,0.008269293846695787,0.008269293846695787,0.008269293846695787,0.0017862165209217018,Reliable,-49915.343263304465,-51917.06900202756,-59611.292056883125,15494.058499146176,17454.46990108641,24013.60774733065
2026-09-06 00:00:00,0.008269291118948347,0.008269291118948347,0.008269291118948347,0.008269291118948347,0.0016139940388313345,Reliable,-49917.344777037746,-51919.067574081666,-59613.28914179189,15492.039909622077,17452.449682935272,24011.58035673285
2026-09-06 00:15:00,0.00826928411627723,0.00826932022787865,0.00826928411627723,0.00826932022787865,0.0017689917756280372,Reliable,-49886.5003637831,-51888.254552731494,-59582.49199038111,15510.97235162556,17471.39950468322,24030.60671858876
2026-09-06 00:30:00,0.008269342614821247,0.008280991027067976,0.008269334964330575,0.008280991027067976,0.004105350654771954,Reliable,-15080.29255937065,-17094.636322725288,-24795.23499081264,9594.43520662758,11561.828050631595,18151.427683574264
2026-09-06 00:45:00,0.008281765554765225,0.008307160935098689,0.008281765554765225,0.008307160935098689,0.004758486569426922,Reliable,-8573.435247933858,-10615.978155156712,-18330.829369293613,15792.356859337968,17776.66211755539,24434.105703712376
2026-09-06 01:00:00,0.008307346894710632,0.008308478267211896,0.008307346894710632,0.008308456328182065,0.003875919469469191,Reliable,-34697.11337198703,-36741.0496072864,-44456.60590081096,74244.72155592141,76229.94435420114,82890.7433932915
2026-09-06 01:30:00,0.008308444627937374,0.008308444627937374,0.008308444627937374,0.008308444627937374,0.0009476357654056855,Reliable,-34711.8145345241,-36755.738184635695,-44471.288109918496,74229.97015089917,76215.18466209705,82875.95339524832
2026-09-06 01:45:00,0.008308662158211553,0.00831790136951342,0.008308662158211553,0.008317881926105969,0.004791523101577844,Reliable,-27240.950721875808,-29295.027675497346,-37015.71313153712,103772.82733068545,105764.72422302276,112449.93048900425
2026-09-06 02:15:00,0.008317873057145656,0.008317873057145656,0.008317873057145656,0.008317873057145656,0.0007154178150354795,Reliable,-29665.178986734252,-31719.246396424725,-39439.92702717434,113443.3030424179,115435.19365658399,122120.37696323228
2026-09-06 02:30:00,0.008317864188199495,0.008317864188199495,0.00831521812778583,0.008315230085763905,0.0027649620134831744,Reliable,-28949.775752712514,-31001.508615471594,-38720.7512172785,91982.72433320606,93972.81273191472,100651.15355695484
2026-09-06 02:45:00,0.008315238961277713,0.008315238961277713,0.00831523822322625,0.00831523822322625,0.0008424566199348282,Reliable,-28938.37695096711,-30990.118541488428,-38709.36557109993,91994.15239895754,93984.24658735676,100662.60848142827
2026-09-06 03:00:00,0.00831519272125569,0.00831519272125569,0.008315029312554767,0.008315029312554767,0.0009753926402474633,Reliable,-29226.62418967816,-31278.141715974012,-38997.27507137903,91686.35468554565,93676.30023602853,100354.12122780501
2026-09-06 03:15:00,0.00831495834785209,0.00831495834785209,0.008313874652094844,0.008313874652094844,0.002767827793793032,Reliable,-29021.179218241683,-31071.458368668205,-38789.96342246294,84520.7396350604,86509.86362214359,93184.69489541944
2026-09-06 03:30:00,0.008313788953872482,0.008313788953872482,0.008312053265149857,0.008312053265149857,0.004735127374217152,Reliable,-33619.144044704415,-35667.46988826615,-43384.983782575015,88117.13168347675,90104.95960230028,96775.0744054226
2026-09-06 03:45:00,0.008311973978010081,0.008311973978010081,0.008310222413376941,0.008310222413376941,0.00473576884687632,Reliable,-15769.581837233965,-17815.944389693632,-25532.46189667828,35824.90272816771,37811.4277006017,44476.80100364317
2026-09-06 04:00:00,0.008310148557609398,0.008310148557609398,0.008308628341948182,0.008308628341948182,0.0032628498915529217,Reliable,-12353.11247443752,-14397.765779918916,-22113.415697209846,25321.884056679042,27307.27447324584,33968.51905941977
2026-09-06 04:15:00,0.008308618107779307,0.008308618107779307,0.008308618107779307,0.008308618107779307,0.0009211679651630611,Reliable,-35434.54367345351,-37479.18600573046,-45194.83035278041,76535.62770907213,78521.01084127474,85182.2289192104
2026-09-06 04:30:00,0.008308442283397702,0.008308442283397702,0.008307147443929963,0.008307147443929963,0.002553787547406916,Reliable,-12945.62198661253,-14988.687508774156,-22703.531379495857,24726.94903608602,26711.285348698904,33368.69398734432
2026-09-06 04:45:00,0.008307139567414188,0.008307139567414188,0.008307139567414188,0.008307139567414188,0.0009467844153843163,Reliable,-36385.99697230576,-38429.05404974775,-46143.89363317944,72654.2528074597,74638.58351331353,81295.97174862631
2026-09-06 05:00:00,0.008307124637636144,0.008307124637636144,0.008307097903825477,0.008307097903825477,0.0010939670172934069,Reliable,-31771.449590959965,-33814.46199929533,-41529.278904669416,63079.15360770798,65063.454656025526,71720.73496578456
2026-09-06 05:15:00,0.008307096035900546,0.008307096035900546,0.008307096035900546,0.008307096035900546,0.0010939674678838163,Reliable,-31773.480247213723,-33816.49065287825,-41531.306541514445,63077.11559065457,65061.415309318916,71718.69078039018
2026-09-06 05:30:00,0.00830711042687746,0.00830711042687746,0.00829720353638413,0.00829720353638413,0.004259180308451318,Reliable,-42386.660661621565,-44419.06739090423,-52128.49751965674,52110.626091265534,54087.88189052142,60719.524116270535
2026-09-06 05:45:00,0.008297201233845355,0.008297201233845355,0.00828771236289368,0.00828771236289368,0.004742119429133562,Reliable,-46206.89663402256,-48229.097740085424,-55933.35847035403,36756.515275382786,38727.917506623104,45334.95202746884
2026-09-06 06:00:00,0.008287718225364322,0.008287718225364322,0.00828596325399363,0.00828596325399363,0.0032280980975713204,Reliable,-27809.583032516475,-29829.902293653275,-37533.210137950155,20775.967890789718,22746.326906378745,29348.824986400312
2026-09-06 06:15:00,0.008285940471794083,0.008285940471794083,0.008285874898278619,0.008285874898278619,0.0014084258026823228,Reliable,-46820.92888458565,-48841.153088961786,-56544.412796622644,34213.66962531272,36183.97594025254,42786.244850613664
2026-09-06 06:30:00,0.008285877535695327,0.008290201070245794,0.008285877535695327,0.008290201070245794,0.0033007429687245127,Reliable,-12836.737392807618,-14861.616333408667,-22567.23274838284,11864.561103899827,13837.447477495403,20450.93581636155
2026-09-06 06:45:00,0.008290198958506077,0.008290217080169575,0.00829014732136716,0.00829014732136716,0.0014132108632583407,Reliable,-44409.114321573245,-46347.30096053886,-54002.09486092324,39509.316282453176,41482.170605221516,48095.5195705258
2026-09-06 07:00:00,0.00829487921548043,0.008604456828771407,0.00829487921548043,0.008437259771029278,0.12468777020451687,Very Thin,-2365.3296480459935,-4313.876536996514,-12143.180988354803,2682.3485404437656,4969.746180907933,11967.287200210509
2026-09-06 07:15:00,0.008436713750448913,0.008436713750448913,0.008318022215904088,0.008330181713457764,0.09530882352908226,Thin,-7969.4420749068995,-9912.533510673915,-17626.500944781994,112472.68661936479,114473.40811683603,121190.4434261983
2026-09-06 07:30:00,0.008330176037336197,0.008330176037336197,0.00830590192847465,0.00830590192847465,0.0746937923680377,Thin,-2218.405741111673,-4158.539065146518,-11836.612968627607,2752.1478624935176,4735.597543834555,11389.77967808895
2026-09-06 07:45:00,0.008305778961080595,0.008305778961080595,0.0082893509508496,0.0082893509508496,0.08279224637236134,Thin,-2675.8280362168684,-4613.913706673202,-12267.531059674866,2912.6451088430003,4885.024538201362,11496.30842151657
2026-09-06 08:00:00,0.00828915944970764,0.00828915944970764,0.008279742111321256,0.008279742111321256,0.056787741181244925,Thin,-34233.044780575794,-36169.9118633258,-43809.334914141444,19066.29495532181,21032.942621328148,27619.301835201262
2026-09-06 08:15:00,0.008279761352779,0.008279761352779,0.008279761352779,0.008279761352779,0.001694335450881379,Reliable,-40276.10828313359,-42212.97780667086,-49852.42927813014,22222.133724720534,24188.792871760194,30775.202011100013
2026-09-06 08:30:00,0.008279760419416778,0.008279760419416778,0.008279745259117103,0.008279745259117103,0.0013776981140498855,Reliable,-49205.13375707904,-51142.001239128505,-58781.428939403115,26838.412599895484,28805.062144136136,35391.429525542895
2026-09-06 08:45:00,0.008279516398682508,0.008279516398682508,0.008278897758947782,0.008278897758947782,0.003601351130218422,Reliable,-23165.99071360225,-25102.750687530846,-32740.92659775168,12721.880066157639,14688.023909082998,21272.19223980573
2026-09-06 09:00:00,0.008278759272044836,0.008278759272044836,0.008273018256009679,0.008273018256009679,0.005720485904910834,Reliable,-49946.50200961578,-51882.51602176339,-59512.00834440496,19111.13909278514,21073.773937532675,27642.683330597953
2026-09-06 09:15:00,0.008273012090262412,0.008273012090262412,0.008272853434876387,0.008272853434876387,0.0025488630507898517,Reliable,-41041.249716985934,-42977.24281423281,-50606.49172503712,15833.869101153092,17796.405559577368,24364.887118059487
2026-09-06 09:30:00,0.008272852401599716,0.008272852401599716,0.008272754019476287,0.008272754019476287,0.002033185100445589,Reliable,-50015.419360315616,-51951.3998422067,-59580.50193438321,18856.288792720436,20818.765906850716,27386.989405671153
2026-09-06 09:45:00,0.008272780910820138,0.008282654797096445,0.008272780910820138,0.008282654797096445,0.032800308160586655,Thin,-2637.0043881691313,-4574.240919126365,-12217.966300855582,2615.577895840346,4583.963357488046,11177.87940496696
2026-09-06 10:00:00,0.008282631862068303,0.008282631862068303,0.008282631862068303,0.008282631862068303,0.00248460334984979,Reliable,-26575.35182477468,-28512.58544684241,-36156.27695011082,17067.98474827716,19036.35652739325,25630.213076153006
2026-09-06 10:15:00,0.00828285767742017,0.008282991364853732,0.00828285767742017,0.008282991364853732,0.002369482976853266,Reliable,-31918.479934511706,-33855.75915255209,-41499.981697133124,20629.933601540022,22598.51984990515,29193.309021805337
2026-09-06 10:30:00,0.008282958557339092,0.008282958557339092,0.00826470636123495,0.00826470636123495,0.05545981985789583,Thin,-25838.48838180905,-27773.447440632335,-35390.66569148461,6764.40896481109,8722.080986019035,15269.154644700166
2026-09-06 10:45:00,0.008264698985346796,0.008264698985346796,0.008264646631891427,0.008264646631891427,0.002041018594336208,Reliable,-49609.62023939315,-51543.28534896327,-59154.35884600459,11239.382847665003,13197.019196953739,19743.935757091127
2026-09-06 11:00:00,0.008264627662082576,0.008264627662082576,0.008264624724061,0.008264624724061,0.001738689497294632,Reliable,-49627.57428080594,-51561.69269267361,-59172.73353024472,11227.463587399941,13185.854082365373,19732.7130209628
2026-09-06 11:15:00,0.008264616308310428,0.008264616308310428,0.008264616308310428,0.008264616308310428,0.0024943892031512593,Reliable,-40766.72489500183,-42700.842490090734,-50311.87078174321,9548.02513492139,11506.41047891119,18053.247282548484
2026-09-06 11:30:00,0.008264609111461665,0.008264609111461665,0.008264609111461665,0.008264609111461665,0.002129723905300196,Reliable,-40770.709980849504,-42704.82687745797,-50315.84444029164,9544.002912030091,11502.383851087756,18049.201725690233
2026-09-06 11:45:00,0.008264573274309872,0.008269243613250236,0.00826444897774151,0.008269225929236386,0.00520012624430799,Reliable,-16337.714158908242,-18272.27904636919,-25890.17957178058,6147.859615858505,8109.065949019124,14668.025210065907
2026-09-06 12:00:00,0.00826920810043538,0.008269211711802267,0.00826916989782554,0.00826916989782554,0.0018008319637663028,Reliable,-49692.98271683917,-51627.542168375396,-59245.3591552005,15207.391210865399,17168.56325872524,23727.37518772876
2026-09-06 12:15:00,0.008269164401300636,0.008269164401300636,0.008269164401300636,0.008269164401300636,0.0016245601988726932,Reliable,-49696.9891728526,-51631.54809113839,-59249.35688306732,15203.350473765862,17164.51915832719,23723.31663444189
2026-09-06 12:30:00,0.008269173842257633,0.008269173842257633,0.00825352405761235,0.00825352405761235,0.006218416555513516,Reliable,-9531.131478262614,-11464.14443881567,-19058.666480470016,2415.5670834667835,4367.160981925457,10884.8133384718
2026-09-06 12:45:00,0.00825267825126197,0.00825267825126197,0.008209554653262641,0.008209651504612052,0.10195346500016803,Very Thin,-49811.313465018866,-51739.904746831235,-59263.09309388127,47602.35660655619,49528.678916815225,55930.70704883354
2026-09-06 13:00:00,0.00820968241790108,0.00820971332439809,0.00820968241790108,0.008209706835557143,0.0010672981618175203,Reliable,-49749.027686315676,-51677.62455449988,-59200.90283026406,47665.01760530176,49591.34679637324,55993.52094502888
2026-09-06 13:15:00,0.008209742359816266,0.008209742359816266,0.00820973785353619,0.00820973785353619,0.0012104756775061843,Reliable,-49719.37106126506,-51647.97106110299,-59171.29975007024,47705.24544445407,49631.578492830624,56033.83449674975
2026-09-06 13:30:00,0.008209732406814272,0.00820973326632023,0.008209703046825199,0.008209703046825199,0.00126455180142222,Reliable,-49755.36630008848,-51683.96278575217,-59207.23490373204,47662.734346851576,49589.06306676693,55991.22721709293
2026-09-06 13:45:00,0.00820958377130962,0.00820958377130962,0.008209507153493608,0.008209533202521479,0.0022420430213278887,Reliable,-49751.6985691629,-51680.27790677109,-59203.273979311234,47550.52346268329,49476.831061124154,55878.54699596666
2026-09-06 14:00:00,0.008209591844356873,0.008209591844356873,0.008097790113028764,0.008176911326113192,0.12864734740401987,Very Thin,-2745.5311980438987,-4670.79720246985,-12140.811905623106,2037.3676229840498,3959.5943886528485,10275.155738965486
2026-09-06 14:15:00,0.008176872259222576,0.008176872259222576,0.008173638696034258,0.008174161816526263,0.07976481618231435,Thin,-27427.553792110346,-29352.523711025173,-36818.09145415393,3541.361806065206,5463.228231853003,11771.536281779125
2026-09-06 14:30:00,0.008174141140909544,0.008174141140909544,0.00817400241508958,0.00817400241508958,0.00192322198399677,Reliable,-50545.29970822758,-52470.26451046802,-59935.60895490723,4861.613603359928,6783.47211627528,13091.398201391152
2026-09-06 14:45:00,0.00817405788581883,0.00817405788581883,0.008173987007329738,0.008173987007329738,0.004526360831982945,Reliable,-27478.75247495556,-29403.715617788734,-36869.03514415428,3483.781651347865,5405.638144780313,11713.523578929424
2026-09-06 15:15:00,0.008173984796199275,0.008173984796199275,0.008173965790020032,0.008173965790020032,0.0022115142779518537,Reliable,-50520.95980118507,-52445.90860840317,-59911.15931759097,4835.849899661688,6757.690632674569,13065.481511385939
2026-09-06 15:30:00,0.008173958937227376,0.008173958937227376,0.008173847762368566,0.008173847762368566,0.0027001614592740085,Reliable,-42319.54407094121,-44244.480166652,-51709.53999035323,4287.10526313965,6208.930526372133,12516.410013061184
2026-09-06 15:45:00,0.008173832941697079,0.008173832941697079,0.008173535669064518,0.008173535669064518,0.0027429058503672943,Reliable,-50718.70273817301,-52643.60522109711,-60108.16030086485,4562.635312383609,6484.4196692832165,12791.075750250033
2026-09-06 16:00:00,0.008173566804848728,0.008173566804848728,0.008173538998441818,0.008173538998441818,0.00369339809312339,Reliable,-32525.674869212893,-34450.57771071859,-41915.13817501736,3597.620932461077,5519.405725749109,11826.070590801226
2026-09-06 16:30:00,0.008256199338686033,0.009448311440944922,0.008036044274459683,0.008333850519006114,0.12530722872683614,Very Thin,-33667.548992420794,-35608.30744656789,-43322.63004920569,4003.2475728831264,6008.235008902764,12734.75979937045
2026-09-06 16:45:00,0.008333918417356118,0.008418242723156402,0.008333918417356118,0.008385541634269899,0.12477165684021685,Very Thin,-56047.62512538187,-57994.102939234836,-65764.02797229304,37719.80565611499,39777.42491456704,46637.7075856951
2026-09-06 17:00:00,0.00838573752693725,0.00842162266595005,0.00838573752693725,0.008418689137268941,0.05299861229326558,Thin,-33803.276191917714,-35754.5133615852,-43562.75443290365,2969.109006080027,5129.2728509633025,12079.245585263256
2026-09-06 17:15:00,0.008418652264281712,0.008418652264281712,0.008387901889472365,0.008391533309492808,0.10162013818921922,Very Thin,-33939.31281122579,-35887.40042526758,-43666.99819589759,2968.0506951495486,5045.027229239299,11924.872712538814
2026-09-06 17:30:00,0.00839151071199109,0.00839151071199109,0.008307535696392856,0.008307535696392856,0.07120876338754797,Thin,-56661.001311247695,-58599.77270981601,-66278.15343487207,50538.994019060694,52525.94782826248,59188.41781605229
2026-09-06 17:45:00,0.008307539218547998,0.008307539218547998,0.008307539218547998,0.008307539218547998,0.0006437802707357498,Reliable,-51948.274428417106,-53887.04621527364,-61565.43219693912,106623.44333001747,108610.39968636428,115272.87879859094
2026-09-06 18:00:00,0.008157826499383588,0.008157826499383588,0.007721059587605113,0.007916940910884494,0.13895832756575674,Very Thin,-4458.845540893202,-6764.786007473554,-13611.19781059946,16582.28726750501,18238.752924351502,24063.08739099935
2026-09-06 18:15:00,0.007917046927322547,0.00792142378053491,0.007916646264609585,0.007920025274492152,0.0055999283023388195,Reliable,-3855.167743254892,-6232.870543475996,-13070.980577481134,17312.56343684318,19033.950569677243,24860.598549475144
2026-09-06 18:30:00,0.007919873310184837,0.00792559966109012,0.00791967864488801,0.00792559966109012,0.0031870146139624024,Reliable,-3380.0618207922716,-5781.624737017104,-12593.368847058817,41794.33454708849,43530.789185048045,49361.61724683644
2026-09-06 18:45:00,0.007925581325728714,0.007925581325728714,0.007923161613583349,0.007923161613583349,0.005590508444041675,Reliable,-3179.414288394619,-5570.5406397076285,-12393.817659091812,17991.6883127467,19721.55358751558,25550.553604237946
2026-09-06 19:00:00,0.007923600189801698,0.007948289743312662,0.007923600189801698,0.007933783467920829,0.08008437018296104,Thin,-26910.5192220336,-29347.12551396458,-36133.384683481294,3902.527289594066,5661.093069933203,11498.055285138535
2026-09-06 19:15:00,0.007933499372262792,0.007933499372262792,0.007815163717006659,0.007815163717006659,0.1433380751169524,Very Thin,-2359.067924715947,-5026.080033760917,-14743.425700929258,1894.7987652394659,3228.4710936761126,8529.313809937343
2026-09-06 19:30:00,0.00781634059880801,0.007862174147028694,0.007809027031047421,0.007818592028185323,0.11719845816481336,Very Thin,-2735.2164489090587,-5411.491232604125,-15119.352998649192,2476.344834116712,3819.1089865670015,9122.44185168148
2026-09-06 19:45:00,0.007813450091397188,0.007835188363565598,0.007800944834092568,0.007834784502845443,0.14372361428163974,Very Thin,-14232.507315063207,-16955.821663900857,-26618.848725647247,54684.42274031256,56071.41003232581,61386.49690594525
2026-09-06 20:00:00,0.00783535089928713,0.008434738485585916,0.007828592377973112,0.008434656850677028,0.11291115373661131,Very Thin,-2750.6929214679367,-5395.966088472187,-14035.389063059552,3250.767122473518,6277.556584011844,13521.356987159477
2026-09-06 20:15:00,0.008530992558521381,0.008530992558521381,0.008066424124162334,0.008163939418242963,0.09140454126752551,Thin,-13991.355852825822,-16606.897464861067,-25783.79167049921,151394.93573784202,153484.42747970403,159406.06810240296
2026-09-06 20:30:00,0.008164060896926955,0.008164060896926955,0.008163822922921539,0.008163822922921539,0.0048278620208386915,Reliable,-15234.907273806506,-17852.686780741293,-27037.89559408081,165826.8621997953,167841.76775391912,173773.0255247359
2026-09-06 20:45:00,0.008163945736294797,0.008164068870808883,0.008163773257115583,0.008163773257115583,0.0013672531544690614,Reliable,-8188.7178254032815,-10806.934479443598,-19992.165155157298,69683.9460918044,71699.36434145278,77633.45354829215
2026-09-06 21:15:00,0.008163772864168639,0.008163772864168639,0.008163772864168639,0.008163772864168639,0.0005357176790383722,Reliable,-16042.21415375172,-18660.430750058495,-27845.661563804988,175104.70631694593,177120.12293223882,183054.21099234984
2026-09-06 21:30:00,0.008163766233956628,0.008163766233956628,0.008163766233956628,0.008163766233956628,0.0005357178966332032,Reliable,-16057.274394226577,-18675.490016393822,-27860.723159174384,175089.6302926844,177105.019331416,183039.08804272185
2026-09-06 21:45:00,0.008163744689172891,0.008163744689172891,0.008163133112032558,0.008163133112032558,0.0008690239297879376,Reliable,-6010.989748859625,-8628.444588496344,-17811.450514107793,36337.22608725995,38349.26253999744,44278.50734033404
2026-09-06 22:00:00,0.008163149153387589,0.008163201635272212,0.008163149153387589,0.008163201635272212,0.0007557335643477492,Reliable,-16580.60265670999,-19198.06756171544,-28381.049410210308,164628.34832787342,166640.6697918592,172570.11455697642
2026-09-06 22:15:00,0.008161991209613376,0.008161991209613376,0.008161656860429807,0.008161656860429807,0.012963678221150922,Moderate,-3763.698102575624,-6381.045360856077,-15564.970767027029,8088.389578866283,10094.403214343989,16019.826863490376
2026-09-06 22:30:00,0.008161452474539204,0.008161452474539204,0.008153581641750932,0.008153581641750932,0.024521016268240603,Moderate,-4413.597979983655,-7029.758539396327,-16216.51709560572,7788.989665011397,9761.404265355406,15663.254526524654
2026-09-06 22:45:00,0.008152669452808408,0.008152669452808408,0.00813011145854352,0.008130112107238557,0.022362277026032818,Moderate,-27209.378753689794,-29829.677816629734,-39033.25685760817,28515.289991728117,30398.55250664412,36241.74951209851
2026-09-06 23:00:00,0.008130079512995209,0.008151586337146625,0.008089909744784853,0.008151586337146625,0.07276900650534102,Thin,-3289.0105665432893,-5930.025832869787,-15128.868736030954,3010.9401951931777,4998.846958053141,10904.809739859727
2026-09-06 23:15:00,0.008152446184650334,0.008154299518167919,0.008107461188769103,0.008107461188769103,0.06327822409607609,Thin,-4793.6942553700455,-7507.769156150597,-16727.051294414276,3188.3230862372857,5083.530872363616,10860.432931115796
2026-09-06 23:30:00,0.00810742952395435,0.00810742952395435,0.008078436146708485,0.008078436146708485,0.07162769738707772,Thin,-3472.0597452050883,-6278.868806321233,-15511.752532861832,3684.608340382142,5571.621255476486,11264.658645453432
2026-09-06 23:45:00,0.008078430363404717,0.008078430363404717,0.00794082015746576,0.007943594101710699,0.09166358391036536,Thin,-23477.737011789068,-26677.358032937813,-36033.87588163421,6993.888675162874,8706.427873017776,14224.780404805393
2026-09-07 00:00:00,0.007943522647357409,0.007943522647357409,0.007943522647357409,0.007943522647357409,0.0019289816617131805,Reliable,-49614.811519196584,-52814.663222267896,-62171.22254429248,13334.839326118536,15047.20769367811,20565.47450955902
2026-09-07 00:15:00,0.007943377853047386,0.007943377853047386,0.007943208995000242,0.007943208995000242,0.003010228692393513,Reliable,-49698.23259042156,-52874.0406461565,-62170.40655224654,13049.101030023332,14733.731741410498,20170.060392656113
2026-09-07 00:30:00,0.00794359044927584,0.007970189750113129,0.00794359044927584,0.007970189750113129,0.07235466191733742,Thin,-4702.586941820286,-7791.012558190485,-17074.35468235547,3991.1197509503077,5739.97008043207,11204.365487562283
2026-09-07 00:45:00,0.007970218681726315,0.008005777036860366,0.007970218681726315,0.008005770232052964,0.09126042579959379,Thin,-7725.7848867198545,-10750.042017008753,-20093.849985276654,192012.26672503992,193963.8822009001,199466.22826101328
2026-09-07 01:00:00,0.008005745798095593,0.008033632333231672,0.008005574348970432,0.008033632333231672,0.06559835638560262,Thin,-3170.9132143702377,-5895.609895512297,-15185.267556030862,2693.8048429362884,4699.614081951154,10286.245132985685
2026-09-07 01:15:00,0.008043496995753751,0.008045108675375624,0.008043496995753751,0.008045105831169987,0.03499800528041459,Thin,-32373.891400160195,-35098.32741210515,-44375.69299048174,28330.151633867496,30339.517286301627,35966.42873444011
2026-09-07 01:30:00,0.008045041314238444,0.008045041314238444,0.008045031842442209,0.008045031842442209,0.0014140366844409336,Reliable,-47072.47710066252,-49796.914803056796,-59074.359707301555,41042.17767548281,43051.520401930466,48678.172187389064
2026-09-07 01:45:00,0.00804501415694328,0.00804501415694328,0.008044691970866574,0.008044691970866574,0.0017005451858661314,Reliable,-47330.09624956599,-50043.368672459546,-59280.19091487208,40623.752193469314,42632.98960669438,48258.448601010175
2026-09-07 02:00:00,0.008044615578311034,0.008044615578311034,0.00803315040862953,0.00803315040862953,0.06194700324588189,Thin,-25205.332952169014,-27929.006442188365,-37189.85335784319,12972.239044236881,14988.810780316082,20586.949447471347
2026-09-07 02:15:00,0.008033114511696676,0.008033114511696676,0.007984537551256613,0.007984537551256613,0.06198618022247167,Thin,-3573.7454620771905,-6298.493044319221,-15600.034957062442,3099.7847279472044,5008.083015804516,10509.326113374893
2026-09-07 02:30:00,0.007984568247157776,0.007984568247157776,0.007984566581069785,0.007984566581069785,0.001058870711701121,Reliable,-30179.80778411441,-32916.558143049464,-42229.942071305966,68505.03175589861,70414.31714939912,75915.5943190633
2026-09-07 02:45:00,0.007984552517780063,0.007984552517780063,0.007957720103431822,0.007957720103431822,0.07239089025170373,Thin,-36360.1594979845,-39138.04730882472,-48468.21865790963,21992.103986494265,23818.929616343987,29288.67075617449
2026-09-07 03:00:00,0.0079577127857981,0.0079577127857981,0.007948208514251357,0.00794820857286179,0.03845868545367716,Thin,-27980.32626255496,-30789.394701198496,-40125.494229153424,10588.00936010753,12386.539830586291,17845.095203367448
2026-09-07 03:15:00,0.007948194985700154,0.007948194985700154,0.007947670205045165,0.007947673443815695,0.006552619563080642,Reliable,-9624.678113805978,-12435.500194867447,-21771.932944843717,4228.22939192417,6025.167443069916,11483.093293625372
2026-09-07 03:30:00,0.007947445557584873,0.007947445557584873,0.007940573629132669,0.007940573629132669,0.021290107058230798,Moderate,-8466.958904177935,-11302.832899479803,-20648.740172624195,3069.644724680136,4847.380114255046,10302.760483564538
2026-09-07 03:45:00,0.007940209649889177,0.007940217842088473,0.007938142251595422,0.007938142251595422,0.02615881129355866,Moderate,-43114.43126750188,-45958.26795388276,-55305.707950627715,7930.340942394683,9700.797519430116,15153.33287833443
2026-09-07 04:00:00,0.007938138939861337,0.007938138939861337,0.007938137685737002,0.007938137685737002,0.0021134583780421322,Reliable,-51741.43664985749,-54585.28828802028,-63932.73116241771,9194.837610608452,10965.279202214075,16417.81053366871
2026-09-07 04:15:00,0.007938077995243037,0.007938077995243037,0.007938038184075976,0.007938038184075976,0.00212459957483051,Reliable,-43224.91089378046,-45993.910208646106,-55341.4157938161,7893.200220035223,9663.315239963325,15115.758802764267
2026-09-07 04:30:00,0.007937972505808267,0.007937972505808267,0.007937885320177637,0.007937885320177637,0.00290001881639419,Reliable,-51886.9136613881,-54656.05625055622,-64003.65817577243,9027.657063327197,10797.27036885199,16249.579092042686
2026-09-07 04:45:00,0.007937791146594163,0.007937791146594163,0.007859377842469657,0.00785939072009683,0.1293738882785227,Very Thin,-4352.398440608681,-7165.424469237344,-16633.817115296788,2191.8689205832306,3705.1756004779086,9088.072720615708
2026-09-07 05:00:00,0.00785934362547402,0.007860697042578942,0.007859333028788232,0.007860697042578942,0.003276440294239369,Reliable,-28091.22047541501,-30900.59315417824,-40361.23950995357,6367.153158707311,7882.7672127336045,13261.757997335217
2026-09-07 05:30:00,0.007860692052762349,0.007860692052762349,0.007860692052762349,0.007860692052762349,0.0032736307933332043,Reliable,-28116.738102059706,-30926.117927332976,-40386.77187644751,6369.365287831154,7884.963195354004,13263.94960353061
2026-09-07 05:45:00,0.007860667867686123,0.007860667867686123,0.007860658438379466,0.007860658438379466,0.0020792001162961205,Reliable,-50864.47534934831,-53673.90331770513,-63134.60841997224,10282.088212100414,11797.57734700491,17176.53427293426
2026-09-07 06:00:00,0.007860719877559609,0.007860719877559609,0.007860719877559609,0.007860719877559609,0.002501389257086206,Reliable,-42319.85020101164,-45129.19017504591,-54589.80178124185,8849.288021921044,10364.975967394277,15743.98677988474
2026-09-07 06:45:00,0.007860702254979843,0.007860702254979843,0.007860620170139505,0.007860620170139505,0.0020420325173618357,Reliable,-42368.9593434866,-45167.9158078955,-54598.69482796024,8782.13351838018,10289.247028782625,15640.34468671509
2026-09-07 07:00:00,0.007860606467328887,0.007860606467328887,0.007860534132933182,0.007860534132933182,0.0021152185462133934,Reliable,-51064.75997337303,-53790.12525191068,-63163.485344973495,10208.564036559823,11717.074165530881,17070.271393106603
2026-09-07 07:15:00,0.00786048613032431,0.00786048613032431,0.007860368051530283,0.007860368051530283,0.0017423268998542074,Reliable,-51182.26024958338,-53907.98683238898,-63281.4795881446,10088.859489353528,11596.829792931729,16949.887247288923
2026-09-07 07:30:00,0.0078603648262796,0.0078603648262796,0.007860310680438116,0.007860310680438116,0.00209877701543566,Reliable,-51217.42076327137,-53943.27215384773,-63316.81073573798,10046.604111634555,11554.387936823627,16907.397107634006
2026-09-07 07:45:00,0.007860306873607795,0.007860306873607795,0.007858579850368098,0.007858579850368098,0.008215677474691586,Reliable,-28416.663226846682,-31146.280495205505,-40521.20061397993,5499.112267801893,7001.269901298067,12352.822321589976
2026-09-07 08:00:00,0.007858577122735811,0.00816130215447821,0.007858510152846304,0.00816130215447821,0.09207513794557731,Thin,-2802.1690463309696,-5466.758850818227,-14554.186226896583,3190.216530802803,5755.741364694757,11783.43661973874
2026-09-07 08:15:00,0.008161916862409472,0.008162994535935294,0.008024872533304599,0.008052442194599312,0.07746485352613519,Thin,-3342.1100215898423,-6008.590806005878,-15225.11813336817,3737.269976521494,5768.701261418418,11404.555713959957
2026-09-07 08:30:00,0.008051803654454915,0.008051803654454915,0.00804501063444964,0.00804510286465377,0.04140731890901396,Thin,-42425.506042116154,-45116.35277152197,-54357.82206734219,37678.27298688431,39708.26776145491,45317.86523653977
2026-09-07 08:45:00,0.008045064726500083,0.008045064726500083,0.008034123975019654,0.008034123975019654,0.04444940728217037,Thin,-3653.8174591741367,-6344.975932809007,-15600.658136617569,3408.3950604629417,5432.927495347127,11003.224839605437
2026-09-07 09:00:00,0.00803509486626857,0.008037086827616455,0.008027566462477924,0.008036573768401088,0.04192483998441987,Thin,-4485.6930350529865,-7176.782183076609,-16429.294554137334,3947.8123742528733,5973.563981003297,11552.632953646675
2026-09-07 09:15:00,0.008036577405590361,0.008036866019640057,0.008036577405590361,0.008036866019640057,0.0017658195863046178,Reliable,-42164.969817639,-44856.050686320195,-54108.18484715449,25544.522304274018,27570.41934128683,33150.534647308596
2026-09-07 09:30:00,0.008036917850162997,0.008040904089738073,0.008036917850162997,0.008040904030956461,0.003175274177550369,Reliable,-49251.6149549212,-51942.581231117074,-61189.48836260965,35878.68588272901,37906.59204710793,43501.162508405316
2026-09-07 09:45:00,0.008040885676965707,0.008040885676965707,0.008040885032020476,0.008040885032020476,0.0017962942284457828,Reliable,-34725.608632354924,-37416.57544857327,-46663.507179164226,25579.527567578705,27607.42428014856,33201.92673810791
2026-09-07 10:00:00,0.008040883896490256,0.008040890981018737,0.008040881960805752,0.008040890981018737,0.0016981493591809117,Reliable,-49261.27958729727,-51954.14527296207,-61206.235431524496,35864.14570875741,37894.09081419605,43494.96318663707
2026-09-07 10:30:00,0.008040864171085552,0.008040864171085552,0.008040864171085552,0.008040864171085552,0.003794565968859631,Reliable,-17578.76679203174,-20269.734201188316,-29516.692941659785,13448.727560132187,15476.613894551505,21071.041684383697
2026-09-07 10:45:00,0.008090184592374053,0.008778943780349014,0.008090184592374053,0.008377845586112534,0.08963148554811173,Thin,-2889.3330136141844,-5540.275889170242,-14136.450182853769,3002.752576599531,6290.728893653886,13667.623854209656
2026-09-07 11:00:00,0.008298511484578754,0.008348947865276412,0.008227405644654717,0.008348947865276412,0.08601101321830051,Thin,-23853.61821523276,-26552.16121050921,-35214.70322890334,7427.52702039151,10477.012445992028,17585.204595535575
2026-09-07 11:15:00,0.00834890223170656,0.00836304735004271,0.008202211071296775,0.008227268065379451,0.0824290531066616,Thin,-2931.8791349795993,-5687.77289569847,-14642.908210132418,3066.0512031939775,5928.350099587758,12208.169992686397
2026-09-07 11:30:00,0.00823105816686143,0.008265286799548945,0.00823105816686143,0.008265286799548945,0.07924256868132626,Thin,-6556.06385310198,-9305.107284976059,-18158.846380948482,3727.4476088305746,6748.2448952926525,13188.815645622959
2026-09-07 11:45:00,0.008265284907825332,0.008272014855959554,0.008261596579165646,0.008261596579165646,0.06566037370503355,Thin,-3984.541786375928,-6735.792426781556,-15597.932580247018,3144.9551088986877,6161.832379555344,12575.368008427899
2026-09-07 12:00:00,0.008244317738690375,0.008244317738690375,0.008194108011091343,0.008194108011091343,0.08163581284856596,Thin,-70906.97678143675,-73667.27664595224,-82711.76685213271,32396.56411851613,35109.239602389534,41259.62997606434
2026-09-07 12:15:00,0.008194106185709187,0.008194106185709187,0.008194106185709187,0.008194106185709187,0.0010987391388372902,Reliable,-70908.96331935636,-73669.26342555252,-82713.75854351338,32394.315994367786,35106.98323350316,41257.36647518932
2026-09-07 12:30:00,0.008194091889559526,0.008194091889559526,0.008194023692577965,0.008194023692577965,0.0015333948132890463,Reliable,-49431.140296200036,-52191.451324388574,-61236.16841596629,23009.684572628063,25721.97921252318,31872.040142748872
2026-09-07 13:00:00,0.008193982568269054,0.008194084960868982,0.008193978651017831,0.008194084960868982,0.0011889638289745096,Reliable,-71030.70072104085,-73791.00363739922,-82835.5558675935,32410.783514948453,34938.92732090033,41089.2276345129
2026-09-07 13:15:00,0.008194076721577473,0.008194076721577473,0.008194036091285193,0.008194036091285193,0.001229685811777692,Reliable,-56433.80121936466,-59194.11060599158,-68238.79433506327,26040.315176731707,28568.238251885432,34718.347625586626
2026-09-07 13:30:00,0.008194013521398645,0.008227957268241015,0.008184621493064972,0.008225237018267545,0.07443037066929312,Thin,-46414.306711106605,-49170.47124651186,-58131.0868223575,95763.66616983106,98432.3817722869,104704.28163880079
2026-09-07 13:45:00,0.00822525130412747,0.00822570867411289,0.00822525130412747,0.0082257065389072,0.002058758956547814,Reliable,-51593.29374858976,-54349.395698982735,-63308.7444777976,109579.93862598597,112250.77087408546,118524.50171359911
2026-09-07 14:00:00,0.008225767957919242,0.008249112708426832,0.008225767957919242,0.008249112708426832,0.006144672186831146,Reliable,-6900.814974822359,-9653.789043130786,-18549.922227799496,135665.83113785245,138442.1042610051,144807.0451695572
2026-09-07 14:15:00,0.008249110570956395,0.008257389128037668,0.008249110570956395,0.008257389128037668,0.010539295786723916,Moderate,-43744.646416556825,-46496.5107458776,-55370.128054479836,6307.1573723013735,9120.678573404102,15517.840380726879
2026-09-07 14:30:00,0.008257466813903425,0.00825805251085619,0.008257466813903425,0.00825805251085619,0.002772282881662114,Reliable,-29533.87668185068,-32285.651977893493,-41157.45227827354,5468.343191017242,8284.849142378516,14684.592863755108
2026-09-07 14:45:00,0.008258127314437931,0.008258205624249126,0.008258127314437931,0.008258201100291587,0.0013439296305528092,Reliable,-70054.61127478388,-72806.36662678115,-81677.75992616794,9099.410694975173,11916.585176544604,18316.907200087328
2026-09-07 15:00:00,0.008258196231080412,0.008271169660266735,0.008257600548743234,0.008271169660266735,0.015922059787991882,Moderate,-6169.330948039679,-8914.854115692295,-17755.194745007182,4200.938727224772,7059.348940529276,13527.21284845912
2026-09-07 15:15:00,0.008271972545377145,0.00831219837090771,0.008271972545377145,0.00831219837090771,0.05818275305462739,Thin,-2893.732460225338,-5614.570153889936,-14361.271842986307,3187.981968835704,6152.128893259367,12856.107474004168
2026-09-07 15:30:00,0.00831206382223692,0.00831206382223692,0.008299209592682736,0.008299303347303546,0.07688644460213394,Thin,-54629.21263697359,-57357.85537588285,-66134.02364647338,73844.88863837968,76775.9424078067,83405.78925139213
2026-09-07 15:45:00,0.00829929259975937,0.00829929259975937,0.00817726463444628,0.00817726463444628,0.07428468383435267,Thin,-3064.4106273944535,-5826.316879800246,-14916.716367951629,2996.44228664335,5447.73452165751,11533.074924680555
2026-09-07 16:00:00,0.008177260937748633,0.008177260937748633,0.00817669088151912,0.00817669088151912,0.001798058742957398,Reliable,-50393.055856711,-53154.86247404231,-62246.97886873244,7624.150738752715,10072.673631776275,16155.94302178304
2026-09-07 16:30:00,0.008176816311260977,0.008179966206127813,0.008176816311260977,0.008179951353472423,0.00187231948041644,Reliable,-66561.28753321694,-69323.45886802548,-78406.01891627474,12411.439783264721,14878.984060900688,20977.761889746118
2026-09-07 16:45:00,0.008180077260136524,0.008180077260136524,0.008180061654133274,0.008180061654133274,0.0014493705021271452,Reliable,-66470.67119480725,-69232.82797039894,-78315.09157967124,12511.298679001573,14979.361272079575,21078.55285982087
2026-09-07 17:15:00,0.008180054367524307,0.008180054367524307,0.008180054367524307,0.008180054367524307,0.00174281016436173,Reliable,-51700.673607468736,-54462.831344872524,-63545.11453738667,10291.58451767065,12759.614169470899,18858.777124608223
2026-09-07 17:30:00,0.008180054572737428,0.008180054572737428,0.00818004726787968,0.00818004726787968,0.0019951959541193,Reliable,-51705.54960330049,-54467.72642100649,-63550.09525043236,10286.72626425381,12754.743361797,18853.893295451027
2026-09-07 18:00:00,0.008180047706009243,0.008180047706009243,0.008180047706009243,0.008180047706009243,0.0017428099433851596,Reliable,-51705.25109107038,-54467.427850945096,-63549.795502871755,10287.027449316764,12755.046527556407,18854.198182874123
2026-09-07 18:30:00,0.008180049664547911,0.008180049664547911,0.008180049664547911,0.008180049664547911,0.0017428097343854532,Reliable,-51704.12517578296,-54466.50268175078,-63549.60243258736,10288.58755735265,12756.831989587146,18856.15615690285
2026-09-07 18:45:00,0.0081800463155574,0.008180046749186756,0.0081800463155574,0.008180046749186756,0.0019951943478821567,Reliable,-51705.78591148842,-54468.1638022359,-63551.27138814782,10286.534712550183,12754.765964979628,18854.078673209548
2026-09-07 19:00:00,0.008180040993560365,0.008180041457556322,0.008180040993560365,0.008180041457556322,0.001742819465705292,Reliable,-51709.39124403694,-54471.76983319192,-63554.891640432244,10282.897089524316,12751.104419471707,18850.396328473336
2026-09-07 19:15:00,0.008180026847811914,0.008180026847811914,0.008180019561216518,0.008180019561216518,0.001742821677046935,Reliable,-51724.30985100275,-54486.691330102956,-63569.87198398403,10267.844893045254,12735.95323360963,18835.159077011183
2026-09-07 19:30:00,0.00818001899575402,0.00818001899575402,0.008164664407899697,0.008164664407899697,0.06009122362917774,Thin,-8338.604075790487,-11098.540416361457,-20218.65512491385,2980.315027203948,5374.28523351099,11417.795443340186
2026-09-07 19:45:00,0.008157978607286299,0.008157978607286299,0.008155344116710895,0.008155344116710895,0.04683195202420576,Thin,-8991.318733043901,-11749.634843298923,-20885.301775663123,31267.620259564006,33616.5553006233,39626.23445539323
2026-09-07 20:00:00,0.008155356106744515,0.008155356106744515,0.008082099880968195,0.008082126484481426,0.08660853536207995,Thin,-3076.0313193775487,-5834.913285993169,-15092.160325374121,2890.3795231818026,5004.470895860708,10748.70559967902
2026-09-07 20:45:00,0.008082133569946491,0.008084218645505384,0.008082133569946491,0.00808411368104204,0.01901114701640203,Moderate,-7444.772847059534,-10203.490209742205,-19457.581629978446,86088.10540827598,88207.07165839779,93958.43349416548
2026-09-07 21:15:00,0.008083665613258833,0.008083665613258833,0.008083665613258833,0.008083665613258833,0.0005912027125074548,Reliable,-12367.41152674157,-15126.13971862942,-24380.846260106697,161163.6474336872,163281.51456176062,169031.2694673112
2026-09-07 21:30:00,0.008083373576159646,0.008085369330372032,0.00808251301204875,0.008085369330372032,0.00962839375380986,Reliable,-8698.20416014385,-11456.76205785763,-20708.65595297773,161031.01055461835,163153.05678327422,168908.92158627967
2026-09-07 21:45:00,0.008085251887387415,0.008085822248393526,0.008084768608526735,0.008085822248393526,0.01568494780539488,Moderate,-3118.322937193716,-5876.835550393118,-15127.981644097477,4376.688310745643,6499.845441987533,12257.334398503775
2026-09-07 22:00:00,0.008085799296163765,0.008110711771828398,0.008061272390617073,0.008068583337330798,0.08244544652747257,Thin,-8453.70246176522,-11213.934737487518,-20493.51852233734,19644.712170489718,21725.564293195934,27421.202796755013
2026-09-07 22:15:00,0.008068573526494215,0.00807266128377596,0.008068219652683931,0.00807266128377596,0.06169646844197145,Thin,-3211.9740494467774,-5971.80026421933,-15244.661624984967,3418.2792442491545,5509.142895710911,11219.418379848807
2026-09-07 22:30:00,0.008072582877047077,0.008072582877047077,0.00807239243966685,0.008072410580088327,0.0017267091234733024,Reliable,-29004.06039748306,-31763.91158916307,-41037.18631376477,110641.0167468269,112715.86633230791,118425.24207191446
2026-09-07 23:00:00,0.008072127134752348,0.008072127134752348,0.008070228239111195,0.008070228239111195,0.006106093117510869,Reliable,-8110.34952962563,-10870.418069224323,-20147.29060884395,21071.443566094586,23142.45942194292,28844.00241943177
2026-09-08 00:15:00,0.008070201142870366,0.008070201172979697,0.008070201142870366,0.008070201172979697,0.0007296983063749485,Reliable,-35759.235585770686,-38519.306820173944,-47796.22397593081,117769.73459795643,119840.70290333811,125542.1487498595
2026-09-08 00:30:00,0.008070203486387954,0.008070203486387954,0.008070203486387954,0.008070203486387954,0.0006699253420741069,Reliable,-35755.88461097704,-38516.80883910501,-47796.2594198197,117774.8955518121,119846.78691959284,125551.21606198417
2026-09-08 00:45:00,0.008070201327019652,0.008070201327019652,0.008070115416847375,0.008070115416847375,0.0007423449704575535,Reliable,-35911.95783695146,-38672.89082882122,-47952.486939966024,117594.92415023007,119666.66078966288,125370.77343123742
2026-09-08 01:00:00,0.008070088538922167,0.008070088538922167,0.008066018944088947,0.008066018944088947,0.030012450718404214,Thin,-37962.16037189048,-40723.50076648234,-50009.864601734844,95634.48271479034,97699.02137585389,103388.41036747144
2026-09-08 01:15:00,0.008065994041916224,0.008065994041916224,0.008065637466367438,0.008065637466367438,0.002110077886953477,Reliable,-13182.448054385719,-15907.720004985178,-25173.94661194311,29435.268441078482,31481.26641874631,37169.28410284151
2026-09-08 01:45:00,0.008065634832674595,0.008065635007740624,0.00806563375015142,0.00806563375015142,0.0007831746991860289,Reliable,-38089.404615950574,-40813.82396175295,-50077.50030248905,93832.2592092616,95877.33261251399,101562.38185208138
2026-09-08 02:00:00,0.008065632741558786,0.008065632741558786,0.008065632741558786,0.008065632741558786,0.0007831747586886095,Reliable,-38090.98244282103,-40815.401891173744,-50079.0797100434,93830.6733766593,95875.7451959243,101560.79081422885
2026-09-08 02:30:00,0.008065635237213329,0.008065635237213329,0.008065632778853372,0.008065632778853372,0.000783174745064863,Reliable,-38090.92409459465,-40815.34353915532,-50079.02130336828,93830.7320024632,95875.80388029909,101560.84963250656
2026-09-08 02:45:00,0.008065641497012676,0.008065641497012676,0.008065633317707982,0.008065633317707982,0.0007831737977467057,Reliable,-38092.38424519641,-40819.02401022584,-50090.84617928195,93833.94032549829,95881.40459109926,101576.34864100144
2026-09-08 03:00:00,0.008065617515539105,0.008065617515539105,0.008065516611731544,0.008065516611731544,0.0009461056497971576,Reliable,-38264.21070195097,-40990.86231699844,-50262.855463386826,93622.85415800363,95670.13511975213,101364.66007403766
2026-09-08 03:15:00,0.008065508125072092,0.008065508125072092,0.008053285611795444,0.008053285611795444,0.030560476343571633,Thin,-35329.88271619667,-38055.55550042116,-47337.31617811184,45388.69513442371,47414.368448702655,53055.06580738056
2026-09-08 03:30:00,0.00805326872851804,0.00805326872851804,0.007959486073468157,0.007959486073468157,0.08834861437482329,Thin,-3443.0691959213777,-6172.767888277264,-15563.552932781828,2494.158054363983,4324.489590296165,9767.485903158333
2026-09-08 03:45:00,0.007959013588678636,0.007959013588678636,0.007862947435814479,0.007862975521605338,0.11507095400406411,Very Thin,-33475.04514371082,-36270.02226578325,-45765.2200862472,8587.971133410192,10107.160650773272,15464.114820911685
2026-09-08 04:00:00,0.007863003176433509,0.007882002304528717,0.007863003176433509,0.007881432671005606,0.09338989016157194,Thin,-35148.29159359974,-37893.9098328795,-47368.74238613787,24551.857100249465,26131.308914356476,31503.842608589293
2026-09-08 04:30:00,0.007881430238126706,0.007881430238126706,0.007881430238126706,0.007881430238126706,0.0018927360182134922,Reliable,-33435.76966896392,-36180.79687273008,-45653.76806275072,23353.615612891936,24932.41587826206,30303.187391149262
2026-09-08 04:45:00,0.007881423241048374,0.007881423241048374,0.007881423241048374,0.007881423241048374,0.001523751166716547,Reliable,-40966.51332784651,-43711.5592561542,-53184.53815584578,28599.634528164286,30178.411961845944,35549.177593870845
2026-09-08 05:00:00,0.007881404467015176,0.007881404467015176,0.007881398141536976,0.007881398141536976,0.00152375353278984,Reliable,-40986.85661880197,-43731.96971461589,-53204.976269930914,28578.97088655062,30157.666419647307,35528.41095616442
2026-09-08 05:15:00,0.007881411947089495,0.007881411947089495,0.007881245500997024,0.007881245500997024,0.0015237978947248987,Reliable,-41062.60180888167,-43789.22056980971,-53269.35397991858,28526.277356356743,30106.876753823573,35485.82250637065
2026-09-08 05:30:00,0.00788124083011014,0.00788124083011014,0.00788124083011014,0.00788124083011014,0.0015197413173395624,Reliable,-41066.40809766149,-43793.029102552304,-53273.167709504436,28522.421669728286,30103.005825053813,35481.94759734859
2026-09-08 05:45:00,0.007881220254410536,0.007907921193228256,0.007881220254410536,0.007907921193228256,0.01524377920892843,Moderate,-32791.131011094556,-35514.84035884892,-44958.571506004904,90228.57995348073,91894.79988103363,97287.8176697428
2026-09-08 06:00:00,0.007907919681690481,0.007907919681690481,0.007907911898154416,0.007907911898154416,0.0009778222038091533,Reliable,-34162.44938237226,-36886.15657912218,-46329.89800387172,94204.77502689982,95870.96409896492,101263.97408850201
2026-09-08 06:15:00,0.007907909413441381,0.007907909413441381,0.007907909413441381,0.007907909413441381,0.0008028505471298075,Reliable,-34166.3173719972,-36890.023993751136,-46333.76816585392,94200.88490985411,95867.06573378017,101260.0736384805
2026-09-08 06:30:00,0.007907883437328582,0.007907883437328582,0.007907858548171416,0.007907858548171416,0.0009037798458279012,Reliable,-34205.32475431425,-36929.019605151865,-46372.82001890937,94165.5805837291,95831.59255736125,101224.55778270091
2026-09-08 06:45:00,0.007907848713140235,0.007907848713140235,0.007907848582076342,0.007907848582076342,0.0009597856587343801,Reliable,-34218.07463267767,-36941.76717722302,-46385.57861043317,94141.85633509055,95807.83522561277,101200.79208871655
2026-09-08 07:15:00,0.007907839494559392,0.007907839494559392,0.007907836350238668,0.007907836350238668,0.0008937358240634242,Reliable,-34237.67248872493,-36961.36220265278,-46405.18716051416,94124.30351493397,95790.24180103575,101183.1884007834
2026-09-08 07:45:00,0.007907843120348973,0.007907843120348973,0.007907843120348973,0.007907843120348973,0.0006952071038228702,Reliable,-39121.46770909199,-41847.61051795018,-51298.7497583071,108450.50336399846,110119.104637744,115520.57342072848
2026-09-08 08:15:00,0.0079078418988327,0.0079078418988327,0.007907841494539198,0.007907841494539198,0.0006952021656053021,Reliable,-39124.39413642917,-41850.53656880035,-51301.677626087694,108447.56142338458,110116.15729987205,115517.62469792581
2026-09-08 08:30:00,0.007907837329088983,0.007907837329088983,0.007907837329088983,0.007907837329088983,0.0006952023505217841,Reliable,-39131.891879562136,-41858.033347344375,-51309.17905974604,108440.02397699095,110108.60602528388,115510.06987503744
2026-09-08 08:45:00,0.00790783427416158,0.00790783427416158,0.007907814537358027,0.007907814537358027,0.0008225981168602292,Reliable,-39167.177251656605,-41890.861917777715,-51334.71099392367,108386.84031478112,110052.70619145811,115445.63448867346
2026-09-08 09:15:00,0.00790781346147384,0.00790781346147384,0.007907794383520437,0.007907794383520437,0.000822596838667411,Reliable,-39202.017161075826,-41925.69716331295,-51369.568523294634,108346.19431125197,110011.99328572808,115404.90467244183
2026-09-08 09:30:00,0.007907787385726837,0.007907787385726837,0.007907769661028938,0.007907769661028938,0.0006952980852774182,Reliable,-39246.367870460854,-41970.04215155869,-51413.9408467966,108301.04613465293,109966.76304081662,115359.65368357416
2026-09-08 09:45:00,0.007907776372589513,0.007907776372589513,0.007907776372589513,0.007907776372589513,0.000695300607099103,Reliable,-39236.624732413366,-41962.55256341834,-51414.06344089527,108315.5839620646,109983.7487484711,115385.35398941788
2026-09-08 10:00:00,0.007907771998778726,0.007911627101158624,0.007907765313306761,0.007911596654851182,0.004201238063428603,Reliable,-14431.403247206797,-17158.215638273883,-26605.46023344068,46654.718003918984,48335.563585724485,53740.41874828925
2026-09-08 10:15:00,0.007910491084137798,0.00791192950517745,0.007910491084137798,0.00791192950517745,0.0534170940627654,Thin,-9861.555498165648,-12588.444953491853,-22035.31773864034,29881.091527703193,31563.041806130954,36968.180087957655
2026-09-08 10:30:00,0.007912897977736201,0.007912897977736201,0.007912769595443094,0.007912769595443094,0.0030804865824041626,Reliable,-14001.001627963327,-16728.085584410514,-26174.019875880473,49166.67024674041,50851.408596596964,56257.26142457979
2026-09-08 10:45:00,0.007912626929140926,0.007912626929140926,0.007912323029103552,0.007912323029103552,0.005127320798277157,Reliable,-14253.255453029791,-16977.983375180353,-26416.845986584034,48538.57809248917,50219.40810924107,55616.1188098907
2026-09-08 11:00:00,0.007896446384066537,0.007896469393570943,0.007895825078918794,0.007896469393570943,0.021066860804634047,Moderate,-4296.704458771677,-7017.763238261743,-16474.147143274164,4424.098324073669,6052.2896371739025,11435.695142037353
2026-09-08 11:15:00,0.00789642375129634,0.007897291168976963,0.007896378109417462,0.007897291168976963,0.011714748390060281,Moderate,-5695.870202367593,-8417.119216562418,-17872.59580204908,6732.388444940504,8363.309590379497,13747.405099958327
2026-09-08 11:30:00,0.007897280432193166,0.007897689987774043,0.007897161956256444,0.007897689987774043,0.0053348654130003234,Reliable,-26002.148140182027,-28723.489476127295,-38178.5256916234,39529.84029119131,41162.08621025367,46546.51657557947
2026-09-08 11:45:00,0.00789780852290195,0.00789782008840967,0.00789780852290195,0.007897813505748613,0.0015106505200822794,Reliable,-32830.31083185807,-35553.426176192464,-45014.72885953999,50845.11467735084,52479.650852455896,57871.964360109734
2026-09-08 12:00:00,0.007897811919886382,0.00789851944091813,0.007897811919886382,0.00789851944091813,0.0031014164705819524,Reliable,-32165.652517639235,-34888.931352055166,-44349.454768554075,51613.74857231347,53250.62966644091,58643.536212819585
2026-09-08 12:15:00,0.007898513650853593,0.007898513650853593,0.007898509417409752,0.007898509417409752,0.0014494500697232126,Reliable,-32175.2321674251,-34898.50868048541,-44359.043162230635,51603.041201995984,53239.88900156787,58632.787127629854
2026-09-08 12:30:00,0.007898462110639966,0.007898462110639966,0.00789831245467301,0.007898324983834443,0.0017183340182779006,Reliable,-25806.967898382693,-28530.20169813498,-37990.93977892701,40501.99404348596,42138.229216072716,47530.972406496156
2026-09-08 12:45:00,0.007898339568074135,0.007898873125199551,0.007898339568074135,0.007898870686772036,0.002485274358175893,Reliable,-25529.093899066596,-28252.454078450988,-37712.589735054906,41176.297810284654,42814.34560577463,48207.54721525856
2026-09-08 13:00:00,0.007898886901754228,0.007898886901754228,0.007898878437111604,0.007898878437111604,0.001909281040427091,Reliable,-31949.897426433083,-34673.25940070737,-44133.38650107639,52216.344696800246,53854.41823559477,59247.62635565598
2026-09-08 13:15:00,0.00789887234340401,0.007898986488023552,0.00789887234340401,0.007898977936135532,0.001391521729743861,Reliable,-35815.67783012514,-38539.06284719549,-47999.08010166124,59161.28223115551,60799.68626191871,66192.97796462552
2026-09-08 13:30:00,0.007899094369726035,0.007899289414193007,0.007899094369726035,0.007899287114530624,0.0014896148023362033,Reliable,-31563.31121212454,-34286.76783079858,-43746.44374627871,52666.54366321686,54305.97463525832,59699.52605522631
2026-09-08 13:45:00,0.007899286157425923,0.007899286157425923,0.007899278165342192,0.007899278165342192,0.0014380712087742609,Reliable,-31612.267955017644,-34335.82560059078,-43795.889604798664,52727.63860721705,54367.15090187981,59761.15432540984
2026-09-08 14:00:00,0.007899276590201424,0.007899276590201424,0.007899276590201424,0.007899276590201424,0.0010201879384661439,Reliable,-37952.74958023402,-40676.306861016856,-50136.37260420644,63847.9181784168,65487.42524125972,70881.42734160008
2026-09-08 14:30:00,0.007899295312708063,0.007903843023363978,0.007899295312708063,0.007903843023363978,0.0037207466155001275,Reliable,-19237.273414959127,-21961.88817132744,-31416.910978122614,39582.01268953296,41236.68493992274,46634.52249717019
2026-09-08 14:45:00,0.007903935250594442,0.007904762641441652,0.00790387238323002,0.007904762641441652,0.0019468677816954823,Reliable,-27518.379322754976,-30241.35770379468,-39688.58054861534,61635.37671391292,63291.110618135965,68681.47791236591
2026-09-08 15:00:00,0.007904753824251416,0.007904753824251416,0.007904743215990613,0.007904743215990613,0.0013314225909647037,Reliable,-23457.79620795884,-26180.770093249845,-35628.01440791599,51809.80419155129,53465.473599062665,58855.82459081331
2026-09-08 15:15:00,0.007904742734548484,0.007904742734548484,0.007904741207561015,0.007904741207561015,0.0009876250125778307,Reliable,-32210.604203127506,-34933.57762359543,-44380.82415806143,72829.059779009,74484.72251809387,79875.071824303
2026-09-08 15:30:00,0.007904739337896543,0.007904739337896543,0.007904731863264682,0.007904731863264682,0.0011718207898191225,Reliable,-27549.21081722885,-30271.94932468224,-39718.35236840087,61598.30962273044,63253.82761018653,68644.16907434579
2026-09-08 15:45:00,0.007905098572343703,0.007925718013283312,0.00790509447829923,0.007925718013283312,0.08333982261038164,Thin,-2829.586981933314,-5557.180562006799,-14980.35574074109,2409.274952634599,4134.399645590563,9542.34172841869
2026-09-08 16:00:00,0.007925797731135527,0.007936625443694409,0.007925797731135527,0.007936610373221882,0.05906268216963351,Thin,-22277.30092747029,-25007.41317997612,-34418.125076166005,4838.6380510466815,6599.854115057643,12016.922193069891
2026-09-08 16:15:00,0.007936586897036309,0.007939372918873993,0.007936435035873822,0.007939372918873993,0.005050138163168327,Reliable,-6201.051656970342,-8931.314598809546,-18339.292065513968,3042.1126756325148,4812.12607899808,10231.860017656596
2026-09-08 16:30:00,0.007946407733188538,0.007947313743206298,0.007946407733188538,0.007947313743206298,0.044184781811942166,Thin,-3865.2032891512918,-6595.152416354609,-15996.010249165123,2847.481931527398,4641.247056857304,10070.168671589603
2026-09-08 17:00:00,0.007947306981358994,0.007947306981358994,0.007947301892179784,0.007947301892179784,0.0032582636784675768,Reliable,-25157.927477379402,-27887.877074058237,-37288.745538487565,9701.48109109226,11495.210777776345,16924.11868407948
2026-09-08 17:15:00,0.007947689133400677,0.007947761960171443,0.007947683304256653,0.007947761960171443,0.0037509969241295237,Reliable,-43003.00797849196,-45732.939347203515,-55133.39506870309,15611.914631878357,17407.02006071531,22836.46013362433
2026-09-08 17:30:00,0.007947759111997863,0.007947759111997863,0.007947758664886041,0.007947758664886041,0.0018272042626598984,Reliable,-43005.2131133426,-45735.14461263199,-55135.60329054473,15609.676601735046,17404.77217681563,22834.208438080106
2026-09-08 18:00:00,0.007959226062893543,0.0079670268295209,0.007959226062893543,0.007967012104946157,0.0688004978884931,Thin,-43399.189783584254,-46128.3538914847,-55511.51484664532,41494.4686221585,43347.1021475017,48798.79532343348
2026-09-08 18:15:00,0.007967010556414628,0.007967010556414628,0.007967010556414628,0.007967010556414628,0.001235620777171098,Reliable,-43400.73271416714,-46129.89688414637,-55513.059232488245,41492.91018529391,43345.53908572481,48797.23047264123
2026-09-08 18:30:00,0.007967008337860678,0.007967073505468006,0.007967008337860678,0.00796705897476709,0.0014127232916036903,Reliable,-43418.45001032856,-46147.612239246606,-55530.731026467096,41605.41852577436,43458.19203437092,48909.939358830976
2026-09-08 18:45:00,0.007967057643622473,0.007967057643622473,0.007966967403002219,0.007966968538066329,0.0014127240763148752,Reliable,-43508.24814753438,-46237.41400195707,-55620.61415320388,41513.81484764929,43366.31825406386,48817.96109720005
2026-09-08 19:00:00,0.00796696701028753,0.007975032764579941,0.00796696701028753,0.007975032764579941,0.014855560382269761,Moderate,-26588.59885909244,-29317.44065612255,-38693.38140015185,36796.234403491915,38673.41320331058,44134.37029985957
2026-09-08 19:15:00,0.007975202578937073,0.007977892531727416,0.007975202578937073,0.007977892531727416,0.017355028907323655,Moderate,-32281.387087531708,-35010.11359141453,-44383.47794233626,51980.22923196212,53866.302258230564,59330.56128009958
2026-09-08 19:30:00,0.007977714272305767,0.007977714272305767,0.007977712620173476,0.007977712620173476,0.0011247476776065745,Reliable,-37742.901599232355,-40471.635362130764,-49845.16182856004,60610.23741908904,62495.75094536085,67959.80225639454
2026-09-08 20:00:00,0.007977729928614376,0.007977729928614376,0.007977728260755925,0.007977728260755925,0.001059661005005541,Reliable,-37745.171691156924,-40473.90482302473,-49847.417196135204,60607.874388771685,62493.43655533748,67957.50592377271
2026-09-08 20:15:00,0.007977723485471143,0.007977723485471143,0.007977723485471143,0.007977723485471143,0.0010591086526838822,Reliable,-37750.73401440633,-40479.467338937095,-49852.98401493488,60602.26827727744,62487.81559329805,67951.87944856228
2026-09-08 20:30:00,0.007977652227379693,0.007977652227379693,0.007977652227379693,0.007977652227379693,0.001131276216584487,Reliable,-37828.35660917285,-40557.092808607034,-49930.67369310087,60509.6718616159,62394.99757325527,67858.97915929447
2026-09-08 20:45:00,0.007977650959633252,0.007977650959633252,0.007977650959633252,0.007977650959633252,0.0010592743447355168,Reliable,-37829.83306544832,-40558.569316028545,-49932.1513428441,60508.18376783439,62393.50553692073,67857.48565931206
2026-09-08 21:00:00,0.00797765002135586,0.00797765002135586,0.00797765002135586,0.00797765002135586,0.0010592744070143656,Reliable,-37830.92581292296,-40559.662101357084,-49933.244973621295,60507.08240980257,62392.40126094847,67856.38030007287
2026-09-08 21:15:00,0.00797764896045268,0.00797764896045268,0.00797764896045268,0.00797764896045268,0.001059274477500649,Reliable,-37832.16137190713,-40560.897703142335,-49934.48153134881,60505.83710870468,62391.15266055708,67855.13047483962
2026-09-08 22:00:00,0.007977576729769006,0.007977576729769006,0.007977576729769006,0.007977576729769006,0.0011312815711297386,Reliable,-35656.46175008258,-38385.200995330626,-47758.84990770135,56680.64649329886,58565.73741506523,64029.631836848945
2026-09-08 22:30:00,0.00797757494835424,0.00797757494835424,0.00797757494835424,0.00797757494835424,0.001131281697474451,Reliable,-37912.783563909696,-40641.522881023986,-50015.173398547384,60310.29076302062,62195.37614475523,67659.2685098372
2026-09-08 22:45:00,0.0079775713855265,0.0079775713855265,0.0079775713855265,0.0079775713855265,0.001131281950164098,Reliable,-37916.66458278394,-40645.40404363049,-50019.0577714563,60305.666389999365,62190.74069167423,67654.6289433541
2026-09-08 23:15:00,0.007977572244463013,0.007977572244463013,0.007977572244463013,0.007977572244463013,0.0013468582317617273,Reliable,-32593.63968622148,-35322.37911241671,-44696.032066293905,51499.886927005544,53384.96389989253,58848.853143242995
2026-09-08 23:30:00,0.007977559480939091,0.007977559480939091,0.007977559480939091,0.007977559480939091,0.0012462623804949668,Reliable,-32606.246819139997,-35334.9867602415,-44708.651214738806,51487.17099444884,53372.20827395661,58836.082781391066
2026-09-08 23:45:00,0.007977556984969809,0.007977556984969809,0.007977556984969809,0.007977556984969809,0.0010595159460020653,Reliable,-37931.38609994989,-40660.126141743385,-50033.7928452405,60285.381120059974,62170.41063733036,67634.28226308328
2026-09-09 00:15:00,0.007977555261430293,0.007977555261430293,0.007977553537891332,0.007977553537891332,0.0010595161635282625,Reliable,-37935.39974562175,-40664.13992647645,-50037.80973597154,60281.33578524352,62166.35458241145,67630.22222839414
2026-09-09 00:30:00,0.007977551760825093,0.007977551760825093,0.007977018277074213,0.007977018277074213,0.0019655658387171203,Reliable,-14605.350309232816,-17334.112079996663,-26708.26416871772,21165.73137703327,23049.08553334333,28512.335191935173
2026-09-09 00:45:00,0.007977014001555646,0.007977014001555646,0.007977014001555646,0.007977014001555646,0.0010724706211855395,Reliable,-38128.02050465449,-40856.78244784508,-50230.93838873195,58948.424461880495,60831.765321265004,66295.01004345733
2026-09-09 01:00:00,0.00797700725394329,0.007977373182712185,0.00797700725394329,0.007977373182712185,0.002044190172084104,Reliable,-23118.186542673284,-25846.9339989765,-35220.76631576253,35465.2120143743,37349.669920008004,42813.32933855584
2026-09-09 01:15:00,0.007977515907380519,0.007980394615866132,0.007977515907380519,0.007980388294145964,0.010283025906353549,Moderate,-36479.00151597777,-39207.62724160652,-48578.74226540146,67165.91093139102,69059.74478218876,74526.88496108279
2026-09-09 01:30:00,0.007980384050521207,0.007980384050521207,0.007980384050521207,0.007980384050521207,0.0010662354729940038,Reliable,-28732.389614278498,-31461.015511390422,-40832.13436047589,52211.12867219623,54104.9493280456,59572.084608398465
2026-09-09 01:45:00,0.007980303852780079,0.007980303852780079,0.007980302538920922,0.007980302538920922,0.0013669922226717812,Reliable,-36565.60327967009,-39270.52867103982,-48617.7874646899,67044.88161842314,68937.2049597159,74404.24614857303
2026-09-09 02:00:00,0.007980299741835208,0.007980299741835208,0.007980299741835208,0.007980299741835208,0.0010018486429184126,Reliable,-36569.050216085496,-39273.975724632655,-48621.236705292366,67041.40945714952,68933.72444799964,74400.76240808105
2026-09-09 02:30:00,0.007980298062108725,0.007980298062108725,0.007980298062108725,0.007980298062108725,0.0010659596388404857,Reliable,-36570.9938347123,-39275.91941362768,-48623.18170764601,67039.08180403398,68931.39178021417,74398.4278013272
2026-09-09 03:00:00,0.007980296484955513,0.007980296484955513,0.007980294603604289,0.007980294603604289,0.0010018526614945956,Reliable,-36575.2558398441,-39280.18156364512,-48627.44656182681,67034.78860356723,68927.08825469679,74394.12028353372
2026-09-09 03:30:00,0.007980261987118632,0.007980261987118632,0.007980261987118632,0.007980261987118632,0.0010018547211692042,Reliable,-36615.44993896945,-39320.377029145355,-48667.66752969602,66994.30021469355,68886.50249215978,74353.49687057137
2026-09-09 03:45:00,0.007980270415123386,0.007980270415123386,0.007980270415123386,0.007980270415123386,0.0010018541920171486,Reliable,-36605.06390852509,-39309.99064563617,-48657.27455646151,67004.76230349275,68896.98974204862,74363.99384922767
2026-09-09 04:00:00,0.007980286201835997,0.007980286201835997,0.007980277992453296,0.007980277992453296,0.001001853664716168,Reliable,-36595.7261803678,-39300.652600048896,-48647.93058627092,67014.1684041826,68906.41846419954,74373.43131817524
2026-09-09 05:00:00,0.007980273776625788,0.007980273776625788,0.007980273776625788,0.007980273776625788,0.0010659593993931349,Reliable,-36600.660423974216,-39305.58702026522,-48652.868302781906,67008.4347879589,68900.67226198988,74367.68024947798
2026-09-09 05:15:00,0.007980271013836703,0.007980271013836703,0.007980260632177343,0.007980260632177343,0.0010018624077591022,Reliable,-36616.8585149885,-39314.55537003363,-48622.998459399,66992.11807502968,68884.31630743296,74351.30912178366
2026-09-09 05:30:00,0.007980228015650882,0.007980228015650882,0.007980160599036393,0.007980160599036393,0.0010403383241055053,Reliable,-36746.629685438726,-39451.75097394037,-48785.61325639521,66870.84122629884,68762.7408172484,74229.61815912562
2026-09-09 05:45:00,0.007980156611740724,0.007980156611740724,0.007979794824236754,0.007979794824236754,0.0015773513532855166,Reliable,-36807.84145858588,-39512.99971659203,-48847.14112864641,65689.72637154513,67580.53395327704,73046.98905971498
2026-09-09 06:00:00,0.007979795197127881,0.007979795197127881,0.007979795197127881,0.007979795197127881,0.0010132461025929018,Reliable,-36807.38717701475,-39512.54539733403,-48846.68652483644,65690.18404406753,67580.99273906698,73047.44827596008
2026-09-09 06:15:00,0.007979791154840349,0.007979791154840349,0.007979791154840349,0.007979791154840349,0.0010132463592935625,Reliable,-36812.31177585634,-39517.47040471619,-48851.614616873565,65685.22270554742,67576.01933228443,73042.4702028725
2026-09-09 06:30:00,0.00797979093858252,0.00797979093858252,0.00797979093858252,0.00797979093858252,0.0010132463730292418,Reliable,-36812.57523631123,-39517.7338870275,-48851.8782642104,65684.9572794897,67575.75326058819,73042.20388153415
2026-09-09 06:45:00,0.007979779305707082,0.007979779305707082,0.007979779305707082,0.007979779305707082,0.0010788152206013812,Reliable,-36825.87278395967,-39531.032610369424,-48865.1858645461,65669.04875576378,67559.81000685759,73026.24719912682
2026-09-09 07:00:00,0.007979765443292966,0.007979765443292966,0.007979765443292966,0.007979765443292966,0.001013273749620458,Reliable,-36842.760494961294,-39547.92172239123,-48882.085554891,65652.03500884234,67542.75487360015,73009.17606346073
2026-09-09 07:15:00,0.007979763860750366,0.007979763860750366,0.007979763860750366,0.007979763860750366,0.0010132738501398286,Reliable,-36844.688405959016,-39549.84979332999,-48884.01483345685,65650.092705873,67540.80784593633,73007.2272089502
2026-09-09 07:30:00,0.007979752833209609,0.007979752833209609,0.007979752833209609,0.007979752833209609,0.0010788170105442418,Reliable,-36857.29397212351,-39562.4564740008,-48896.62992915755,65635.0152265731,67525.69744380607,72992.10407690384
2026-09-09 08:30:00,0.007979758815406548,0.007979758815406548,0.007979721543397862,0.007979721543397862,0.0010722670691670766,Reliable,-36892.61195533567,-39597.77761952195,-48931.97495160859,65591.40887892709,67481.99767999849,72948.36819287545
2026-09-09 08:45:00,0.007979725736703793,0.007979725736703793,0.007979725736703793,0.007979725736703793,0.0010133829597018806,Reliable,-36892.69042155036,-39597.855661941205,-48932.04979416656,65606.19886984523,67496.80019009954,72963.1755436341
2026-09-09 09:00:00,0.007979721433652328,0.007979721433652328,0.007979721433652328,0.007979721433652328,0.0010786463147967051,Reliable,-36897.610025319496,-39602.77570059715,-48936.97311642928,65600.31732946842,67490.90580289267,72957.27618908188
2026-09-09 09:45:00,0.007979717401568423,0.007979717401568423,0.007979717401568423,0.007979717401568423,0.0010132404848048893,Reliable,-36902.52221877977,-39607.688301558555,-48941.88879422326,65595.36843293684,67485.94486850598,72952.31060014741
2026-09-09 10:15:00,0.00797971728199406,0.00797971728199406,0.00797971728199406,0.00797971728199406,0.0010858419470400893,Reliable,-36688.05586391825,-39393.22195878177,-48727.42254269217,65196.33883684662,67086.91491542441,72553.28050903186
2026-09-09 10:45:00,0.00797969925798131,0.00797969925798131,0.007979698112396669,0.007979698112396669,0.0010725928317435241,Reliable,-36711.17722726272,-39416.345259488546,-48750.56047145087,65172.799444285134,67063.31829166155,72529.66175629696
2026-09-09 11:00:00,0.007979694055070083,0.007979694055070083,0.007979593277266562,0.007979593277266562,0.0010195972522925479,Reliable,-36838.090287661995,-39543.26891479967,-48877.564124197655,65044.93400619669,66935.13986506175,72401.36230980148
2026-09-09 11:15:00,0.007979588956455385,0.007979588956455385,0.007970554304547304,0.007970554304547304,0.002420629605189184,Reliable,-5059.314882848479,-7765.40587197812,-17106.59351950222,4787.570213606934,6650.782205686784,12106.56722277845
2026-09-09 11:30:00,0.007969457423878135,0.007969457423878135,0.007965233915771948,0.007965233915771948,0.008342546464093915,Reliable,-39905.64635538646,-42612.273310901866,-51957.513252102675,34900.28369791369,36747.60610924803,42197.24483223627
2026-09-09 11:45:00,0.007964620044385997,0.007964620044385997,0.00796332203028964,0.00796332203028964,0.003436325659355033,Reliable,-18274.711783598053,-20911.238447377767,-30000.07295215686,14535.43951763561,16301.339341991852,21457.646893287598
2026-09-09 12:00:00,0.007963275695005696,0.007963275695005696,0.007963275695005696,0.007963275695005696,0.0029427141218789643,Reliable,-21000.817667835665,-23637.349197964326,-32726.219718522574,16684.3215764952,18450.083201870242,23606.354059358917
2026-09-09 12:15:00,0.007962941894679103,0.007962941894679103,0.007953075570149515,0.007953075570149515,0.07124823713814847,Thin,-2954.016767763582,-5591.618131012393,-14688.410769028535,2146.052961603743,3881.382042138379,9029.572623494045
2026-09-09 12:45:00,0.007953067679195833,0.007953067679195833,0.007953067679195833,0.007953067679195833,0.0019967543456305137,Reliable,-36200.746410994056,-38838.348600775935,-47935.14736259045,17506.185849745678,19241.491379702467,24389.67570804271
2026-09-09 13:00:00,0.00795202867045728,0.00795202867045728,0.007941916427444505,0.007941916427444505,0.02354239843855188,Moderate,-5274.598377160442,-7913.366889645185,-17018.81209895695,2536.2624635519896,4238.2753625788655,9377.620021002596
2026-09-09 13:15:00,0.0079406112962056,0.0079406112962056,0.007868573849294737,0.007868573849294737,0.11806146414502365,Very Thin,-3076.4067476867144,-5704.464671639503,-14882.783464788141,1992.6800257734074,3454.183404553312,8557.581085819615
2026-09-09 13:30:00,0.007868500214716412,0.007868500214716412,0.007866653845543456,0.007866653845543456,0.0018124149389688426,Reliable,-30146.12291621274,-32773.88872442519,-41954.12450874996,9773.489285966778,11228.7336819725,16331.218672409892
2026-09-09 13:45:00,0.007866648534911341,0.007866648534911341,0.007866591638071853,0.007866591638071853,0.003304526003776842,Reliable,-45003.66893131013,-47631.42527435885,-56811.723160064685,13994.70424500167,15449.745839310437,20552.20125701125
2026-09-09 14:15:00,0.007866581796586532,0.007866581796586532,0.007866560466718174,0.007866560466718174,0.002093036123522607,Reliable,-45020.48252106919,-47648.23412123081,-56828.56312492948,13976.088487788726,15431.028460507358,20533.46905965111
2026-09-09 14:30:00,0.007866542423815032,0.007866542423815032,0.007866482556761987,0.007866482556761987,0.0019522303126222609,Reliable,-38124.43065051754,-40753.6991180825,-49939.71384039466,11948.129743051111,13404.46229031269,18513.66063077363
2026-09-09 14:45:00,0.007866465364353589,0.007866465364353589,0.00785360537884172,0.00785360537884172,0.025587833264224112,Moderate,-5671.931717440036,-8299.2386289923,-17498.092307522667,2070.875979103827,3485.208904251613,8588.179880254324
2026-09-09 15:00:00,0.007853592628923965,0.007853592628923965,0.007837376148572443,0.007837376148572443,0.10928417794405054,Very Thin,-2765.209992779178,-5390.041997272411,-14604.248420325688,2537.9633831947253,3899.3147094288774,8994.430002227531
2026-09-09 15:15:00,0.007837228299409492,0.007837228299409492,0.0077871368686985645,0.0077871368686985645,0.003241378008203899,Reliable,-37053.166158580614,-39763.50264676284,-49024.522179541214,10898.32013749227,12167.902410359347,17238.647914755093
2026-09-09 15:30:00,0.007787109399664938,0.007787109399664938,0.007773055673446559,0.007773055673446559,0.002806565688579621,Reliable,-11418.17842879287,-14095.384336809599,-23369.463335654415,2012.3351316903024,3275.297386127625,8340.075516161445
2026-09-09 15:45:00,0.007772999578208453,0.007772999578208453,0.007771623383477619,0.007771623383477619,0.007060277229439315,Reliable,-30144.020345244564,-32823.27092168071,-42098.67677025754,1978.3461178967416,3240.5675410346175,8304.805518165498
2026-09-09 16:00:00,0.007771507920089233,0.007771507920089233,0.00775060137579242,0.00775060137579242,0.10165521380011362,Very Thin,-24865.00430718945,-27574.237948572743,-36869.086008711834,65279.814705445686,66531.15493446813,71587.45924492883
2026-09-09 16:15:00,0.007750600072488382,0.007750600072488382,0.007750522085250206,0.007750522085250206,0.0010940545662074808,Reliable,-26069.92812762779,-28779.27476311223,-38074.196040737916,68300.99275642542,69552.29191598225,74608.56628198587
2026-09-09 16:45:00,0.007750516416188718,0.007750516416188718,0.007750499184052999,0.007750499184052999,0.0009619130828864009,Reliable,-29402.98193561952,-32112.36120664281,-41407.303631247014,77504.43659030674,78755.72388788099,83811.98960510813
2026-09-09 17:00:00,0.00775048073918989,0.00775048073918989,0.0077498460759706555,0.0077498460759706555,0.0024505386800183883,Reliable,-25771.9530216726,-28482.262984450103,-37777.80845919838,64664.20570869475,65915.15471279173,70971.17377439844
2026-09-09 17:15:00,0.007749684207990649,0.007749684207990649,0.007749237067158167,0.007749237067158167,0.0032906831611110967,Reliable,-25930.51908175612,-28641.696849963984,-37937.804602972305,62655.564116879075,63906.1976569622,68961.9867083048
2026-09-09 17:30:00,0.007749236159343096,0.007749236159343096,0.007749235928810616,0.007749235928810616,0.001151037178215808,Reliable,-29952.471054627003,-32663.650444880248,-41959.75924884073,72947.83833201214,74198.47128242438,79254.25990382777
2026-09-09 17:45:00,0.007749197344812393,0.007749197344812393,0.007749197344812393,0.007749197344812393,0.00100031697269376,Reliable,-30001.504999343917,-32712.73936832358,-42008.883793932175,72898.30445917699,74148.91742282076,79204.69147152585
2026-09-09 18:00:00,0.007749166163011944,0.007749166163011944,0.007749151161574457,0.007749151161574457,0.0011265330833677423,Reliable,-30057.81667902811,-32769.116854742955,-42065.30391752709,72832.95562305267,74083.54466340567,79139.30126922602
2026-09-09 18:15:00,0.007749146856672372,0.007749146856672372,0.0077491010470777145,0.0077491010470777145,0.0011125453755907345,Reliable,-30119.077273195013,-32830.448857039795,-42126.682186076025,72762.47930939535,74013.04238995307,79068.7800680381
2026-09-09 18:30:00,0.007749087166954027,0.007749087166954027,0.007749087166954027,0.007749087166954027,0.0011680276692913605,Reliable,-26088.554099598063,-28799.945461175645,-38096.19160443324,62478.65948827225,63729.21537877647,68784.94781446921
2026-09-09 18:45:00,0.007748996989899558,0.007748996989899558,0.007748482811158638,0.007748482811158638,0.0029442074218756,Reliable,-30333.39990741433,-33045.65239175704,-42342.45645466321,70974.23331525338,72224.47613670441,77279.98030834022
2026-09-09 19:00:00,0.007748482714287977,0.007748482714287977,0.007748471514973217,0.007748471514973217,0.001144688500250668,Reliable,-30345.77499085007,-33058.043570284135,-42354.858060948216,70955.6116826398,72205.84865231221,77261.34855731511
2026-09-09 19:15:00,0.007748340051590489,0.007748340051590489,0.007695231668929817,0.007695231668929817,0.1115373981257346,Very Thin,-29942.642994622416,-32504.571617763922,-41850.2615416432,2083.2945042805386,3318.8885536925163,8354.24479989887
2026-09-09 19:30:00,0.007695230723489419,0.007695230723489419,0.0076948212247416,0.007694876802026976,0.0048101384688028935,Reliable,-38156.473471624835,-40716.86781559307,-50062.60682505384,2075.819485020481,3311.3458847685683,8346.567631279986
2026-09-09 19:45:00,0.007694880202623486,0.007694880202623486,0.007658020128017961,0.007658020128017961,0.06630776047107245,Thin,-1994.7773121121438,-4395.998812751852,-13746.775453616843,1385.2138418303057,2613.705595142582,7634.941199739398
2026-09-09 20:00:00,0.007657852188369465,0.007657852188369465,0.007633268182230654,0.007633268182230654,0.14040923873176642,Very Thin,-18181.933747079845,-20466.43392027894,-29820.526241612846,5650.392016432953,6874.149985756266,11885.973976668347
2026-09-09 20:15:00,0.007633247818991653,0.007633247818991653,0.00763322445172971,0.00763322445172971,0.0024608366937717507,Reliable,-37682.27755434613,-39966.57141199889,-49320.6695431519,10853.641911394368,12077.391510518295,17089.198859969078
2026-09-09 20:30:00,0.007633550779459745,0.0076336975345439395,0.007633550779459745,0.007633645252892961,0.0024592281478517997,Reliable,-45891.812519288964,-48237.52402192076,-57686.3484643294,13456.94446497005,14680.774606188552,19692.74208780446
2026-09-09 20:45:00,0.0076335183531043745,0.0076335183531043745,0.0076335183531043745,0.0076335183531043745,0.002165429169632027,Reliable,-37735.577754042366,-40109.7185678979,-49422.85110741952,11173.665477173401,12397.471329779388,17409.390521266658
2026-09-09 21:00:00,0.00763380623172518,0.00763380623172518,0.007619828464768722,0.007619828464768722,0.02977699785987841,Moderate,-21626.415070360832,-24014.34854172156,-33385.87370966824,2153.535130180259,3374.719552187819,8381.42686832302
2026-09-09 21:15:00,0.007619820626063381,0.007619820626063381,0.007619624847502404,0.007619624847502404,0.0036377517897808083,Reliable,-23983.754631094645,-26370.403301250037,-35742.47297867937,2176.253543681856,3397.3989579398085,8404.028719655404
2026-09-09 21:45:00,0.00761929838137305,0.00761929838137305,0.007617980377833035,0.007617980377833035,0.013970958473637052,Moderate,-7936.882276760353,-10313.155133075903,-19689.622031183095,1497.4955660775852,2718.325923797171,7724.3292964686225
2026-09-09 22:00:00,0.007617852629619807,0.007617852629619807,0.007556492668408486,0.007556492668408486,0.1762119867871324,Very Thin,-1925.0034468822696,-3966.402985482427,-13506.78523693572,1336.267831352387,2548.1052646944167,7530.638856191575
2026-09-09 22:15:00,0.00755168170760053,0.00755168170760053,0.007551603336909218,0.007551603336909218,0.15900470883100914,Very Thin,-32447.486117770008,-34428.50618157094,-43694.52108921235,6136.548456054281,7347.9937740366395,12328.657022506484
2026-09-09 22:45:00,0.007349121007674494,0.007363868537496279,0.007323788786133327,0.00732613806838382,0.2226481117150098,Very Thin,-1229.4021730420914,-3092.2595194231594,-11748.350068295218,1189.5220336256134,2391.111209448517,7288.029911947587
2026-09-09 23:00:00,0.0073283308629088625,0.0073328868604575406,0.007322374761383723,0.007322374761383723,0.222663938971384,Very Thin,-14601.258010991925,-16452.16129145958,-25095.444522902326,1940.9849403288035,3141.862203331438,8037.492404448252
2026-09-09 23:15:00,0.007322111078675073,0.007322111078675073,0.007249959493684791,0.007249959493684791,0.22359490358535372,Very Thin,-2436.467837417867,-4009.2612618643975,-12409.608690768271,1263.8497491914413,2450.9922593483675,7321.759114163112
2026-09-09 23:30:00,0.007249779543122318,0.007249779543122318,0.007248519714516031,0.007248519714516031,0.004764912886643558,Reliable,-28736.90010557374,-30302.234504297565,-38698.693977674746,2313.988708469303,3500.8574469020273,8371.128324716374
2026-09-09 23:45:00,0.007248455371528421,0.007248455371528421,0.007107068694666778,0.007107710728658745,0.22564309694749457,Very Thin,-2985.961263297888,-4095.589988611629,-11837.579464388176,1320.1696643169971,2486.7734835470487,7308.297993755551
2026-09-10 00:00:00,0.0071076899016672,0.007188457348386955,0.0071076899016672,0.007188457348386955,0.22438332346127482,Very Thin,-1156.8673746771008,-2416.2244344446353,-10665.162431809078,1184.9692377919587,2369.177657170637,7218.945001721209
2026-09-10 00:15:00,0.007203560259189974,0.007203560259189974,0.006724390271779015,0.006994498650845567,0.23326257472730622,Very Thin,-1139.5252928856269,-2239.6766491112116,-8201.001190074217,1152.1756791237315,2309.0600731987242,7091.431938598825
2026-09-10 00:30:00,0.0069917188884545695,0.007093260804805285,0.006926185857096668,0.007091857703358328,0.23172378364041957,Very Thin,-1149.0679988921966,-2262.813654297774,-8794.461580923873,1169.5910505778136,2338.839604618483,7154.845862890611
2026-09-10 00:45:00,0.007101536581192066,0.007165367306333146,0.007101536581192066,0.007165349662264252,0.2246895501498229,Very Thin,-4782.617545148873,-5983.354952447421,-12829.391729402078,29100.547123089153,30280.594494325003,35122.13075815444
2026-09-10 01:00:00,0.0071653481142278045,0.0071653481142278045,0.007165341648030863,0.007165341648030863,0.00201575268518015,Reliable,-6795.3045542052805,-7988.817450484637,-14822.354992028935,44592.53734755776,45765.54181923766,50607.07530619875
2026-09-10 01:15:00,0.007165331407285824,0.007165331407285824,0.007165320727273747,0.007165320727273747,0.003320149678422135,Reliable,-4565.161857480135,-5758.642759901852,-12592.097181373236,27372.79733190116,28545.798702937962,33387.32494101517
2026-09-10 01:30:00,0.007165219252929724,0.007165219252929724,0.007116572445285421,0.007116572445285421,0.22593779061379493,Very Thin,-1143.6129325903123,-2262.657106431846,-8902.681475727333,1166.71719314032,2334.048032119634,7158.6545205188595
2026-09-10 01:45:00,0.007116507507048441,0.007116507507048441,0.0071163953509416,0.007116395351202367,0.019751553503963716,Moderate,-23005.468318178388,-24124.24249103154,-30763.565081415483,6627.162057552694,7794.47837207714,12619.023288485798
2026-09-10 02:00:00,0.007116044957661396,0.007116044957661396,0.007116025117997757,0.007116025117997757,0.0029425389487305552,Reliable,-28109.94412775588,-29228.153845797413,-35866.00931751075,7684.295569962005,8851.58151905144,13675.997710472138
2026-09-10 02:15:00,0.007115946291093667,0.007115946291093667,0.007115942612780244,0.007115942612780244,0.003980557524630002,Reliable,-28130.244183338735,-29248.328116328936,-35885.85664958432,7641.0050509897565,8808.284233137061,13632.671738173287
2026-09-10 02:30:00,0.00711593327857841,0.00711593327857841,0.007115183727631979,0.007115183727631979,0.005981989318379277,Reliable,-28141.461806061165,-29258.38879553672,-35892.91020827719,7206.561291581718,8373.77822937841,13197.901868499965
2026-09-10 02:45:00,0.007115969263631165,0.00711602309837032,0.007115969263631165,0.007116010104611401,0.0057407988722233405,Reliable,-20222.291773903995,-21340.47860292534,-27978.27458188862,5771.667743606092,6938.95246132521,11763.363432727538
2026-09-10 03:00:00,0.007117820253678862,0.007117820253678862,0.007116409359441383,0.007116409359441383,0.006141324625013311,Reliable,-19510.85296749054,-20629.6484974601,-27269.026598697383,5759.957430893297,6927.274894316665,11751.824681131413
2026-09-10 03:15:00,0.007116313089399863,0.007116313089399863,0.007116278385362159,0.007116278385362159,0.00426592934407406,Reliable,-19552.83594743284,-20671.431793606072,-27310.290881707544,5717.600309546955,6884.907030963665,11709.411280321878
2026-09-10 03:30:00,0.007116321729738248,0.0071565611755669304,0.007116321729738248,0.0071565611755669304,0.22560675916308054,Very Thin,-1146.8214691909177,-2326.9101555854672,-9125.570188117008,1173.2981545022628,2345.000883745541,7183.491073125367
2026-09-10 03:45:00,0.007157889803648242,0.007202152740957394,0.007157889803648242,0.007202152740957394,0.22498596523168451,Very Thin,-1488.079243684829,-2812.480902748642,-9566.489432745904,1401.8867759951697,2580.339987472806,7434.611890406418
2026-09-10 04:00:00,0.007203195903467601,0.007210682208050845,0.007203195903467601,0.007210682208050845,0.16779831391036218,Very Thin,-6342.312004183476,-7711.755886237618,-14467.581956117538,6711.870976673696,7891.584722629776,12748.803584517236
2026-09-10 04:15:00,0.007210821582825195,0.007230110378581694,0.007210821582825195,0.007229919220410039,0.16753915107986417,Very Thin,-1775.1548466432796,-3244.190060138586,-10004.101936597619,3408.4795121265156,4591.808948480843,9455.667869641899
2026-09-10 04:30:00,0.007229962021075085,0.00736188296300973,0.007229962021075085,0.00736188296300973,0.22350648731220996,Very Thin,-1303.1787112688744,-2996.6962677864353,-10117.494981341595,1345.287517554322,2560.3742520202386,7471.712376943479
2026-09-10 04:45:00,0.007360068636455609,0.007368460235806741,0.007360068636455609,0.007368459361114289,0.21880771370591479,Very Thin,-13731.217416009902,-15405.70483625846,-22548.725505284314,27710.572414490667,28939.940345443156,33853.94949102591
2026-09-10 05:00:00,0.007368437127668651,0.007368719769935567,0.007368437127668651,0.007368719769935567,0.006728368358407666,Reliable,-12636.580220000631,-14310.313906081536,-21454.214654291332,25772.511646508658,27002.44494571482,31916.559832457762
2026-09-10 05:15:00,0.007369001007050557,0.0073947468697144764,0.007369001007050557,0.0073947468697144764,0.21864076760781134,Very Thin,-1470.5948996494737,-3068.9227271483173,-10300.845447786807,1283.7869393475225,2570.176833376815,7494.850830575199
2026-09-10 05:30:00,0.007395000389883239,0.007400366899256537,0.007395000389883239,0.007400366899256537,0.059374720731269384,Thin,-3469.056206804393,-5051.082890450745,-12302.052484299145,1460.4873850254608,2671.3960768497577,7598.347661243149
2026-09-10 05:45:00,0.007400384945036858,0.007400701091421417,0.007400384945036858,0.007400701091421417,0.018049500331317823,Moderate,-5232.247304476525,-6813.304439527794,-14065.406807935746,1706.116239849321,2917.066247878293,7844.153240575397
2026-09-10 06:00:00,0.007400680688773794,0.007400714277560027,0.00740063320409924,0.007400706126367083,0.02447721376701833,Moderate,-18608.289989336226,-20189.33251696975,-27441.451951920302,3485.963038942273,4696.913669434858,9624.002702172711
2026-09-10 06:15:00,0.007400697172771932,0.0074007150081132666,0.007400187727761337,0.007400187727761337,0.004719706404881441,Reliable,-26694.272381400857,-28271.455663011886,-35229.81586585147,4533.456082204798,5744.977053186059,10671.856039441205
2026-09-10 06:30:00,0.007400117426484726,0.007400117426484726,0.007400095617376618,0.007400095617376618,0.005005190995484199,Reliable,-18850.977617628527,-20428.430928979622,-27386.479320346585,3532.8042116630327,4744.3124271794695,9671.154091070804
2026-09-10 06:45:00,0.007400094963750566,0.007400094963750566,0.007399986097251386,0.007399986097251386,0.005777147450429209,Reliable,-26755.56223030069,-28333.33660723998,-35291.01425361839,4454.357852583244,5665.850901627147,10592.648188569947
2026-09-10 07:00:00,0.007399930693150506,0.007399930693150506,0.007380941192803249,0.007380941192803249,0.1799063823556827,Very Thin,-1661.9307408083546,-3295.4977254410724,-10188.796283872724,1388.364328917902,2597.218308898939,7516.293705879774
2026-09-10 07:15:00,0.007380917631437108,0.007380917631437108,0.007380917631437108,0.007380917631437108,0.004953585291136653,Reliable,-4616.055928844212,-6249.691889336295,-13142.910875316551,18029.266317607482,19238.117030562058,24157.182868255797
2026-09-10 07:30:00,0.0073311817402561315,0.0073311817402561315,0.007149501798685879,0.007198753894409394,0.22525085384627075,Very Thin,-1539.6358156095785,-3103.8722446494703,-9555.887686872205,1287.5274709934345,2465.4781731039443,7318.575277169184
2026-09-10 07:45:00,0.0071916309928068,0.0071916309928068,0.007048094299330607,0.007103186931130324,0.2270456376553116,Very Thin,-3196.4608333853985,-4671.915266609123,-10825.58635085265,1192.3015354859306,2358.5340453258486,7178.484502774965
2026-09-10 08:00:00,0.007103931548713728,0.007121895470724474,0.00703445567999997,0.007103090045383518,0.22784108069187448,Very Thin,-1492.977596368271,-2965.7166378568386,-9110.004336857177,1165.289025246027,2328.8137950460755,7137.558633910804
2026-09-10 08:15:00,0.007097119291836463,0.007097119291836463,0.0070317130233645666,0.0070317130233645666,0.2278411092952271,Very Thin,-2054.2374838697056,-3337.6411157788425,-9326.334674986123,1149.9705737021964,2307.55889353033,7091.533288878956
2026-09-10 08:30:00,0.0070325475729315625,0.0070725253950695375,0.0070325475729315625,0.007037990916457016,0.22789102849601195,Very Thin,-2334.8582746605143,-3627.770470100609,-9641.507298568828,1270.2671684166319,2428.4253007826796,7214.536909437094
2026-09-10 08:45:00,0.007037587950264402,0.00704161226609605,0.007037587950264402,0.00704161226609605,0.13438280794375038,Very Thin,-1397.321338981954,-2698.9565541721486,-8723.906984756815,1193.406235097993,2351.8848652353217,7139.236952056953
2026-09-10 09:00:00,0.007041517761383235,0.007063532760277188,0.0070414210006920315,0.007045666620969876,0.2278403258877446,Very Thin,-1136.0318093085157,-2452.131226303916,-8484.942834855092,1150.3955693567166,2309.207660597507,7097.973432172063
2026-09-10 09:15:00,0.007055017791632971,0.007089322779370733,0.007045266577541748,0.007045266577541748,0.2278407268631925,Very Thin,-2803.3941705589896,-4105.101141360426,-10137.137030842916,1554.9149911473837,2713.694184029014,7502.3204853377565
2026-09-10 09:45:00,0.007046610103951158,0.007046610103951158,0.007045324307729046,0.007045324307729046,0.13430558505085952,Very Thin,-1381.6787576566041,-2683.5916017512886,-8715.739434338448,1210.2551995866866,2369.039140081618,7157.685568561083
2026-09-10 10:00:00,0.007044997701725872,0.007044997701725872,0.007005089778479836,0.007005089778479836,0.23009356588635232,Very Thin,-1215.196572674932,-2448.6222626961016,-8328.01480539059,1282.870672153235,2438.0397036165045,7212.940000134264
2026-09-10 10:15:00,0.006998158500380692,0.007017790071678866,0.0069725580225430284,0.007006439590090689,0.23061150240867387,Very Thin,-1131.1630057443494,-2366.5036393955293,-8251.395248410216,1143.9181327431554,2299.2099338353805,7074.5707061537005
2026-09-10 10:30:00,0.006999506976402717,0.007088214164357831,0.006992579864285274,0.007045504400006996,0.23023470039849964,Very Thin,-2697.175479662259,-3999.730561185103,-10032.22760767021,1537.3545829601255,2696.1533337531287,7484.86254944326
2026-09-10 10:45:00,0.007059362680465377,0.007092360011800492,0.007059362680465377,0.007092360011800492,0.2273779119815044,Very Thin,-1210.8450963491134,-2624.757414964138,-8695.046845434812,1423.3671312146787,2586.0127499538735,7391.0304901035
2026-09-10 11:00:00,0.007107493996068612,0.007116295541368063,0.007107493996068612,0.007114059443780525,0.22678507337066606,Very Thin,-3031.314003095602,-4487.319092732548,-10608.759642000472,1531.5309821094359,2695.953828864829,7508.50600143521
2026-09-10 11:15:00,0.007116298615371038,0.007116298615371038,0.007116298615371038,0.007116298615371038,0.06474618938977383,Thin,-2917.5425087637386,-4374.056618215277,-10504.546049379658,1589.6068484913367,2754.212933624453,7567.541932331476
2026-09-10 11:30:00,0.007116231386285611,0.007116231386285611,0.007116201748787847,0.007116201748787847,0.04051821799351943,Thin,-2684.0902530604985,-4143.019859254175,-10282.059567306538,1530.6330157737098,2697.856597180843,7522.016171842646
2026-09-10 11:45:00,0.00711584541535955,0.00711584541535955,0.00711584541535955,0.00711584541535955,0.010036431292332004,Moderate,-8880.418893069476,-10339.267434238,-16476.866845795663,2992.8003156959317,4159.9946732276085,8984.03036200002
2026-09-10 12:00:00,0.007116348442571868,0.007118490365066846,0.007064148430514025,0.007098802890631593,0.22679039185879324,Very Thin,-1153.3952275644601,-2389.1856102652782,-8034.0376486917185,1173.217444333447,2349.136903144556,7178.095622787938
2026-09-10 12:15:00,0.007098725478875423,0.007098725478875423,0.0070913075932746445,0.0070913075932746445,0.17016452289996653,Very Thin,-1438.6086388986687,-2658.1288559116692,-8279.501084920897,2745.144655184311,3920.4431505798284,8746.383195078737
2026-09-10 12:30:00,0.007091098418680512,0.007091098418680512,0.007091098418680512,0.007091098418680512,0.043349379211637507,Thin,-1443.198529702807,-2661.419948672077,-8279.037802570068,2739.30872208759,3914.58988327533,8740.445661389285
2026-09-10 13:00:00,0.007089427590463383,0.007089427590463383,0.007081397843394202,0.007081397843394202,0.13411659971050716,Very Thin,-6530.802278177294,-7727.979115424768,-13315.22510877694,14112.201364639659,15286.678362320392,20108.62487890651
2026-09-10 13:15:00,0.0070804378587377,0.0070804378587377,0.007073432026490783,0.007073432026490783,0.2068419730935375,Very Thin,-1904.5709880238605,-3084.4765894328407,-8646.793765947872,2271.5979080440065,3445.4141392036954,8264.148486725951
2026-09-10 13:30:00,0.00707136614137439,0.00707136614137439,0.007045268149005822,0.007045268149005822,0.22546985679328005,Very Thin,-9667.624266809951,-10784.762414681665,-16103.243383871513,3237.945038498273,4419.2580276817835,9238.064988553511
2026-09-10 13:45:00,0.0070452179665317334,0.0070452179665317334,0.0070452179665317334,0.0070452179665317334,0.00858604649231598,Reliable,-10162.141811689684,-11279.275963640783,-16597.50207824343,3348.050253140804,4529.359035152011,9348.143034395345
2026-09-10 14:00:00,0.007044957771216536,0.007044957771216536,0.006902699031876543,0.006902699031876543,0.22963586424761878,Very Thin,-1485.1338848406506,-2589.4494635382803,-7091.323324514101,1216.5188553323105,2384.6448979402394,7139.0575039047
2026-09-10 14:15:00,0.006900501920452967,0.006900501920452967,0.006835529219698491,0.006835529219698491,0.2326710685631216,Very Thin,-2863.1550632338285,-4672.0426874553905,-11676.879709772067,1335.9747100863929,2414.1352036565077,6809.535565357494
2026-09-10 14:45:00,0.0068361270171523394,0.00684296955777394,0.006835017517778123,0.006836598142725326,0.14339004143124187,Very Thin,-4043.1182945543987,-5852.205312863107,-12609.42657027076,1638.716040111138,2717.020531083606,7112.822857026263
2026-09-10 15:00:00,0.006836983825021877,0.0068682776552659594,0.006836983825021877,0.006867717008639602,0.07566105969332729,Thin,-8854.419000494181,-10669.008838135716,-17457.983173318167,13829.949659364349,14912.507224279201,19319.9979325125
2026-09-10 15:15:00,0.006867197382788924,0.006868880698823941,0.006867197382788924,0.006868880698823941,0.024913945095511793,Moderate,-2985.202507169344,-4799.963845686926,-11590.125631104924,3450.555555851243,4533.279617000195,8941.206898176746
2026-09-10 15:30:00,0.006872675056746626,0.0068792186811906225,0.006872675056746626,0.0068792186811906225,0.02593763733809705,Moderate,-2107.7282278730827,-3924.012639367005,-10724.723624391583,2345.862173484334,3430.0647339205425,7841.868816208982
2026-09-10 15:45:00,0.006879383159265853,0.006987694423043303,0.006879383159265853,0.006987694423043303,0.13557418262661397,Very Thin,-2215.9301124782455,-4048.1417314229357,-11071.270607805644,2118.6744180483397,3213.556937221023,7670.633033679333
2026-09-10 16:00:00,0.00698728746931866,0.00698728746931866,0.006984656801631579,0.006984656801631579,0.07951025455063294,Thin,-2237.5054100652847,-4069.272361034614,-11089.230228129723,2081.3709565912905,3175.9895682737774,7631.768696765901
2026-09-10 16:15:00,0.006986051931750502,0.006986051931750502,0.006985681098871168,0.006985681098871168,0.11368067657320716,Very Thin,-4258.697122844365,-6090.614026058334,-13111.641166413892,3166.227517734872,4260.935126416465,8717.151628841535
2026-09-10 16:45:00,0.00698595755209963,0.00698595755209963,0.006958354934951502,0.006958354934951502,0.13511177710202132,Very Thin,-1890.9642176990803,-3718.877714626243,-10703.721629223304,1781.9098360794596,2874.2409468057,7318.778198605457
2026-09-10 17:00:00,0.0069556297892552485,0.0069556297892552485,0.006955599926770357,0.006955599926770357,0.015739122238195756,Moderate,-4563.247365082139,-6390.756895878175,-13368.360366107716,30144.68597510314,31236.77722992403,35680.13571477972
2026-09-10 17:15:00,0.006955599790942601,0.006955599790942601,0.006951524215018093,0.006951843911527246,0.1351607849473851,Very Thin,-2332.666389700107,-4159.6250749045985,-11127.35877969114,4344.299828263568,5436.064001187253,9877.815048744786
2026-09-10 17:30:00,0.006951817000044744,0.006951817000044744,0.006951775564077129,0.006951775564077129,0.021319004136511666,Moderate,-3342.4645162595857,-5169.413176746906,-12136.967298679656,10466.669635668377,11558.427855930435,16000.149649254125
2026-09-10 17:45:00,0.006951805264780984,0.006958218250164542,0.006951805264780984,0.006958218250164542,0.10892910757176925,Very Thin,-1953.6643341766219,-3781.5577905419973,-10766.042462593377,2889.7368366744013,3982.056048499883,8426.53482339516
2026-09-10 18:00:00,0.006958651802015634,0.007004416312691147,0.006958651802015634,0.007004416312691147,0.13401386309489832,Very Thin,-3084.2174355190887,-4918.786927983775,-11959.372443530734,3868.4124418723227,4985.792500775339,9450.003271701427
2026-09-10 18:15:00,0.007004525800569955,0.007020181382719086,0.007004525800569955,0.007020181382719086,0.13369656645827427,Very Thin,-7484.390521573007,-9321.023416577496,-16378.067418891142,30902.962497040142,32079.755632190347,36550.68503915822
2026-09-10 18:30:00,0.007021461131238629,0.007021461131238629,0.0070077604038547466,0.0070077604038547466,0.02541064624499799,Moderate,-2040.2679026208998,-3875.275278506621,-10919.35191553232,2041.429715876223,3138.0541213804845,7603.690682610753
2026-09-10 18:45:00,0.007007017698690122,0.007007017698690122,0.006535410227024702,0.0067034265394294865,0.25144666570498997,Ghost,-2785.2250604407286,-4678.050734322983,-11302.331956206566,1628.5755902891858,2786.765181831017,7142.91096621824
2026-09-10 19:00:00,0.006446233010602055,0.006787710485726644,0.006446233010602055,0.006787710485726644,0.23366283286670855,Very Thin,-1563.5434964644198,-3414.013759403236,-10122.167520345183,1168.2430212751058,2341.926771019573,6775.124411361229
2026-09-10 19:15:00,0.0067859648789819985,0.0069985400793483145,0.0067859648789819985,0.006896399722410436,0.1285421416132786,Very Thin,-2073.5458827945095,-3892.359535694947,-10714.593854997802,1197.9816592899458,2389.88544788228,6925.195526868708
2026-09-10 19:30:00,0.00689617206178852,0.006931415346602955,0.006895505162399523,0.006922073617018789,0.1114810806721573,Very Thin,-2735.451207555893,-4558.039697295971,-11447.603775168474,1921.6431354408494,3116.2539543739786,7677.290687780784
2026-09-10 20:00:00,0.006920267931125253,0.006920267931125253,0.006905807319227723,0.006905807319227723,0.06630000998122762,Thin,-2538.428090358697,-4358.625588880446,-11205.52229098762,1387.0288279877177,2580.0951100247175,7124.667686549353
2026-09-10 20:15:00,0.006904836309519799,0.006904836309519799,0.006899375669383557,0.006899375669383557,0.06679847855203658,Thin,-8155.091448971416,-9974.342940743563,-16804.377690203564,1921.5558815324364,3113.9072484009753,7652.068301367565
2026-09-10 20:30:00,0.006899299285467851,0.006899299285467851,0.006896647333551415,0.006896647333551415,0.06634565236900769,Thin,-5861.572171232345,-7680.422256999036,-14503.305564518061,1461.795067752625,2653.7361003981628,7189.283415712228
2026-09-10 20:45:00,0.006896477775987033,0.006896477775987033,0.0068961055733450976,0.0068961055733450976,0.008027766518293889,Reliable,-12966.205896507383,-14784.976268397508,-21606.439633120663,1838.8823561679774,3030.7418999070696,7565.770149028061
2026-09-10 21:00:00,0.006895359772664396,0.006895359772664396,0.006894407328817053,0.006894407328817053,0.043066868937213544,Thin,-3334.0945462718337,-5152.6150246386915,-11969.627549061344,1231.430634494716,2423.0347158966433,6956.435726800592
2026-09-10 21:15:00,0.006894066133349731,0.006894066133349731,0.006894066133349731,0.006894066133349731,0.01615673202240675,Moderate,-7217.950173564359,-9036.420442710794,-15852.53878694506,1324.0933743843452,2515.646126878247,7048.720184064854
2026-09-10 21:45:00,0.006894002840333946,0.006894278838091328,0.006894002840333946,0.006894278838091328,0.008458011260629662,Reliable,-12661.060094533428,-14479.569582075974,-21296.23598180361,1502.474829706566,2694.068108993656,7227.364952033415
2026-09-10 22:15:00,0.006894367182608732,0.006894367182608732,0.006894367182608732,0.006894367182608732,0.0076843823433438985,Reliable,-13798.714935485994,-15617.237423508002,-22434.135342060676,1552.5177112865679,2744.124280955012,7277.5057845968395
2026-09-10 23:00:00,0.006893471935079364,0.006893471935079364,0.006893396667460139,0.006893396667460139,0.012836343389729965,Moderate,-13324.488862403932,-15142.868529088764,-21958.038281076762,1365.1535076832977,2556.6140702259127,7089.065498886905
2026-09-10 23:30:00,0.006894252645681722,0.006905740711488739,0.006894252645681722,0.0069041754507483495,0.084432443820415,Thin,-2223.285074768715,-4043.250504081579,-10885.858063400668,1500.832418185983,2693.7521825470594,7236.691397908997
2026-09-11 00:00:00,0.006899315688103853,0.006899315688103853,0.006899315688103853,0.006899315688103853,0.014050318246467075,Moderate,-7637.616931108764,-9456.867519051177,-16286.73514377369,2064.2812607153537,3256.6321382290503,7794.754931728983
2026-09-11 00:30:00,0.00689929566006232,0.00689929566006232,0.00689929566006232,0.00689929566006232,0.0067253901810071515,Reliable,-14590.333832289622,-16409.5814738169,-23239.396600528133,2847.0463046906093,4039.394170311955,8577.497777859904
2026-09-11 01:00:00,0.006899275286358617,0.006899275286358617,0.006899077730093297,0.006899077730093297,0.0073199403172474736,Reliable,-8996.708174919997,-10815.923755571837,-17645.167641777407,2186.998737666139,3379.3138298751765,7917.208668634164
2026-09-11 01:15:00,0.0068990247950511865,0.0068990247950511865,0.006898592661008223,0.006898592661008223,0.01782629287984383,Moderate,-6336.892515465755,-8156.036733498136,-14984.009171276668,1857.0527235065695,3049.2948667118962,7586.725015526239
2026-09-11 01:30:00,0.006898569259136319,0.006898569259136319,0.006898370013885112,0.006898370013885112,0.017826603499777383,Moderate,-6352.423264713608,-8171.534726577235,-14998.923577760424,1840.3601385103107,3032.568797202055,7569.785647465757
2026-09-11 01:45:00,0.006898414920984104,0.006898414920984104,0.006898414920984104,0.006898414920984104,0.0066396769155629976,Reliable,-14944.326945499106,-16763.44501419418,-23590.95157215742,2679.879069401368,3872.0944818388166,8409.354353906225
2026-09-11 02:00:00,0.006898404459827654,0.006898517233295897,0.006898404459827654,0.006898517233295897,0.009949595359775599,Reliable,-7691.222276500363,-9510.355397544834,-16338.130128982584,1985.055482093453,3177.2862815780695,7714.644170146425
2026-09-11 02:45:00,0.006897746680754008,0.006897746680754008,0.0068974156966428056,0.0068974156966428056,0.06291100181779305,Thin,-7482.866190750497,-9301.837247326937,-16126.724777332078,1854.0151690975906,3046.080299270815,7582.382863444991
2026-09-11 03:00:00,0.006888490647055688,0.006888490647055688,0.006777427539519537,0.006777427539519537,0.17278154361993936,Very Thin,-1488.863203897757,-3360.052480796675,-10057.96722069385,1167.2758306875294,2338.938590930922,6762.774754345262
2026-09-11 03:15:00,0.0067769378561319685,0.0067769378561319685,0.006745733169342369,0.006745733169342369,0.2274338988516703,Very Thin,-1277.8699769083692,-3213.9845149243533,-9880.351437900606,1164.2643170951262,2329.66214469557,6724.556447952069
2026-09-11 03:45:00,0.006745619177241007,0.006745619177241007,0.006745612668353214,0.006745612668353214,0.010782878546154496,Moderate,-2615.587053393696,-4551.948104527175,-11218.19518250502,8644.63328973648,9810.00727021012,14204.791407843437
2026-09-11 04:00:00,0.006745585225036291,0.006745585225036291,0.006745585225036291,0.006745585225036291,0.003750134697706242,Reliable,-5260.738278875607,-7197.155471418014,-13863.37525547754,23358.006805529498,24523.375354945278,28918.134402936525
2026-09-11 04:15:00,0.006745590362018433,0.006745590362018433,0.006732580840135441,0.006732580840135441,0.050573465422294905,Thin,-2724.68244553421,-4687.688334059806,-11340.974567490402,4074.33180111094,5237.1255265142,9619.989762422307
2026-09-11 04:30:00,0.006730502387921947,0.006730502387921947,0.0067180420411121974,0.0067180420411121974,0.09590767423548668,Thin,-10348.066560202347,-12185.638292696203,-18824.465013359102,8369.654868503145,9529.92212682729,13899.47444823714
2026-09-11 05:15:00,0.00671803605816255,0.00671803605816255,0.006710674848505956,0.006710674848505956,0.06721164198168186,Thin,-2897.7635324997477,-4702.237055343723,-11333.73679785872,2026.3782158285787,3185.602711074674,7548.404035676634
2026-09-11 05:30:00,0.0067092265404584865,0.0067092265404584865,0.006707022983622922,0.006707930810187837,0.05512223643920522,Thin,-5474.22958143951,-7266.379466719964,-13895.150156036458,2919.4505272124434,4078.286481020986,8438.572332971586
2026-09-11 05:45:00,0.006709245239988593,0.006759363122152643,0.006709245239988593,0.006759363122152643,0.10365395370250963,Very Thin,-2444.5915024103647,-4297.646222306616,-10977.571459776358,1549.5429167808966,2717.636736706027,7124.985608478205
2026-09-11 06:00:00,0.006761037878684682,0.006844871923690321,0.006761037878684682,0.006843243855444067,0.22597490324719574,Very Thin,-4229.874306867498,-6050.163902095063,-12814.161897125869,2178.3832353936004,3362.4313542114505,7846.7303419835225
2026-09-11 06:15:00,0.0068431971109360595,0.006843860763213226,0.0068431971109360595,0.006843637532350228,0.055865566012596846,Thin,-2706.0954494717157,-4526.28865129775,-11284.689037782666,1660.3911332514438,2845.2600063667232,7329.937654851977
2026-09-11 06:30:00,0.006843282009452061,0.006843282009452061,0.006843249212461304,0.006843249212461304,0.027425832865582624,Moderate,-3939.7351548664874,-5760.097616220548,-12518.096231074556,2064.2373084632604,3249.0451975670126,7733.349338094327
2026-09-11 06:45:00,0.0068429976146480095,0.006843391770981512,0.0068429976146480095,0.006843391770981512,0.03230328386163665,Thin,-5179.59030956794,-6999.89063390637,-13758.036745572643,2655.0419455204838,3839.872223043522,8324.313485622362
2026-09-11 07:00:00,0.0068429777585514405,0.0068429777585514405,0.006842296438831403,0.006842361942319933,0.04869370781568967,Thin,-2658.5719301060803,-4479.32110267436,-11236.401713517453,1732.8771278423849,2917.545668394258,7400.99634271416
2026-09-11 07:15:00,0.006848920494217691,0.00687090606943994,0.006848920494217691,0.006870342343575066,0.08748929246065551,Thin,-9615.351980015257,-11429.749954373994,-18215.78147258535,17698.804564713675,18888.544369656993,23398.88283786053
2026-09-11 07:30:00,0.006866475076333516,0.006866898027613668,0.006866475076333516,0.006866864488541122,0.07065567757612207,Thin,-10015.367472189404,-11829.306152702726,-18611.739039654665,15088.094323876574,16277.057066807738,20784.056470408395
2026-09-11 07:45:00,0.006866778817931413,0.006866778817931413,0.006865685956408801,0.006865685956408801,0.02420469944176573,Moderate,-3265.9652697963365,-5079.748284156862,-11860.961721227568,3438.5665197804874,4627.265896992405,9133.133608222377
2026-09-11 08:00:00,0.00686564143760183,0.00686564143760183,0.00684840184455349,0.00684840184455349,0.10373931016784832,Very Thin,-2671.4966441895363,-4489.612564912513,-11252.942345781314,1697.7929646073346,2883.40991220493,7372.66928244268
2026-09-11 08:15:00,0.006848385438722635,0.006848385438722635,0.006752430862589854,0.006752430862589854,0.22677268351782812,Very Thin,-1382.6360352973304,-3239.686413582667,-9906.619550095837,1170.6591025337852,2337.3820678111097,6738.398056889314
2026-09-11 08:30:00,0.006751667858143709,0.006753365897284762,0.00675141823549594,0.006753365897284762,0.03876384809670342,Thin,-1674.826922104405,-3531.537803543457,-10199.400043712969,8707.508160813135,9874.416070286868,14276.2864387135
2026-09-11 08:45:00,0.006753336455762135,0.006753336455762135,0.006753336455762135,0.006753336455762135,0.009259918531153932,Reliable,-1771.3474518561375,-3628.0690236931136,-10295.90200908491,11117.741222451798,12284.64330876599,16686.486776174137
2026-09-11 09:00:00,0.006751628127229629,0.006751628127229629,0.006751628127229629,0.006751628127229629,0.015453151190629733,Moderate,-2027.8334412504498,-3888.0202574295377,-10564.592346490175,10859.251383563516,12027.47869935805,16427.76114919442
2026-09-11 09:15:00,0.0067516419135109865,0.0067516419135109865,0.0067516419135109865,0.0067516419135109865,0.0014821684938521873,Reliable,-5765.707889384356,-7625.889703702392,-14302.475502243367,64068.001543247825,65236.2318285932,69636.5268766958
2026-09-11 09:30:00,0.00675181389733742,0.006796659922025206,0.0067363028543663515,0.006796659922025206,0.1550401212564371,Very Thin,-1894.0455201764366,-3737.5133321047874,-10458.917287336337,1612.1565410147812,2790.1383989016913,7231.503717931218
2026-09-11 09:45:00,0.006796862273356175,0.006796862273356175,0.006792727702063316,0.006792727702063316,0.06763794507002874,Thin,-8014.401717127339,-9859.57278266795,-16577.06128722958,8858.069613258558,10035.148973891048,14472.93233082402
2026-09-11 10:00:00,0.006792654622323703,0.006793770130160331,0.006792654622323703,0.006793491596741425,0.030948890289223752,Thin,-4661.302778589966,-6506.143023464543,-13224.392164402894,4765.693294610428,5942.947999763508,10381.427289480196
2026-09-11 10:15:00,0.006789246096182594,0.006789246096182594,0.006757190069982176,0.006757202476191567,0.1257032255551292,Very Thin,-2752.4235075271536,-4610.587137438821,-11292.702528139414,1198.0719023437832,2367.49968005454,6772.875068077834
2026-09-11 10:30:00,0.0067571937038110545,0.0067571937038110545,0.00668694400282686,0.00668764137401537,0.18448889541871805,Very Thin,-1510.1221713834598,-3268.5512712165296,-9886.512288867649,5176.17777147308,6326.951932666692,10674.343973115365
2026-09-11 10:45:00,0.006687236533108646,0.006687236533108646,0.006687236533108646,0.006687236533108646,0.009018006670805656,Reliable,-1409.228058895671,-3166.2490263425143,-9784.015853545028,11564.57896292048,12715.048579406604,17062.308868038734
2026-09-11 11:00:00,0.0066866867343294365,0.0066866867343294365,0.0066866867343294365,0.0066866867343294365,0.06306384381263741,Thin,-1242.7281727635782,-2997.8368731658175,-9615.339967824064,3015.4886792056436,4165.544690541093,8512.626045740471
2026-09-11 11:15:00,0.0066814456364321945,0.0066817211185593705,0.006680988895906436,0.006680988895906436,0.10655450110144776,Very Thin,-1592.7923403802934,-3328.087546882273,-9942.856770931863,3492.381467723123,4638.1500813576085,8983.376626995341
2026-09-11 11:30:00,0.006680947258464256,0.0066825522046694485,0.006650273087634552,0.006657929794783733,0.22792959919706451,Very Thin,-3924.8185176765746,-5580.008618643746,-12183.701217286856,4425.391315707477,5553.790169886227,9891.50222814282
2026-09-11 11:45:00,0.0066590807190825725,0.006669018346187825,0.0066590807190825725,0.006668926409809734,0.1197710435964725,Very Thin,-2382.883741308067,-4076.25901844949,-10685.236468857678,4083.566187620759,5220.252222013523,9561.549471608098
2026-09-11 12:00:00,0.0066685292368577585,0.0066685292368577585,0.006668219413380155,0.006668384003691238,0.03379072634366045,Thin,-2522.38761313763,-4213.878728088969,-10822.595612744075,4294.754955851358,5431.032386792367,9772.152866783992
2026-09-11 12:15:00,0.006668381247056406,0.006668381247056406,0.006668259491530061,0.006668259491530061,0.02768011448683776,Moderate,-2092.0233807756285,-3783.0819864665223,-10391.739055300553,3287.7586141189918,4423.942245655546,8765.022146245774
2026-09-11 12:30:00,0.006670460261646664,0.006670460261646664,0.006670382023822663,0.006670382023822663,0.009089236570109405,Reliable,-3957.5304014173585,-5655.962412232302,-12265.639067449742,8594.422723238049,9732.205213488145,14073.976810682349
2026-09-11 12:45:00,0.006675571315561534,0.00667900059330716,0.006675571315561534,0.00667900059330716,0.05200758681335051,Thin,-1385.3074835538146,-3113.6904648568216,-9727.505392996614,2410.782574685103,3555.0546391029243,7899.633749165476
2026-09-11 13:00:00,0.006680982167641799,0.006751203359506896,0.006680982167641799,0.006734036935465142,0.22677400661272717,Very Thin,-1471.4450568740801,-3338.0068807943408,-9997.085839100555,1387.086373835285,2551.52209173295,6935.718755375287
2026-09-11 13:15:00,0.006735965513778286,0.006761275287275818,0.006735965513778286,0.006761275287275818,0.1746734127519552,Very Thin,-2026.1937792949448,-3882.8782720862346,-10569.048772945085,1423.8385738118916,2594.143137263611,7003.238273095264
2026-09-11 13:30:00,0.00676243208203931,0.0068381749051004545,0.00676243208203931,0.006837666160925172,0.17205001575294182,Very Thin,-2093.5308458514437,-3919.189053106019,-10681.424832850944,1282.3043943290031,2469.319088753245,6948.339630059018
2026-09-11 13:45:00,0.006837317490613141,0.006837317490613141,0.006811065067294721,0.006811065067294721,0.2232087676514798,Very Thin,-1678.4771667781542,-3515.6985044027315,-10251.44623902248,1179.2997921324056,2360.585596212138,6815.064096444085
2026-09-11 14:00:00,0.006813191644004987,0.0068250976029935635,0.006813191644004987,0.006824594443281745,0.22252686001722483,Very Thin,-1752.6600579426438,-3585.6749317041167,-10334.894501564648,1190.895157535361,2383.6088916298218,6856.360200934164
2026-09-11 14:15:00,0.006824550255355894,0.006839874062893046,0.006824510121105202,0.006839527123330755,0.12215790674387206,Very Thin,-2111.2474206431225,-4076.8338019712955,-10840.92264863154,1619.042658708869,2918.096332964749,7405.605652584817
2026-09-11 14:30:00,0.006838947881588099,0.006838947881588099,0.006838741081794569,0.006838741081794569,0.01576906827202129,Moderate,-10455.929985576973,-12412.132764398795,-19137.106275125505,3968.4837528004573,5266.71085856279,9753.413674207797
2026-09-11 14:45:00,0.0068357894015242,0.006835959815037212,0.006835710939974769,0.006835710939974769,0.025797739874632984,Moderate,-9036.7958017509,-10863.432653831433,-17598.150124314932,2956.279459353672,4154.376322608521,8644.648926246355
2026-09-11 15:00:00,0.006835408685771605,0.006835408685771605,0.006834801778383715,0.0068348320776262855,0.020180941326439016,Moderate,-6743.687018818262,-8570.706385525586,-15304.605626507968,2370.8283638486946,3568.786192540783,8058.141776603714
2026-09-11 15:15:00,0.0068348992027521685,0.006907919164328261,0.0068348992027521685,0.006907919164328261,0.13102703918926584,Very Thin,-1960.0602748047609,-3782.4192588734663,-10606.788161925948,1383.1658994647642,2592.701112748662,7158.485485332883
2026-09-11 15:30:00,0.006907849038301763,0.006907849038301763,0.006907007870273453,0.006907007870273453,0.07560042138221346,Thin,-5022.279695591547,-6844.518472717915,-13666.579516541204,2208.473126510709,3417.9074338664154,7982.69553750923
2026-09-11 15:45:00,0.006907741109874119,0.006908413518994738,0.0069075968215959625,0.0069075968215959625,0.021075179430551372,Moderate,-11148.672394298668,-12970.988859700565,-19794.541416681408,4183.484587123432,5392.984108745446,9958.4160888108
2026-09-11 16:00:00,0.00690756203586144,0.006908153455898275,0.006907281712796898,0.006908153455898275,0.023330115633745055,Moderate,-4689.057828824955,-6511.447716536105,-13336.409979803202,2287.257686576667,3496.818841463109,8062.859341842499
2026-09-11 16:15:00,0.006907990603917109,0.006909283340458869,0.006907718995134821,0.006909108851109719,0.03080368148833601,Thin,-4042.9305683808593,-5865.446469677891,-12692.828403412663,2056.1585979754905,3265.8255330906154,7832.910427573662
2026-09-11 16:30:00,0.0069086782170873304,0.0069086782170873304,0.0069086782170873304,0.0069086782170873304,0.02821917474489455,Moderate,-4060.1786011979716,-5882.637704317379,-12708.928985219578,2036.8419451678062,3246.461201898295,7813.075356013399
2026-09-11 16:45:00,0.006908657661209128,0.006908657661209128,0.006908657661209128,0.006908657661209128,0.006901496948504171,Reliable,-12397.943778572246,-14220.400170444043,-21046.639390658023,4627.0379732038655,5836.654954017878,10403.24663745219
2026-09-11 17:00:00,0.00690857972587192,0.00690857972587192,0.006845845532440025,0.006845845532440025,0.17925561233066034,Very Thin,-3984.101529626448,-5806.32455240379,-12550.477207101247,2165.225694508726,3364.9251881192818,7865.768137562519
2026-09-11 17:15:00,0.006845355018903665,0.006845355018903665,0.006777107822277073,0.006777107822277073,0.22351927343768813,Very Thin,-1518.6462669719194,-3370.63926507933,-10050.789918823706,1183.8127602289499,2368.8641033214,6801.833181173093
2026-09-11 17:30:00,0.006772213228013535,0.006772213228013535,0.006710438819084178,0.006710438819084178,0.22470190392958078,Very Thin,-1637.532299989247,-3472.8206679245495,-10090.93762277979,1370.776952397684,2542.1906541431995,6909.9224420464325
2026-09-11 17:45:00,0.006707319836800882,0.006707319836800882,0.006578100660522832,0.0065781201946650495,0.22641138199976388,Very Thin,-1565.9305396792936,-2834.6607387822223,-9415.722323997215,1364.3554511221723,2446.001914437506,6757.604683705006
2026-09-11 18:00:00,0.0065753859844751945,0.0065753859844751945,0.006535055030042607,0.006535083135244767,0.22843000335319769,Very Thin,-1228.481912151924,-2379.6896945622616,-8871.082048075381,1345.5759417901324,2394.8702457056593,6692.327918530134
2026-09-11 18:15:00,0.0065350180846586794,0.006757303617120639,0.0065350180846586794,0.006757303617120639,0.22814704830902116,Very Thin,-1420.4312824715778,-3280.889279598494,-9942.596765907718,1181.6135990897806,2362.3874636217956,6776.011264653243
2026-09-11 18:30:00,0.006757278387140716,0.006757278387140716,0.006587858424100102,0.006587858424100102,0.22749466584915168,Very Thin,-1138.0154086907012,-2454.939306195509,-9034.760594762454,1151.184782518608,2240.137048815115,6554.934080526892
2026-09-11 18:45:00,0.006586492223825058,0.006586492223825058,0.006546000192195945,0.006546000192195945,0.22852236691266858,Very Thin,-1332.3959292563868,-2501.735898304856,-9027.50501787015,2224.591052285802,3282.102071786312,7583.1522786657215
2026-09-11 19:00:00,0.006528749045262701,0.006570231105434738,0.006508599967373368,0.006570231105434738,0.23063178685206442,Very Thin,-1136.0675482336874,-2365.7804153404504,-8947.840826389573,1147.3136950529124,2223.0376492907535,6532.05096352217
2026-09-11 19:15:00,0.00657109525842478,0.006597786152245189,0.00657109525842478,0.006597786152245189,0.22804157689917312,Very Thin,-1344.7349196556486,-2710.82552721778,-9289.374037292488,1507.0531083326568,2603.4477868538984,6921.498809663661
2026-09-11 19:30:00,0.00659743962370212,0.00659743962370212,0.006574452093964446,0.006574452093964446,0.2279670524663327,Very Thin,-1136.5341115281472,-2387.120062512727,-8968.646724466438,1148.2411272422048,2227.134310416839,6537.533283281033
2026-09-11 19:45:00,0.006573551479724848,0.006573551479724848,0.0065734139596603765,0.0065734139596603765,0.06285226575598757,Thin,-2698.323594935433,-3943.775301319321,-10525.433378358499,1704.3673054356723,2782.481124498003,7092.5393417298865
2026-09-11 20:30:00,0.00657355709996768,0.00666065704380061,0.00657355709996768,0.00666065704380061,0.2277843116831787,Very Thin,-1150.7293312910851,-2823.865455818031,-9414.562874665044,1167.4625340223179,2309.1603487696902,6649.700604929337
2026-09-11 21:00:00,0.006667452556800382,0.006667452556800382,0.006667452556800382,0.006667452556800382,0.22584955568393994,Very Thin,-1661.6111766456524,-3357.914624381169,-9951.443039473535,2243.589376154507,3390.4138633279254,7733.608157256609
2026-09-11 21:15:00,0.006667896523851563,0.006677910271360805,0.006667896523851563,0.006677910271360805,0.018273065279858974,Moderate,-1274.1719923384408,-3006.1493160569507,-9604.030520957864,1665.1233955179896,2819.8322928502043,7167.108283561679
2026-09-11 22:00:00,0.0066778960385033325,0.0066778960385033325,0.006677798244017181,0.006677798244017181,0.043521063038397846,Thin,-1479.8071152025273,-3211.402148754855,-9809.236749618196,2721.86406017376,3876.4885291841906,8223.720812021218
2026-09-11 22:30:00,0.006677367288205491,0.006677367288205491,0.006580925606925329,0.006580945397373664,0.22781397774394246,Very Thin,-1530.2251153687712,-2812.933485302574,-9393.636078350748,1387.5466933989599,2471.313233484408,6783.842948307815
2026-09-11 23:00:00,0.006580526869952181,0.006580526869952181,0.006550056666386061,0.006550056666386061,0.23044369794593048,Very Thin,-1161.8289904796043,-2337.909816583229,-8876.457381347469,1417.3257990464601,2477.888174994114,6780.272503985546
2026-09-11 23:15:00,0.00654938384306889,0.00654938384306889,0.006521775383143536,0.006521775383143536,0.23062081900961612,Very Thin,-1452.6331027370045,-2581.723226323511,-9031.237321665407,1427.9172491088088,2469.494467063239,6762.568826262121
2026-09-11 23:30:00,0.006521005929058947,0.006539928483324781,0.00652069889429016,0.006539928483324781,0.13779072082077565,Very Thin,-1367.1805964253658,-2526.4343699167616,-9033.081838089447,1853.3105083670464,2906.2525066613252,7205.305034040778
2026-09-11 23:45:00,0.006550227280121013,0.006558876803800534,0.006550227280121013,0.006558876803800534,0.23047284516888983,Very Thin,-1134.8120904796326,-2325.556227744644,-8891.897750654281,1144.8174575217724,2212.0112482520694,6517.294981901303
2026-09-12 00:00:00,0.0065645319236411264,0.006567921984769216,0.0065645319236411264,0.006565527758429064,0.2281953648289879,Very Thin,-1221.44675829191,-2324.947990799903,-8907.601344005947,1160.564804284843,2232.7561627767764,6540.224946180986
2026-09-12 00:15:00,0.00656725513475977,0.006576271519968001,0.00656725513475977,0.006576271519968001,0.16309272465612112,Very Thin,-1788.1755164870892,-2944.6313078137164,-9525.927429787223,1435.9934489478314,2516.25239111945,6827.2485047337
2026-09-12 00:30:00,0.0065754351782479,0.006582682086564593,0.0065754351782479,0.006582682086564593,0.06523125670176846,Thin,-1697.8465436869315,-2885.91904223109,-9466.400618818461,1529.0289298155003,2614.0984830765988,6927.197904756616
2026-09-12 00:45:00,0.0065843464412957695,0.006606619836426036,0.0065843464412957695,0.006606562444310141,0.18531656573210314,Very Thin,-1163.682230161152,-2469.6622729031365,-9047.078621159471,1232.2105684737444,2335.179813121505,6656.105385069743
2026-09-12 01:00:00,0.006606882504310955,0.006618136655659968,0.006606882504310955,0.006618136655659968,0.18502367546613935,Very Thin,-1529.9629956225224,-2893.1636086857393,-9469.076832257373,7287.354502357568,8398.987639350373,12723.701261155773
2026-09-12 02:00:00,0.006620656720850951,0.006626923568970888,0.006620656720850951,0.006626923568970888,0.22664015978169455,Very Thin,-1142.2533579194537,-2548.926741806282,-9125.527905948464,3501.7174307319165,4619.922966315581,8947.510189563787
2026-09-12 02:15:00,0.006626875429213667,0.006626875429213667,0.006626875429213667,0.006626875429213667,0.09028836826710895,Thin,-4818.625401668415,-6225.06054152803,-12801.64136723675,1548.204094321104,2666.3736344054264,6993.945119606497
2026-09-12 03:00:00,0.006626022811524822,0.006626022811524822,0.006626022811524822,0.006626022811524822,0.01410406635731598,Moderate,-7380.859436538157,-8783.07510217163,-15359.295691267958,1656.4170630463377,2773.949054372872,7101.241788824905
2026-09-12 03:15:00,0.006625733226553815,0.006625733226553815,0.006625695368308289,0.006625695368308289,0.023541495284880566,Moderate,-7479.3860612538665,-8879.981329668495,-15456.063563531157,1627.301768662951,2744.588901932456,7071.774578899105
2026-09-12 03:30:00,0.006625583257441276,0.006625583257441276,0.006625583257441276,0.006625583257441276,0.024360081678466372,Moderate,-7720.6331040620025,-9120.673585436341,-15696.708447811568,1628.7967473522401,2746.000044087753,7073.149065823936
2026-09-12 04:00:00,0.006625518044091222,0.006626057972714218,0.006625518044091222,0.0066259660182524235,0.013439264964437125,Moderate,-7922.394418636482,-9324.32903230249,-15900.52562475503,1940.7567593209264,3058.246281762404,7385.520447856523
2026-09-12 04:15:00,0.0066258049359496024,0.00662676041759441,0.0066256438595207615,0.00662676041759441,0.022923390627853334,Moderate,-9890.925348249259,-11296.791298077342,-17873.323532440365,2356.3952326653,3474.4787746809884,7802.012659579726
2026-09-12 04:45:00,0.006627456660098731,0.006627456660098731,0.006627456660098731,0.006627456660098731,0.011517857358478878,Moderate,-8788.470731315221,-10197.78244264297,-16774.6088243259,2266.16628622775,3384.7704208428595,7712.531920610687
2026-09-12 05:45:00,0.006627445958419998,0.006627445958419998,0.006627183738234153,0.006627183738234153,0.009868679766584166,Reliable,-10066.614571387281,-11474.575549284029,-18051.286629897073,2335.9341528471336,3454.334222308067,7782.006500171066
2026-09-12 06:30:00,0.006627119143936188,0.0066695900475739886,0.006627094034997406,0.0066695900475739886,0.08563915861368387,Thin,-1360.9344639589117,-2979.258869586359,-9573.677348787594,1706.7606547542118,2855.1971680144507,7199.225995099039
2026-09-12 06:45:00,0.006670249957810142,0.0067489593566170064,0.006630263712283515,0.006630269761413151,0.22424992777212904,Very Thin,-4975.921556091031,-6399.158135985632,-12977.171944746178,1702.6262236487205,2823.333484525678,7152.014518703476
2026-09-12 07:00:00,0.006630279576681364,0.006630279576681364,0.006630279576681364,0.006630279576681364,0.029172299481218245,Moderate,-3754.317482451732,-5177.6026921019975,-11755.62060418122,1530.4014223509562,2651.116020521737,6979.800262730501
2026-09-12 07:15:00,0.006630119238760767,0.006630119238760767,0.006629523153382555,0.006629593797538335,0.03375268122285289,Thin,-5633.944826608019,-7053.8344889468635,-13631.563634570268,2167.8890969393033,3288.091035525636,7616.551131359049
2026-09-12 07:30:00,0.006629576181492178,0.006640802808151466,0.006627782791647876,0.006640802808151466,0.08119695369882152,Thin,-2309.0708573147617,-3784.5132211249907,-10366.928021896654,2053.674960797373,3181.5969886483163,7514.375260613369
2026-09-12 07:45:00,0.006639070631556277,0.006639070631556277,0.006639070631556277,0.006639070631556277,0.08115763840701429,Thin,-1730.6570189248475,-3197.5113364631075,-9779.202716469654,1796.7231961866282,2923.4633050682814,7255.563835167448
2026-09-12 08:00:00,0.006638998750963644,0.006638998750963644,0.006638952917691209,0.006638952917691209,0.009413735991138195,Reliable,-12364.140002633358,-13830.41073946,-20412.052953115966,5430.499573476255,6557.159356863668,10889.213826317617
2026-09-12 08:15:00,0.0066389344018433424,0.0066389344018433424,0.006638915886072943,0.006638915886072943,0.006714826640444494,Reliable,-11903.840737088063,-13369.927886214104,-19951.55463249843,5262.314994758584,6388.94950839234,10720.989487538209
2026-09-12 08:30:00,0.006638887552973217,0.006638887552973217,0.006638887552973217,0.006638887552973217,0.00671922558508764,Reliable,-11902.721482582012,-13368.668168054513,-19950.283080125668,5253.678671125334,6380.29385068064,10712.322743182878
2026-09-12 08:45:00,0.006638872918178693,0.006638872918178693,0.006637640657731688,0.006637640657731688,0.011364893272260645,Moderate,-12069.286826549835,-13529.05221078231,-20110.14628335487,4950.625626504829,6076.389902754932,10407.930866043125
2026-09-12 09:00:00,0.006636629913054712,0.006636761083550996,0.006636629913054712,0.006636761083550996,0.03052238697169949,Thin,-5653.216408164647,-7108.621765434081,-13689.34839144354,2878.7894715175285,4003.9534627583575,8335.15020762481
2026-09-12 09:15:00,0.006636710675889808,0.006636710675889808,0.006636710675889808,0.006636710675889808,0.006262997258056124,Reliable,-13217.495801780151,-14672.651297913515,-21253.356864854293,5019.324908129184,6144.454496332704,10475.63151363805
2026-09-12 09:30:00,0.006636805123681795,0.00663746725539705,0.006636805123681795,0.0066374569475433935,0.009807137376423247,Reliable,-13246.565469969239,-14705.420184634817,-21286.437514109595,5255.263012328404,6380.901914750947,10712.3709855541
2026-09-12 09:45:00,0.006637524160453034,0.00663933027629573,0.006637524160453034,0.00663933027629573,0.012834319186322673,Moderate,-5946.287618959594,-7414.429174147147,-13996.228999621142,3285.776030849429,4412.6933133856155,8744.895439284779
2026-09-12 10:00:00,0.006639323584316928,0.006639323584316928,0.006639316620066151,0.006639316620066151,0.006368551800368794,Reliable,-12373.003537498293,-13845.78125863157,-20444.83099300274,5543.963469428717,6670.871433456487,11003.068215890115
2026-09-12 10:15:00,0.006640318394608074,0.006640318394608074,0.006640318394608074,0.006640318394608074,0.014392760862293574,Moderate,-5855.162242970893,-7332.907025229949,-13932.376444475474,3383.360068416352,4510.95158108729,8843.540327390578
2026-09-12 10:30:00,0.00664032063452971,0.00664032063452971,0.00664032063452971,0.00664032063452971,0.006099038437420212,Reliable,-12690.59626518718,-14168.352153966638,-20767.82251155949,5981.414965918116,7109.008006914496,11441.597629597765
2026-09-12 10:45:00,0.0066370104330073084,0.0066370104330073084,0.0066370104330073084,0.0066370104330073084,0.01003316064606219,Moderate,-12619.160289447216,-14080.504690471915,-20678.588102322356,4934.559656924207,6059.893826300312,10391.188155561247
2026-09-12 11:00:00,0.006636930504275891,0.006636930504275891,0.006636929634518759,0.006636929634518759,0.006545004425711954,Reliable,-12637.074662805708,-14098.01852579544,-20696.068077846056,4916.476489036013,6041.755514723351,10373.01822321543
2026-09-12 11:15:00,0.006636437761915448,0.006636437761915448,0.006636437761915448,0.006636437761915448,0.015576512940922438,Moderate,-13171.404899786276,-14629.910479235674,-21227.75389870609,4924.186016902135,6049.129340086151,10380.199548375704
2026-09-12 11:30:00,0.006635454933992109,0.006635454933992109,0.006631528059086303,0.006631528059086303,0.04703272707999238,Thin,-5232.671316963259,-6666.843524622623,-13262.628824977166,2273.5144672747147,3395.1062416722734,7724.254588153097
2026-09-12 11:45:00,0.006631460100479302,0.006631460100479302,0.006611397230693825,0.006611406529355336,0.1146902233280634,Very Thin,-1979.311549797409,-3313.927900758446,-9907.935846580387,2735.558988709518,3842.155202822107,8164.666567923824
2026-09-12 12:00:00,0.00661139039601776,0.00661139039601776,0.006600680144357177,0.006600680144357177,0.07853442779765873,Thin,-3307.5283481899064,-4589.136073604173,-11184.517308703467,5465.401140225497,6563.96427222171,10882.96339197787
2026-09-12 12:15:00,0.006594209255419796,0.006594209255419796,0.006573978271408729,0.006573978271408729,0.060286958954714275,Thin,-5246.548492548412,-6396.37832995442,-12995.135478854298,2639.754398596986,3718.2918740666764,8028.535323470137
2026-09-12 12:30:00,0.006573940424951639,0.006573940424951639,0.006573940424951639,0.006573940424951639,0.010497250998813046,Moderate,-7857.367548395137,-9007.010790303886,-15605.77268076164,3604.254794257587,4682.763857111265,8992.994883875816
2026-09-12 12:45:00,0.006573954350593146,0.006573954350593146,0.006573954350593146,0.006573954350593146,0.011113663223119907,Moderate,-7470.796078877098,-8620.50797872429,-15219.268124535425,3463.286149809385,4541.805667122866,8852.041264813912
2026-09-12 13:30:00,0.006573851246357632,0.006573851246357632,0.006568497691932872,0.006568497691932872,0.045152733538239745,Thin,-4651.582473159584,-5774.396645543192,-12373.839142398625,1936.448792013884,3010.87095904652,7319.315102443366
2026-09-12 13:45:00,0.0065685676220826085,0.0065685676220826085,0.006568544340812978,0.006568544340812978,0.009317978242104452,Reliable,-9586.182115205434,-10709.226190116447,-17308.662864409594,3086.7021014546094,4161.159303874678,8469.618765535997
2026-09-12 14:00:00,0.0065685047070915105,0.0065685047070915105,0.0065685047070915105,0.0065685047070915105,0.009618212193797993,Reliable,-14239.480090386867,-15362.3288359553,-21961.770457213297,4155.990381818213,5230.417817555506,9538.864264549304
2026-09-12 14:15:00,0.006568500745223284,0.006568500745223284,0.006568500745223284,0.006568500745223284,0.006069283603457043,Reliable,-14240.439062519114,-15363.26828259644,-21962.71039835578,4155.022079245122,5229.446539438711,9537.89168545744
2026-09-12 14:45:00,0.006568709782704634,0.006568709782704634,0.006568705548816867,0.006568705548816867,0.012673754953341176,Moderate,-14218.463340836483,-15342.301913074632,-21941.718464465845,4211.59236235811,5286.170638213963,9594.68303592215
2026-09-12 15:00:00,0.006568702965549342,0.006568702965549342,0.006568702965549342,0.006568702965549342,0.006056628223871208,Reliable,-14219.089964767332,-15342.915805558783,-21942.33267942581,4210.959663184706,5285.535998918625,9594.047548361561
2026-09-12 15:45:00,0.006567122247830362,0.006567122247830362,0.006563075719230908,0.006563075719230908,0.07604644614592104,Thin,-3756.501051698866,-4857.598033759256,-11452.717130343352,1441.9495573758863,2512.298733414031,6818.962072948096
2026-09-12 16:00:00,0.006562821748349358,0.006562821748349358,0.006561619053544291,0.006561619053544291,0.022911425752011993,Moderate,-9090.634827805303,-10191.609609599573,-16779.856233413957,1856.0342806696428,2925.2889213855688,7231.47370529983
2026-09-12 16:30:00,0.006561562861222355,0.006561562861222355,0.006561562861222355,0.006561562861222355,0.008170933704876315,Reliable,-12045.81101102172,-13146.781078547949,-19734.762601944047,2112.3919060103094,3181.604321508249,7487.770643601362
2026-09-12 16:45:00,0.006561522384858674,0.006561522384858674,0.006561522384858674,0.006561522384858674,0.015096222611207466,Moderate,-12049.554803327756,-13150.521475067479,-19738.312042306883,2104.795595874526,3173.9775956587782,7480.130619313358
2026-09-12 17:00:00,0.006562385157142693,0.006563965463850427,0.006562385157142693,0.006563946729585539,0.010036675186158606,Moderate,-14164.147187968814,-15265.317232956997,-21864.545997769957,2883.416943055347,3954.420536287069,8261.370001832143
2026-09-12 18:00:00,0.006563721379158373,0.006563721379158373,0.006563721379158373,0.006563721379158373,0.006621759872074362,Reliable,-14188.321735827381,-15289.472878219283,-21887.63835668951,2829.565968541049,3900.400253145584,8207.275693126247
2026-09-12 18:30:00,0.006563672820814594,0.006563672820814594,0.006563672820814594,0.006563672820814594,0.006609052261528747,Reliable,-14213.032495299383,-15314.17956453129,-21912.11592872593,2833.236061230985,3904.0338629568587,8210.893351797095
2026-09-12 19:45:00,0.006563670729785078,0.006563710135180839,0.006563670729785078,0.006563705624785235,0.0065663980375257665,Reliable,-14213.791771555738,-15314.941592444555,-21913.032736515044,2841.6843083045333,3912.506756340521,8219.37702110544
2026-09-12 21:00:00,0.006563744369020449,0.006563744369020449,0.006563739901931542,0.006563739901931542,0.006562424215743978,Reliable,-14214.103604755202,-15315.256300866218,-21913.509176063002,2850.4601936948616,3921.308394802876,8228.189919393868
2026-09-12 22:00:00,0.006563526312953409,0.006563526312953409,0.006563521900598731,0.006563521900598731,0.006558648764951047,Reliable,-14262.827955781526,-15363.962365461935,-21961.1866425775,2801.2221168483247,3871.9065282620318,8178.716440290997
2026-09-12 22:15:00,0.0065635192480540975,0.0065635192480540975,0.006563514835706545,0.006563514835706545,0.006558652298163037,Reliable,-14264.406984170739,-15365.54080122738,-21962.731744209486,2799.6264176034947,3870.305520946676,8177.113112167034
2026-09-12 22:30:00,0.006563486896114368,0.006563486896114368,0.006563486896114368,0.006563486896114368,0.010376066227615555,Moderate,-14268.263708108381,-15369.395181507447,-21966.45429783282,2793.0163170250885,3863.6744284663587,8170.472841552008
2026-09-12 22:45:00,0.006563350706885313,0.006563350706885313,0.006291209377349464,0.0063714745446523235,0.26181913266762735,Ghost,-5149.62043145167,-6322.92429221744,-12015.788282642812,1694.7631412638457,2720.211578356186,6963.519289123138
2026-09-12 23:00:00,0.006372275253889705,0.006372275253889705,0.006372275253889705,0.006372275253889705,0.02531916930561784,Moderate,-4074.786387140053,-5248.259881299122,-10944.907355964504,1568.7436483323584,2594.2568576820004,6837.831190320972
2026-09-12 23:30:00,0.006371972512602285,0.006371972512602285,0.006371972512602285,0.006371972512602285,0.026166049959388094,Moderate,-3982.9918678817426,-5156.401224947476,-10851.618174046052,1532.6170757363948,2558.1057957301778,6801.579322898204
2026-09-12 23:45:00,0.006371531734023024,0.006371531734023024,0.006367466245952817,0.006367466245952817,0.03672760008786216,Thin,-5041.362175571654,-6213.840509712792,-11887.743894981671,1787.087124670551,2812.2112548282767,7054.184021815168
2026-09-13 00:15:00,0.006368512764510943,0.006400209220073458,0.006368512764510943,0.006395377167163508,0.09108575036089428,Thin,-4046.777631750085,-5225.145955954399,-11031.036667534649,4186.326733275888,5213.706990322376,9464.966646474197
2026-09-13 01:00:00,0.00639531253990253,0.00639531253990253,0.00639531253990253,0.00639531253990253,0.02560295076186181,Moderate,-4055.1381215878655,-5233.492750965208,-11039.077633222307,4182.497650256292,5209.872688972311,9461.110864924114
2026-09-13 01:15:00,0.006395603630749663,0.006478565134261095,0.006393976533928549,0.00647831564929408,0.1340225035300886,Very Thin,-1280.577696621214,-2374.121973451566,-8570.352811300423,1649.299750298347,2684.528041980478,6963.265141265335
2026-09-13 01:30:00,0.00647871097385601,0.006516797713149278,0.00647871097385601,0.006516797713149278,0.23129869881090123,Very Thin,-1227.0176813035487,-2324.1483487075757,-8701.22468922254,1162.6121632534982,2203.464282976691,6494.897945826802
2026-09-13 02:00:00,0.006516533822436212,0.006516533822436212,0.006516533822436212,0.006516533822436212,0.022502825060147336,Moderate,-3657.443302052467,-4754.549404995493,-11130.384151600745,2738.8497279736594,3779.66339895304,8071.010062951258
2026-09-13 02:15:00,0.006509932487490997,0.006512588819923494,0.006509932487490997,0.006512532919718976,0.13408406214987778,Very Thin,-4395.466528099085,-5492.200154785079,-11849.213274542979,2755.4514472814917,3795.682093348379,8085.709533545007
2026-09-13 02:30:00,0.006512997304454493,0.006512997304454493,0.00651266959300182,0.00651266959300182,0.04897694174231269,Thin,-11633.377424973694,-12730.123777202376,-19087.779779690394,6382.590405164068,7422.840970672311,11712.913483044369
2026-09-13 02:45:00,0.006511859523085896,0.006511859523085896,0.006505209306916117,0.006505209306916117,0.0745521750720481,Thin,-5206.486270948817,-6302.537843758828,-12625.11003280346,2274.155482151093,3313.3184427571105,7600.930006646459
2026-09-13 03:00:00,0.006504955152290956,0.006504955152290956,0.0065032066718487555,0.0065032066718487555,0.018045738746258255,Moderate,-11309.489651960936,-12405.354663724513,-18718.511688518654,3499.5162647892466,4538.387163176611,8825.33787120519
2026-09-13 03:15:00,0.0065031328652535355,0.0065031328652535355,0.006427012916567292,0.006427012916567292,0.1810453643591572,Very Thin,-1255.9410900141809,-2393.123929984441,-8348.870989676276,1102.04059012236,2131.9721192486068,6393.7335699369005
2026-09-13 03:30:00,0.0064267809109994365,0.0064267809109994365,0.0063984289341091445,0.0063984289341091445,0.2285106750183734,Very Thin,-1465.1669545821965,-2673.5594831232365,-8490.203833581798,1433.5400334478097,2461.16667551299,6713.44052566773
2026-09-13 03:45:00,0.0063966285268870614,0.0063966285268870614,0.0063238000627699265,0.0063238000627699265,0.2613289478241253,Ghost,-1118.1912882902186,-2317.7833065767713,-7800.197820658564,1010.3167260559941,2031.905049796862,6259.307702815293
2026-09-13 04:00:00,0.006328045179500387,0.006328045179500387,0.006328045179500387,0.006328045179500387,0.03417710066199464,Thin,-2501.6936524719517,-3700.504328993388,-9201.902899566992,2175.4133330089253,3197.3444912858004,7426.165817162311
2026-09-13 04:15:00,0.006328537825753535,0.006333702086194228,0.006325559978696761,0.006325559978696761,0.05275433421932214,Thin,-2022.2527390486937,-3221.520897771154,-8711.805089191303,1660.3811915314457,2682.11165958993,6910.1025155580455
2026-09-13 04:30:00,0.006325108335250747,0.006325108335250747,0.006324415883334483,0.006324415883334483,0.10809938040726366,Very Thin,-3571.2639634022803,-4770.742668852731,-10255.910798839257,2650.527462918913,3672.1655273043975,7899.774010526722
2026-09-13 04:45:00,0.006324338236869644,0.006324338236869644,0.006323795619784478,0.006323795619784478,0.07910922429062128,Thin,-1655.447113479666,-2855.039949248204,-8337.434597098998,1355.230021162491,2376.817986028734,6604.219153999272
2026-09-13 05:00:00,0.006325417460288583,0.006343503313961683,0.006325417460288583,0.006343456575407016,0.2615789343617984,Ghost,-8197.877765219135,-9398.064643322807,-14968.425678277314,17563.07081704626,18586.25021115249,22820.217866257117
2026-09-13 05:30:00,0.006343628418646389,0.006343628418646389,0.006343628418646389,0.006343628418646389,0.012148817816518998,Moderate,-2528.580100279047,-3728.802287177391,-9299.932661507944,4308.599397856725,5331.792723990927,9565.817727465566
2026-09-13 05:45:00,0.006343572970286928,0.006343572970286928,0.006343572970286928,0.006343572970286928,0.008578090248008152,Reliable,-4486.686502874907,-5686.897296741677,-11257.779428757187,8927.837566074037,9951.026396805599,14185.03289586623
2026-09-13 06:15:00,0.006343229618310955,0.006343229618310955,0.006343229618310955,0.006343229618310955,0.008233385546823957,Reliable,-4722.913849842353,-5828.261129508843,-11397.606094088476,9271.924179530726,10295.085173016018,14528.977085693185
2026-09-13 06:30:00,0.0063432692297893094,0.0063512157488887526,0.0063432692297893094,0.0063512157488887526,0.21023421403249948,Very Thin,-1165.7340987521952,-2272.602989559527,-7877.710062126339,1091.1533788375446,2114.961652600577,6351.51796337869
2026-09-13 06:45:00,0.00635121494123588,0.00635121494123588,0.00635121494123588,0.00635121494123588,0.005007370020724267,Reliable,-4604.602111664502,-5711.470848584205,-11316.574303546051,17112.785154239125,18136.593362562024,22373.149403969128
2026-09-13 07:45:00,0.006351100247481651,0.006351100247481651,0.0063484763894945465,0.0063484763894945465,0.04813858771876852,Thin,-2812.635232676754,-3918.982179438698,-9511.82029028748,6926.526844912939,7950.113137968364,12185.755710144926
2026-09-13 08:00:00,0.00634835210688098,0.00634835210688098,0.006280068198790131,0.006280068198790131,0.2658497002276359,Ghost,-3287.5184995640384,-4402.48276312409,-9688.426092918064,5919.402617857531,6937.452446714614,11150.212564856925
2026-09-13 08:15:00,0.006279044223009029,0.006279044223009029,0.006279044223009029,0.006279044223009029,0.016342580414361763,Moderate,-2979.9763717120627,-4095.189145369043,-9376.520731393355,4908.021066393148,5925.987894490299,10138.404549786985
2026-09-13 08:30:00,0.006267997443581095,0.006267997443581095,0.006251588400783222,0.006251588400783222,0.2663425682889635,Ghost,-3842.633375944627,-4956.070875304682,-10113.862222267408,1906.167048833156,2921.9058518592074,7125.102786376344
2026-09-13 08:45:00,0.00625075415395398,0.00625075415395398,0.006250640639920797,0.006250640639920797,0.046898606763137396,Thin,-3482.978292569775,-4596.20268187529,-9749.733426376444,1727.4096871018598,2743.0714925785514,6945.9498059477355
2026-09-13 09:00:00,0.006250572496779252,0.006250572496779252,0.006250166211559942,0.006250166211559942,0.06570891075222401,Thin,-7397.933774381917,-8511.051486716447,-13662.449565859957,2799.9447651782807,3815.5680251732506,8018.286834691442
2026-09-13 09:15:00,0.006250114991349717,0.006250114991349717,0.006250114991349717,0.006250114991349717,0.011680610745265163,Moderate,-7404.540527726947,-8517.646723058204,-13668.814559447586,2793.230885448579,3808.8499839107426,8011.551572720332
2026-09-13 09:30:00,0.0062500599416332745,0.0062500599416332745,0.006245744379209648,0.006245744379209648,0.04659919136538859,Thin,-6941.504453748392,-8053.62794123633,-13185.152039923954,2040.3543498090976,3055.6182825303736,7256.850171109093
2026-09-13 10:00:00,0.006245726730895319,0.006245726730895319,0.006239812043496773,0.006239812043496773,0.050583307962774327,Thin,-7122.5593387588415,-8233.592241491553,-13338.2192599792,1350.3507877693896,2365.1324467243194,6564.368653332153
2026-09-13 10:30:00,0.0062396385873396175,0.0062396385873396175,0.0062396385873396175,0.0062396385873396175,0.027867667127352114,Moderate,-4054.4759123010135,-5165.479917166639,-10269.317657197647,1165.9632741734915,2180.730828428714,6379.9086688203515
2026-09-13 10:45:00,0.006239635020421071,0.006239635020421071,0.006239635020421071,0.006239635020421071,0.009284928320894892,Reliable,-10853.81507374268,-11964.818484357907,-17068.63999391529,1531.9392503110628,2546.70651451793,6745.883154669586
2026-09-13 11:00:00,0.006242329688047444,0.006242582675121859,0.006242329688047444,0.006242582675121859,0.13118562030679606,Very Thin,-1741.1118302441855,-2852.6063176019848,-7969.841775117614,1081.4731889287198,2096.480117018595,6296.648502779809
2026-09-13 11:30:00,0.006242487245019448,0.006242487245019448,0.006242487245019448,0.006242487245019448,0.027861264124859675,Moderate,-3911.8902697876797,-5023.368858697212,-10140.169999957925,1312.9535202244456,2327.9526901002564,6528.088971838835
2026-09-13 11:45:00,0.006242452918731114,0.006242452918731114,0.006242452918731114,0.006242452918731114,0.008977809001206039,Reliable,-10721.506072536275,-11832.978942758515,-16949.623860761596,2036.8273450130444,3051.8237242382256,7251.94845807278
2026-09-13 12:00:00,0.006242452860711681,0.006242452860711681,0.006242452860711681,0.006242452860711681,0.027861341412888985,Moderate,-3913.6115222775948,-5025.084382833916,-10141.729036783569,1311.1794954990696,2326.1758700073883,6526.300584323263
2026-09-13 12:15:00,0.006242385743404905,0.006242385743404905,0.006242385743404905,0.006242385743404905,0.027861492216444406,Moderate,-3916.9713574266925,-5028.433036378019,-10144.772232037483,1307.7166304101734,2322.7075484090346,6522.809683313988
2026-09-13 12:30:00,0.006242364206503139,0.006242364206503139,0.006242296637920192,0.006242296637920192,0.025959419908951675,Moderate,-3921.4318686316446,-5032.878702786486,-10148.812371605112,1303.11927313544,2318.1029469824575,6518.175105089463
2026-09-13 13:00:00,0.00624228789349904,0.00624228789349904,0.00624228789349904,0.00624228789349904,0.017470340639457627,Moderate,-10628.030640270235,-11739.476017621517,-16855.369889943875,1995.7957200602445,3010.7786829952092,7210.847899299328
2026-09-13 13:15:00,0.006244516822847618,0.0062466938473126465,0.006244516822847618,0.006246660455663449,0.19919572361737264,Very Thin,-10341.7831522293,-11454.112608492806,-16589.753552323436,2828.297974082361,3843.6363595210078,8045.176338558159
2026-09-13 13:45:00,0.006246639162969774,0.006246639162969774,0.006246639162969774,0.006246639162969774,0.008748459759186256,Reliable,-10250.824902761866,-11363.14957158357,-16498.69482330544,2805.987353433646,3821.3240084030513,8022.856826639584
2026-09-13 14:00:00,0.006246962905310318,0.006250651489151464,0.006246962905310318,0.006250651489151464,0.06834176043670048,Thin,-1671.5233530313164,-2784.7501818363085,-7938.329696914945,1194.221954658507,2209.8846415764083,6412.766602409826
2026-09-13 14:15:00,0.006249995042079303,0.006249995042079303,0.006248929622285043,0.006248929622285043,0.06164393729441478,Thin,-5120.304799597357,-6140.130578328991,-11024.992236250733,2034.7325822913301,3050.2553672817553,7252.558404329912
2026-09-13 14:30:00,0.006248221441995143,0.006248221441995143,0.006238992343208952,0.006238992343208952,0.07684521719627586,Thin,-8464.832614114406,-9482.789054795945,-14317.024498850931,1319.5888798390997,2334.3038826085344,6533.2642613424705
2026-09-13 14:45:00,0.006238811697779586,0.006238811697779586,0.006236591666859406,0.006236598802156469,0.07766918360132857,Thin,-3305.785331464578,-4323.360832527849,-9145.338017045264,1007.0179395174624,2021.5382798421788,6219.693132009138
2026-09-13 15:15:00,0.006236562666958875,0.006236562666958875,0.006236517929327058,0.006236517929327058,0.017862568350715334,Moderate,-6021.711043316827,-7039.273673181715,-11860.836711191028,1006.7749810846448,2021.2887435133798,6219.416375894949
2026-09-13 16:00:00,0.006235756174768334,0.006235756174768334,0.00621443252268699,0.00621443252268699,0.1570893487142131,Very Thin,-1543.0925551341834,-2557.1401351966106,-7265.690168003188,1169.5451172389244,2182.260935605692,6372.948551964316
2026-09-13 16:15:00,0.00620744476751663,0.006226411370245225,0.00620744476751663,0.006226411370245225,0.1180963010999696,Very Thin,-1709.8973550395506,-2725.851473531214,-7495.67718801692,2323.172974310379,3336.8643707388946,7531.588996126112
2026-09-13 16:45:00,0.006223607568694511,0.006223607568694511,0.006223607568694511,0.006223607568694511,0.0635621473728969,Thin,-1628.7685770489375,-2644.2764501332153,-7399.755312511112,2023.2667825972142,3036.7299167589645,7230.509977207771
2026-09-13 17:00:00,0.0062235829189128625,0.0062235829189128625,0.0062235829189128625,0.0062235829189128625,0.01020664410990868,Moderate,-3308.8437799428557,-4324.347729823881,-9079.700473217823,8462.870829708481,9476.331956861492,13670.103712170232
2026-09-13 17:30:00,0.006223464186862806,0.006223464186862806,0.006223464186862806,0.006223464186862806,0.006989268737628951,Reliable,-8961.855388686216,-9977.340441441153,-14732.085703099048,29803.045506336264,30816.496966156745,35010.228717379454
2026-09-13 17:45:00,0.00622346170185433,0.00622346170185433,0.00622346170185433,0.00622346170185433,0.002744293123207564,Reliable,-8880.348744005398,-9895.833401251966,-14650.565948642894,29487.236643304666,30500.687900791232,34694.418814742334
2026-09-13 18:15:00,0.006219780168094611,0.006219780168094611,0.006205722581953102,0.006205722581953102,0.08391134851931512,Thin,-1940.4217634620245,-2952.7517001353112,-7616.7791333669265,1598.2667780258246,2610.2726532407864,6798.022476073669
2026-09-13 18:30:00,0.0062049498840623645,0.0062049498840623645,0.006176555252425044,0.006176555252425044,0.2157183952143073,Very Thin,-2897.815355016274,-3897.120675210124,-8414.315693669705,1052.7953654215269,2062.4201904209403,6240.31706391574
2026-09-13 19:00:00,0.006176334987065026,0.006176334987065026,0.006114851748571292,0.006129073124206219,0.23655611845517466,Very Thin,-3818.9204933845404,-4880.182720955909,-9174.084909689656,1882.2452405503993,2887.9818445245614,7049.788992348417
2026-09-13 19:15:00,0.006129288692336565,0.006132742217977399,0.006129288692336565,0.006132742217977399,0.0856678403004077,Thin,-3487.733379108666,-4529.85471618402,-8840.985363419482,2012.0206850040395,3018.0582798242312,7181.110948442914
2026-09-13 19:45:00,0.0061329858148190305,0.006150285235947494,0.0061329858148190305,0.006148610247462619,0.2690167955861625,Ghost,-2012.7523536970682,-2990.700433832924,-7376.390817327947,1923.4201909444575,2930.758469917859,7099.193458902034
2026-09-13 20:00:00,0.006148123111519721,0.006151509075093145,0.006148123111519721,0.006151509075093145,0.01855167654010775,Moderate,-4544.196316809476,-5524.358073841298,-9923.678123790733,6404.950721712658,7412.526432871693,11581.943932548464
2026-09-13 21:00:00,0.006151475781704361,0.006151475781704361,0.006151475781704361,0.006151475781704361,0.00547311894857061,Reliable,-7997.503790046094,-8977.64012038499,-13376.803616490786,12217.368544294839,13224.941528833897,17394.347745569852
2026-09-13 21:30:00,0.006150708188547199,0.006150708188547199,0.006150708188547199,0.006150708188547199,0.005473460920527806,Reliable,-7989.2741609033565,-8968.824283185175,-13364.378463843936,12222.240408900177,13229.750528016039,17398.896603312813
2026-09-13 22:00:00,0.006150635161933096,0.006150635161933096,0.006150635161933096,0.006150635161933096,0.004666809928279614,Reliable,-9084.57733308282,-10064.071686717365,-14459.282497392316,13909.55212381399,14917.056261889227,19086.177587229082
2026-09-13 22:45:00,0.0061506056412411955,0.0061506056412411955,0.0061506056412411955,0.0061506056412411955,0.0046710696193255075,Reliable,-9087.12184060085,-10066.59365007611,-14461.665655415602,13887.499167947582,14895.00088820302,19064.112208438473
2026-09-14 00:15:00,0.006150409593239767,0.006150409593239767,0.006150409593239767,0.006150409593239767,0.01097718293254868,Moderate,-8549.934489978517,-9529.256583948523,-13923.406785113526,12873.8323966283,13881.318059906243,18050.36293526595
2026-09-14 00:30:00,0.006150358784931966,0.006150358784931966,0.006134892153529104,0.006134892153529104,0.1203093551791585,Very Thin,-6618.4531639593315,-7585.209459576241,-11906.437299940684,4145.765883924425,5151.9798049610245,9315.762123574466
2026-09-14 00:45:00,0.006134398786320958,0.006134398786320958,0.006133661316854928,0.006133661316854928,0.033570996057373126,Thin,-9251.782506072812,-10217.516074648,-14532.963094555917,5224.262348558171,6230.375326734628,10393.739936859389
2026-09-14 01:00:00,0.006133603195709039,0.006133603195709039,0.006091328140751708,0.006091328140751708,0.15863361948622776,Very Thin,-1846.3648212800827,-2790.5214250447743,-6893.558030099597,1760.7135134669245,2763.348495348969,6912.320917915822
2026-09-14 01:15:00,0.0060912560356487,0.0060912560356487,0.006089658004791124,0.006089658004791124,0.05780628865515154,Thin,-2831.034468445839,-3774.585875345582,-7868.999273103351,3266.709676391983,4269.2071963365,8417.610791964149
2026-09-14 01:30:00,0.006089139026271343,0.006089959509387803,0.006087042308702594,0.006089959509387803,0.158838076205201,Very Thin,-2064.59959528424,-3008.2602530317013,-7104.2302962781705,2050.0354669511635,3052.557803877942,7201.06409388274
2026-09-14 01:45:00,0.006087549640810284,0.006087549640810284,0.006065192172478868,0.006065192172478868,0.0938776079811295,Thin,-4948.804087586166,-5883.49541659967,-9851.705497426403,1957.806256834067,2958.2879311690644,7098.3498192030565
2026-09-14 02:00:00,0.0060647793200287285,0.0060647793200287285,0.006059773337049057,0.006059773337049057,0.07942413354952826,Thin,-3391.802666024302,-4324.532998291464,-8264.820818852026,1272.2381204338383,2272.2727638377837,6410.484807173992
2026-09-14 02:15:00,0.006058011946915159,0.006058300926914643,0.006058011946915159,0.006058300926914643,0.06440631654119969,Thin,-3721.6022809355354,-4654.0510041183625,-8586.502502964255,1248.3335583120133,2248.246699597161,6385.955958820275
2026-09-14 02:30:00,0.006052923382909948,0.006052923382909948,0.005939595793927819,0.005942835506613999,0.27363107470093984,Ghost,-1164.9214450989227,-2530.0528002802434,-6085.904834916946,1023.283801684357,2013.6224091607457,6111.711589841489
2026-09-14 02:45:00,0.00594122307879376,0.00594122307879376,0.005827402746338675,0.0058504122665208515,0.29533481951821056,Ghost,-1413.799377376404,-3264.2752604950865,-9640.553848603919,1690.9462570481364,2613.382011577233,6429.240122401526
2026-09-14 03:00:00,0.005854931498766594,0.005900624154407277,0.005853982704793957,0.0058773277896674875,0.2950920438633856,Ghost,-1066.075193391993,-3123.386105614053,-9324.98301418363,912.7759913464215,1837.3311991214418,5662.847719910587
2026-09-14 03:15:00,0.005941652002263971,0.005983462107676346,0.005835245969572454,0.005835250756396555,0.2953187460407176,Ghost,-3016.8573074872747,-4692.438336563015,-11166.591681348806,2058.1839786979867,2979.423698561367,6789.831444695653
2026-09-14 03:30:00,0.005835199752741647,0.005896091540573354,0.005835199752741647,0.005857970866411659,0.29447044193823857,Ghost,-1172.21349619344,-3082.483552626606,-9412.434082633103,913.1381016086204,1837.7772780331459,5656.349968618196
2026-09-14 03:45:00,0.005857711336063319,0.005857711336063319,0.005857711336063319,0.005857711336063319,0.024894176272184154,Moderate,-1933.4790226034565,-3841.755633549569,-10173.388727826572,3609.8321717441067,4534.447655507323,8352.927167949918
2026-09-14 04:00:00,0.005855918382264045,0.005855918382264045,0.005855377382807041,0.005855377382807041,0.04494782432367352,Thin,-1247.2445779092523,-2934.3164996699825,-9130.473555199416,1201.9730453909353,2126.375437751767,5944.016907528676
2026-09-14 04:15:00,0.005856540029068754,0.005913567074260823,0.005856540029068754,0.00586198348218087,0.19358697696836646,Very Thin,-1395.650348117052,-3093.3135252966977,-9286.393157014121,1909.7218867343888,2834.727310187464,6654.740371583627
2026-09-14 05:00:00,0.005862237192797683,0.005905043971444122,0.005862237192797683,0.005905043971444122,0.19353341252171177,Very Thin,-2129.5074942109454,-3860.5058052984905,-10062.806019963855,2152.050334297171,3080.6811038069754,6915.86152369738
2026-09-14 05:15:00,0.0059044812427081084,0.0059044812427081084,0.0059044812427081084,0.0059044812427081084,0.1027781373704173,Very Thin,-1518.905341554475,-3249.8168313766887,-9451.682951175835,1428.2214316353893,2356.8079525611083,6191.798724336624
2026-09-14 05:30:00,0.005904465879765656,0.005904465879765656,0.005904465879765656,0.005904465879765656,0.02070109092304917,Moderate,-3332.2340871225497,-5063.143206602882,-11264.997475161728,3467.954153073537,4396.539465948129,8231.525060052416
2026-09-14 05:45:00,0.005903935200117893,0.0059044749883149445,0.005903935200117893,0.0059044749883149445,0.0870619393605977,Thin,-1841.8104722088615,-3486.8045038297673,-9688.665798882244,1791.609950018817,2720.195979136159,6555.184643035592
2026-09-14 06:00:00,0.005904484059265453,0.005904484059265453,0.005904459466187646,0.005904459466187646,0.033825607961268836,Thin,-3329.294775912379,-4974.286638493459,-11176.135959505329,3463.655415040554,4392.240223588746,8227.223656165106
2026-09-14 06:15:00,0.00590459337560104,0.005906089049076244,0.00590459337560104,0.005906089049076244,0.01378949122412796,Moderate,-4011.5983397212603,-5656.817902421115,-11859.92428112287,4588.131489836369,5516.844430479424,9352.37703340213
2026-09-14 07:00:00,0.005906230125103826,0.005984200637270209,0.005906230125103826,0.005984198954623912,0.29131165967597905,Ghost,-2568.556541899893,-4224.653959483066,-10487.941135833971,7319.147024986716,8313.755733536698,12175.52314650897
2026-09-14 07:15:00,0.005984119887741054,0.005984119887741054,0.0059840989451731014,0.0059840989451731014,0.013749548405454327,Moderate,-2600.8393267643964,-4268.887314204939,-10563.781981598226,7371.188710275941,8365.494622198596,12227.228554781279
2026-09-14 08:00:00,0.005983615133942178,0.005983615133942178,0.005970959467011725,0.005970959467011725,0.2864024878976613,Ghost,-1884.0924527316881,-3551.0749500984803,-9837.065083256104,1846.4379328666103,2801.0428168008043,6658.375580969107
2026-09-14 08:15:00,0.005969808903873233,0.005969808903873233,0.005921856821496355,0.005921863347183014,0.2869322949622827,Ghost,-1742.8587459660068,-3403.670076515796,-9656.340003702566,3004.2028460716765,3934.1551877665343,7774.999826721918
2026-09-14 08:45:00,0.005921746366371488,0.005921746366371488,0.005921746366371488,0.005921746366371488,0.01591210192742243,Moderate,-2392.322859059542,-4053.119448254107,-10305.709892627796,5969.961218102637,6899.904374587505,10740.709646006097
2026-09-14 09:00:00,0.005921297815381818,0.005921297815381818,0.005906656442116166,0.005906656442116166,0.10171667585001695,Very Thin,-1360.1755779741302,-3019.069109941564,-9261.40302818728,1243.807489610468,2172.565039520256,6008.288836432916
2026-09-14 09:15:00,0.00590563320079778,0.00590563320079778,0.005904464973236154,0.005904464973236154,0.031411179405506084,Thin,-3281.893218781989,-4935.528584348015,-11158.098146825725,3399.393442274856,4322.613119357419,8135.395333464253
2026-09-14 09:30:00,0.00590444552770661,0.00590444552770661,0.00590444552770661,0.00590444552770661,0.008926337617623181,Reliable,-6338.185431252904,-7991.818350181483,-14214.374719706606,6830.033845562105,7753.252002395981,11566.027699455395
2026-09-14 09:45:00,0.0059042876595591974,0.0059042876595591974,0.0059042876595591974,0.0059042876595591974,0.021631273697956477,Moderate,-3254.0287371901813,-4907.641792958151,-11130.091055313427,3341.9052755106995,4265.111090142947,8077.833878284399
2026-09-14 10:15:00,0.005903916798450062,0.0059039183439773615,0.00590044403500864,0.00590044403500864,0.060841812952,Thin,-2226.1879630810604,-3879.31730889272,-10099.158582472206,1963.4313444687816,2886.3366119031098,6697.771005353823
2026-09-14 10:30:00,0.005900471840518576,0.005900471840518576,0.00585723067063627,0.00585723067063627,0.19405046852675897,Very Thin,-1687.9053925244111,-3335.2543610784187,-9521.025748190814,2152.5122207714207,3071.7397631507597,6868.951874575875
2026-09-14 10:45:00,0.005856449453292837,0.005856449453292837,0.005851851342322991,0.005851851342322991,0.13247198739944382,Very Thin,-1494.532618890266,-3141.1249443282677,-9321.757632420216,1440.5637172176318,2359.3024940776563,6154.770509710678
2026-09-14 11:00:00,0.005851191487383129,0.005851191487383129,0.00583930741682634,0.00583930741682634,0.09622496652055941,Thin,-2023.9378184958098,-3632.73013566168,-9801.379046208202,1538.46250232725,2456.0606652574675,6247.458549351348
2026-09-14 11:15:00,0.005839076948694268,0.005839076948694268,0.005778861827132215,0.005778861827132215,0.2982138651288095,Ghost,-1607.092638051231,-2910.3387337821105,-9021.554117239673,1104.948961078718,2017.0335759978743,5788.757085559207
2026-09-14 11:30:00,0.005778540549208388,0.005778540549208388,0.005778237722300805,0.005778237722300805,0.08897944581268358,Thin,-1769.7429343895828,-3072.168132526352,-9182.792457510861,1192.320598846048,2104.3481359896546,5875.867970978523
2026-09-14 11:45:00,0.005777472089514956,0.0057774829839551695,0.005772510937274204,0.005772526585875906,0.12745219422676018,Very Thin,-1760.429867994261,-3055.3448008021273,-9160.560221095016,1091.4189064589166,2002.9239859335487,5772.579499103503
2026-09-14 12:15:00,0.005772418250899739,0.005772418250899739,0.005772418250899739,0.005772418250899739,0.016532622630939242,Moderate,-5423.118948506578,-6717.891448285444,-12823.004263642311,2429.2160719340673,3340.7112383727167,7110.331378171043
2026-09-14 12:45:00,0.005772774448435617,0.005807394086545171,0.005772774448435617,0.005806249483852244,0.2978192308027363,Ghost,-4589.041094500177,-6009.631726412021,-12146.780932089747,19684.855543497644,20599.441880115464,24380.092456164086
2026-09-14 13:00:00,0.005806310809414786,0.005806310809414786,0.005805187168479471,0.005805187168479471,0.025688280507916005,Moderate,-1786.1578346066963,-3200.7090805844036,-9336.852495403851,3660.512562861662,4575.0019725601105,8355.306677581522
2026-09-14 13:15:00,0.005805182934550623,0.005814811225658985,0.005805182934550623,0.005814811225658985,0.07943449842107823,Thin,-1237.4762113039237,-2706.760627330998,-8852.015624167556,987.8200178853735,1903.187214533107,5686.624187409204
2026-09-14 13:45:00,0.0058147950514180185,0.0058147950514180185,0.0058147950514180185,0.0058147950514180185,0.019440570101804555,Moderate,-1245.458402711584,-2714.6507975321338,-8859.890482132556,9130.120202931168,10045.485924975188,13828.917635920887
2026-09-14 14:00:00,0.005815035096464222,0.0058494646102659744,0.005815035096464222,0.0058494646102659744,0.1339968278985008,Very Thin,-1868.6251857014356,-3514.881687888007,-9693.2343278709,2129.2664569181243,3047.7883034679576,6842.482231678191
2026-09-14 14:15:00,0.005850259974095657,0.005851055500248751,0.005848624849255098,0.005848743597637501,0.13252046011356855,Very Thin,-3010.4642573011934,-4656.619296500482,-10834.283142557906,3662.46711735855,4580.923422296185,8375.383473840566
2026-09-14 14:30:00,0.005849992557143754,0.005853964665298827,0.005849992557143754,0.005853835477373183,0.140492132936763,Very Thin,-2409.5051646951515,-4056.3766141631922,-10238.904711559679,3515.237402321473,4434.156483738061,8230.267892585098
2026-09-14 15:00:00,0.005853798257952407,0.005853798257952407,0.005853744285098326,0.005853744285098326,0.017889972528950436,Moderate,-2851.5551083434493,-4498.413730107393,-10680.854713871977,4381.382509937946,5300.29330509734,9096.375145520013
2026-09-14 15:15:00,0.005853994607047252,0.005853994607047252,0.005842760875093868,0.005842760875093868,0.055923469949784345,Thin,-1822.4314490718664,-3450.913966335393,-9622.862256823837,1601.2582692565709,2519.1705758244198,6311.689440378003
2026-09-14 15:30:00,0.005842261319798416,0.005842261319798416,0.0058402701905216564,0.0058402701905216564,0.11207911482518455,Very Thin,-5875.772335480657,-7490.053435901977,-13659.622175723707,4628.859073869381,5546.544824791552,9338.255255172297
2026-09-14 15:45:00,0.00583987394221662,0.00583987394221662,0.005835474568919816,0.005835474568919816,0.04538214581155977,Thin,-3806.704269443564,-5393.649749669441,-11558.63669658732,2409.9282158179703,3327.1776151705485,7117.33098207949
2026-09-14 16:00:00,0.005834572618068203,0.005834572618068203,0.005770711091243515,0.005770711091243515,0.29789500921906387,Ghost,-1259.7383933890512,-2527.844201858214,-8631.340137597823,901.0747128906843,1812.4136558590442,5581.476332648237
2026-09-14 16:15:00,0.005769489569056007,0.005769489569056007,0.005739739184920958,0.005763386544330688,0.2992293891980404,Ghost,-1236.5874232432716,-2484.500869155191,-8581.059286388028,900.5026811684282,1811.1710869054612,5577.841039336233
2026-09-14 16:30:00,0.005762938710312982,0.005762938710312982,0.005718036338673557,0.005718036338673557,0.300048957060041,Ghost,-1076.5467333050535,-2216.7092182203833,-8271.508188814047,896.800036704949,1803.4600323744744,5555.281369803197
2026-09-14 16:45:00,0.005718809121908926,0.005759740361211575,0.005718809121908926,0.005754114353854033,0.2991702811611617,Ghost,-1398.106892287562,-2620.4756526446063,-8708.377350609611,4511.853812319431,5421.672769320935,9185.311575104344
2026-09-14 17:00:00,0.00575410819816926,0.00575410819816926,0.00575410819816926,0.00575410819816926,0.02412850405325595,Moderate,-1398.5505764356542,-2620.955943404971,-8708.897039984991,4511.502515642928,5421.378596379551,9185.254105507072
2026-09-14 17:15:00,0.005754454267104529,0.005815469891045247,0.005754454267104529,0.005782176578152173,0.29813210063765816,Ghost,-1517.5682074885385,-2817.359518572023,-8931.748366020192,1073.638737601611,1986.084281285308,5759.128662739217
2026-09-14 17:30:00,0.005782085021079208,0.0058730674026388,0.005764138850124216,0.005779775147258599,0.2977160758224296,Ghost,-1288.4621130992907,-2581.6257831978114,-8693.74133231726,901.8391740766428,1814.0651279444235,5586.325925035462
2026-09-14 17:45:00,0.005780510068285315,0.0058119193151541645,0.005780510068285315,0.005807221722125549,0.2976015098627678,Ghost,-1246.4422832641606,-2672.6144714659345,-8810.708847914952,975.054599352504,1889.7875899110077,5670.994497457057
2026-09-14 18:00:00,0.005801550271301802,0.005801550271301802,0.005711015957200832,0.005711015957200832,0.2994257577677206,Ghost,-1071.1347768037094,-2175.0717067579617,-8223.488894618027,896.2170981793336,1802.377813541474,5552.13309476443
2026-09-14 18:15:00,0.005710499340032621,0.005710499340032621,0.005710499340032621,0.005710499340032621,0.10089377578499459,Very Thin,-1603.016448305052,-2705.5356099338806,-8753.478820911403,1020.7175234893576,1926.8372523813605,5676.422928775604
2026-09-14 18:30:00,0.005711333926358144,0.005746162312238768,0.005711333926358144,0.005746162312238768,0.1704635818755768,Very Thin,-1763.6874558268623,-2964.217157002151,-9044.872060865917,3402.217665584896,4311.365218739427,8072.641049831506
2026-09-14 18:45:00,0.005746452846931697,0.005751374444700812,0.005746452846931697,0.005750825307210453,0.04919800395316467,Thin,-1620.589640935996,-2833.955251919944,-8912.778037030128,4422.168267216104,5331.743413382569,9094.545067502568
2026-09-14 19:00:00,0.0057507365548504635,0.0057507365548504635,0.005704838603832742,0.005704838603832742,0.2974634125700631,Ghost,-1059.6003393416404,-2164.0059749655134,-8206.016276202423,903.7487652977849,1817.6186206673556,5571.462652217838
2026-09-14 19:15:00,0.005703231700089971,0.005735526516268526,0.005691279734048924,0.0057352618308296735,0.2978318527879077,Ghost,-2144.1374468903323,-3322.3127607187084,-9398.678755480525,2663.935856677797,3580.3043504242337,7345.798416060251
2026-09-14 19:30:00,0.005734495618789564,0.0057351658737274935,0.005734231004708084,0.005734984090936484,0.06276693058810809,Thin,-2713.8029798824937,-3891.214392065401,-9967.35635092054,3546.412418163247,4462.7552146418175,8228.143064666676
2026-09-14 20:15:00,0.005734917869841007,0.005734917869841007,0.005734917869841007,0.005734917869841007,0.00792515462566512,Reliable,-5788.1215005146305,-6965.350779330387,-13041.439321397915,8457.456259328532,9373.792928755181,13139.155453575537
2026-09-14 20:30:00,0.005734927521179227,0.005752278687179235,0.005734927521179227,0.00575226290267261,0.2399356407525558,Very Thin,-1949.1335071642136,-3174.1014680921444,-9264.177962287655,10054.455494682004,10972.395791900719,14744.386659737935
2026-09-14 20:45:00,0.005754341936642391,0.005793728168325514,0.005754341936642391,0.005793720741232671,0.2958143973866785,Ghost,-5177.34964591483,-6534.471943829161,-12659.0184584626,7862.407769918682,8784.171266446652,12571.964726736493
2026-09-14 21:00:00,0.005793719226599558,0.005793719226599558,0.005793719226599558,0.005793719226599558,0.020181527560781287,Moderate,-2920.1691972831827,-4277.282891851861,-10401.828141109574,3922.197234154033,4843.960591254412,8631.753475242214
2026-09-14 21:15:00,0.0057936024879000425,0.0057936024879000425,0.0057935250238545484,0.0057935250238545484,0.06777776963858118,Thin,-2904.444143036565,-4260.454745513938,-10384.837750866638,3853.200722866709,4774.946202732653,8562.665193986337
2026-09-14 21:45:00,0.005793705911408052,0.0058642253479395876,0.005793705911408052,0.0058642253479395876,0.19339968930714496,Very Thin,-1246.6637093538905,-2902.768201388286,-9086.598111148836,1326.3175284750748,2279.4444462633887,6093.98304876162
2026-09-14 22:00:00,0.005864173349845633,0.005884330723190409,0.005864173349845633,0.005884330723190409,0.19274533940343647,Very Thin,-2622.1320687085513,-4281.015467432136,-10479.04041538615,1471.018335439737,2453.1510015714393,6275.329060434054
2026-09-14 22:15:00,0.0058842572286403735,0.0058842572286403735,0.0058842572286403735,0.0058842572286403735,0.08760029915913226,Thin,-1769.9351649429016,-3428.809276974855,-9626.792542168714,1272.5827436373727,2254.6102215437727,6076.759627372637
2026-09-14 22:30:00,0.005883319567596686,0.005913300915621002,0.005883319567596686,0.005913300915621002,0.11917913236188582,Very Thin,-1843.5170594302374,-3506.0555530911897,-9720.493737843146,2273.6958327966954,3285.514829858282,7118.973482126743
2026-09-14 22:45:00,0.0059145150633564715,0.005958799541187824,0.0059145150633564715,0.005958799541187824,0.2863770064088893,Ghost,-1547.56542921579,-3214.7791693279705,-9455.968501903313,1282.5454286438637,2297.944307429306,6149.063864441859
2026-09-14 23:00:00,0.005958795677572771,0.005958795677572771,0.005958773598531716,0.005958773598531716,0.025307337206924508,Moderate,-3544.0241112174726,-5211.236000257667,-11452.409296713604,2884.268057413398,3899.6648989038945,7750.774405173147
2026-09-14 23:15:00,0.005958534552740748,0.005958534552740748,0.005951654107140364,0.005951654107140364,0.08934282333794141,Thin,-3802.2052872955624,-5468.908738062873,-11705.680295709497,2389.943845069722,3404.7814202035806,7253.131854913238
2026-09-14 23:45:00,0.0059503396734812905,0.0059503396734812905,0.005944343129690035,0.005944343129690035,0.03616860090523048,Thin,-3405.7228408742703,-5071.9032541189345,-11304.152780210583,1773.6809330624224,2787.9438515655565,6633.4592886974315
2026-09-15 00:00:00,0.005944025353947821,0.005944025353947821,0.005944025353947821,0.005944025353947821,0.03589065562369087,Thin,-3416.84703594551,-5083.004693805716,-11315.05762346314,1760.5893497111663,2774.8272824293554,6620.219455274359
2026-09-15 00:15:00,0.005944500731498868,0.005954551168111106,0.005944500731498868,0.005954551168111106,0.09614580491410485,Thin,-1955.7534626526904,-3622.6639140224893,-9861.226846212383,1540.4629568704538,2555.528148818351,6405.001502993238
2026-09-15 00:30:00,0.0059548499679006285,0.005983408043893608,0.0059548499679006285,0.005983408043893608,0.285321414255304,Ghost,-1738.4853001734607,-3407.4496267331865,-9663.839493915015,1534.011681894917,2609.0690216778557,6469.712608962429
2026-09-15 01:15:00,0.005982881051408,0.005982881051408,0.00595785773280435,0.00595785773280435,0.2857891892739499,Ghost,-1542.2040224580423,-3209.3505546936944,-9449.957704986742,1282.378599193716,2297.703514264865,6148.45818041966
2026-09-15 01:30:00,0.005950628281835536,0.005950628281835536,0.005865831382447845,0.005865831382447845,0.192544345762634,Very Thin,-1455.8542953456595,-3112.1855503984657,-9297.369390878412,1124.0864162742,2079.535537409618,5894.681493032541
2026-09-15 01:45:00,0.005865545226720063,0.005865545226720063,0.005864143588009168,0.005864414685133308,0.0359642378014958,Thin,-2706.5356712765597,-4362.666898269744,-10546.656426845791,9508.838545211043,10462.239246666673,14276.849455024074
2026-09-15 02:00:00,0.005864327340214674,0.005864327340214674,0.005864327340214674,0.005864327340214674,0.01583982246086668,Moderate,-2714.9056181589935,-4371.024511850889,-10554.940405252704,9460.054573485913,10413.328973776413,14227.906149106204
2026-09-15 02:15:00,0.005864302149648938,0.005864302149648938,0.005864302149648938,0.005864302149648938,0.015839856613829806,Moderate,-2725.2006605506,-4381.3159972602625,-10565.210654006765,9489.63744807477,10442.875422513429,14257.443070962212
2026-09-15 02:30:00,0.005864374769044209,0.005906782282903687,0.005864374769044209,0.005906782282903687,0.1925140992216586,Very Thin,-1326.4074965298137,-2988.1245140397796,-9198.872537949845,1278.176354452849,2209.9788393143335,6040.901639505566
2026-09-15 02:45:00,0.005907156707801081,0.005925084007243656,0.005907156707801081,0.005925084007243656,0.09706959659560677,Thin,-1376.9564537114823,-3040.978434928306,-9262.08254115952,1334.8585948825023,2268.1035235319478,6106.142442160295
2026-09-15 03:00:00,0.00592508148512561,0.005925178562613537,0.00592508148512561,0.005925178562613537,0.018826598303552666,Moderate,-2341.476439335747,-4005.5103176908196,-10226.66789273174,8290.129105813277,9223.381481021052,13061.45713632607
2026-09-15 03:30:00,0.005925275661080001,0.005925275661080001,0.005925275661080001,0.005925275661080001,0.01171658217762217,Moderate,-2328.6263910301404,-3992.6724863790405,-10213.884967909848,8303.563713137435,9236.823735119246,13074.937114840404
2026-09-15 04:00:00,0.005925396004889101,0.005928367091388887,0.005925396004889101,0.005928367091388887,0.007967661612832244,Reliable,-2186.688100485174,-3851.1230972032504,-10074.083495397894,12471.438647843434,13404.94209580784,17244.256387576494
2026-09-15 04:15:00,0.005929385857581906,0.005982813107037047,0.005929385857581906,0.005982808547055602,0.28627381145222874,Ghost,-2101.467745161337,-3770.389550394589,-10026.409369888936,3626.183257951702,4619.913899522651,8480.325701383093
2026-09-15 04:45:00,0.005983034645308362,0.005983034645308362,0.005981364794536703,0.005981364794536703,0.04374051132508296,Thin,-2017.8768946211444,-3686.696271214737,-9941.82486175381,2826.6138585776844,3815.950938563295,7675.804489999191
2026-09-15 05:00:00,0.0059811626056666045,0.0059811626056666045,0.005977244691151146,0.005979956049794246,0.07342290456209155,Thin,-1870.6239594654198,-3539.3433561429124,-9793.60225608014,2047.3060137838502,3032.355555099669,6891.664327491005
